datetime,open,high,low,close
2024-06-25 19:00:00,2329.72998,2337.1499,2324.11011,2324.22998
2024-06-25 23:00:00,2324.18994,2328.22998,2315.6001,2317.93994
2024-06-26 03:00:00,2317.8501,2320.62012,2316.88989,2319.57007
2024-06-26 07:00:00,2319.38989,2324.02002,2317.84009,2318.51001
2024-06-26 11:00:00,2318.18994,2321.65991,2310.65991,2316.87988
2024-06-26 15:00:00,2316.8999,2318.18994,2309.72998,2315.69995
2024-06-26 19:00:00,2316.12012,2318.43994,2304.51001,2310.46997
2024-06-26 23:00:00,2310.21997,2311.62012,2293.80005,2299.81006
2024-06-27 03:00:00,2299.77002,2303.090088,2297.11011,2298.26001
2024-06-27 07:00:00,2298.63989,2300.17993,2296.93994,2299.13989
2024-06-27 11:00:00,2299.30005,2301.21997,2296.93994,2300.40991
2024-06-27 15:00:00,2300.59009,2308.47998,2296.6001,2307.68994
2024-06-27 19:00:00,2307.61011,2325.42993,2307.44995,2322.98999
2024-06-27 23:00:00,2322.55005,2330.93994,2319.6499,2325.51001
2024-06-28 03:00:00,2325.55005,2328.53003,2322.56006,2327.62012
2024-06-28 07:00:00,2327.6001,2328.34009,2321.56006,2321.68994
2024-06-28 11:00:00,2321.68994,2325.030029,2319.18994,2321.32007
2024-06-28 15:00:00,2321.28003,2331.96997,2321.12012,2328.82007
2024-06-28 19:00:00,2328.82007,2339.27002,2327.34009,2335.51001
2024-06-28 23:00:00,2335.96997,2339.71997,2322.96997,2330.02002
2024-06-29 03:00:00,2330.18994,2332.76001,2323.02002,2326.68994
2024-07-01 07:00:00,2324.6499,2326.18994,2322.30005,2324.8501
2024-07-01 11:00:00,2324.3501,2328.47998,2321.53003,2323.72998
2024-07-01 15:00:00,2323.68994,2329.02002,2318.67993,2326.01001
2024-07-01 19:00:00,2325.93994,2338.56006,2325.55005,2327.43994
2024-07-01 23:00:00,2327.68994,2334.3501,2319.3999,2328.26001
2024-07-02 03:00:00,2328.22998,2332.40991,2326.84009,2331.72998
2024-07-02 07:00:00,2332.22998,2333.92993,2331.40991,2333.1001
2024-07-02 11:00:00,2333.060059,2334.37988,2324.97998,2327.38989
2024-07-02 15:00:00,2327.36011,2332.52002,2323.40991,2331.27002
2024-07-02 19:00:00,2331.26001,2331.8999,2319.42993,2327.53003
2024-07-02 23:00:00,2327.72998,2336.78003,2321.030029,2322.88989
2024-07-03 03:00:00,2322.87988,2331.3501,2322.17993,2329.46997
2024-07-03 07:00:00,2330.16992,2332.21997,2329.72998,2330.34009
2024-07-03 11:00:00,2330.34009,2335.31006,2327.060059,2334.56006
2024-07-03 15:00:00,2334.53003,2347.61011,2332.02002,2344.71997
2024-07-03 19:00:00,2344.76001,2356.12012,2342.19995,2350.51001
2024-07-03 23:00:00,2350.38989,2364.93994,2347.69995,2356.8501
2024-07-04 03:00:00,2356.67993,2360.90991,2353.78003,2356.13989
2024-07-04 07:00:00,2357.030029,2359.62012,2356.1499,2358.6001
2024-07-04 11:00:00,2358.57007,2362.55005,2357.30005,2358.63989
2024-07-04 15:00:00,2358.6001,2359.6499,2350.81006,2358.90991
2024-07-04 19:00:00,2358.93994,2360.43994,2355.80005,2357.8501
2024-07-04 23:00:00,2357.82007,2361.88989,2355.78003,2357.8999
2024-07-05 03:00:00,2357.90991,2358.070068,2356.21997,2357.44995
2024-07-05 07:00:00,2356.80005,2359.030029,2354.36011,2358.8999
2024-07-05 11:00:00,2358.92993,2364.73999,2356.97998,2363.98999
2024-07-05 15:00:00,2364.060059,2367.97998,2362.3501,2366.55005
2024-07-05 19:00:00,2366.52002,2376.070068,2349.80005,2372.21997
2024-07-05 23:00:00,2372.19995,2388.34009,2370.77002,2386.56006
2024-07-06 03:00:00,2386.62012,2392.96997,2384.65991,2391.62012
2024-07-08 07:00:00,2389.57007,2390.19995,2384.6499,2386.72998
2024-07-08 11:00:00,2386.44995,2391.19995,2380.96997,2385.02002
2024-07-08 15:00:00,2385.11011,2386.87988,2372.02002,2372.90991
2024-07-08 19:00:00,2372.93994,2377.55005,2368.42993,2372.8501
2024-07-08 23:00:00,2373.02002,2379.61011,2351.23999,2358.76001
2024-07-09 03:00:00,2358.82007,2359.8999,2354.97998,2359.20996
2024-07-09 07:00:00,2359.13989,2363.73999,2358.67993,2361.8999
2024-07-09 11:00:00,2362.1499,2368.8501,2360.6499,2367.40991
2024-07-09 15:00:00,2367.3501,2368.43994,2358.34009,2361.73999
2024-07-09 19:00:00,2361.81006,2365.55005,2356.18994,2360.15991
2024-07-09 23:00:00,2360.18994,2370.93994,2349.62012,2357.56006
2024-07-10 03:00:00,2357.56006,2365.6001,2357.56006,2363.82007
2024-07-10 07:00:00,2364.42993,2366.43994,2363.32007,2364.72998
2024-07-10 11:00:00,2364.78003,2370.31006,2363.3999,2367.78003
2024-07-10 15:00:00,2367.80005,2374.97998,2367.27002,2372.87988
2024-07-10 19:00:00,2372.86011,2381.92993,2371.77002,2377.8501
2024-07-10 23:00:00,2377.86011,2386.68994,2374.060059,2377.92993
2024-07-11 03:00:00,2377.90991,2378.6001,2370.01001,2371.37988
2024-07-11 07:00:00,2372.12012,2374.38989,2371.27002,2374.25
2024-07-11 11:00:00,2374.25,2382.55005,2373.22998,2382.030029
2024-07-11 15:00:00,2382.050049,2384.1001,2378.56006,2381.47998
2024-07-11 19:00:00,2381.46997,2409.71997,2379.090088,2406.47998
2024-07-11 23:00:00,2406.3999,2424.6001,2395.93994,2411.84009
2024-07-12 03:00:00,2411.73999,2418.68994,2410.1001,2415.3501
2024-07-12 07:00:00,2414.8501,2416.38989,2411.30005,2412.060059
2024-07-12 11:00:00,2411.80005,2414.15991,2406.73999,2408.65991
2024-07-12 15:00:00,2408.72998,2410.21997,2400.3999,2407.6001
2024-07-12 19:00:00,2407.47998,2408.3501,2391.53003,2397.93994
2024-07-12 23:00:00,2398.65991,2416.94995,2396.92993,2415.87988
2024-07-13 03:00:00,2415.97998,2418.31006,2411.11011,2411.11011
2024-07-15 07:00:00,2411.66992,2412.27002,2405.73999,2408.59009
2024-07-15 11:00:00,2408.30005,2413.37988,2405.070068,2411.55005
2024-07-15 15:00:00,2411.56006,2413.96997,2401.36011,2412.11011
2024-07-15 19:00:00,2411.97998,2420.81006,2407.81006,2414.94995
2024-07-15 23:00:00,2415.02002,2439.53003,2411.57007,2430.48999
2024-07-16 03:00:00,2430.3501,2430.3501,2419.86011,2422.28003
2024-07-16 07:00:00,2421.97998,2422.8501,2420.070068,2421.30005
2024-07-16 11:00:00,2421.30005,2431.52002,2421.30005,2429.36011
2024-07-16 15:00:00,2429.23999,2439.31006,2428.26001,2436.6001
2024-07-16 19:00:00,2436.61011,2444.060059,2429.52002,2432.77002
2024-07-16 23:00:00,2432.46997,2465.27002,2431.1001,2459.1499
2024-07-17 03:00:00,2459.18994,2469.6001,2458.77002,2468.67993
2024-07-17 07:00:00,2468.59009,2473.31006,2466.28003,2468.80005
2024-07-17 11:00:00,2468.69995,2482.40991,2464.070068,2467.82007
2024-07-17 15:00:00,2467.77002,2478.93994,2462.050049,2475.030029
2024-07-17 19:00:00,2475.15991,2476.42993,2466.76001,2473.43994
2024-07-17 23:00:00,2473.43994,2483.73999,2452.88989,2455.78003
2024-07-18 03:00:00,2455.72998,2460.43994,2451.6499,2458.65991
2024-07-18 07:00:00,2458.90991,2461.90991,2457.57007,2458.8999
2024-07-18 11:00:00,2458.8501,2468.94995,2457.68994,2465.36011
2024-07-18 15:00:00,2465.36011,2474.93994,2464.78003,2466.02002
2024-07-18 19:00:00,2465.98999,2468.86011,2461.67993,2463.69995
2024-07-18 23:00:00,2464.36011,2469.84009,2455.93994,2456.27002
2024-07-19 03:00:00,2456.18994,2457.6001,2440.47998,2445.090088
2024-07-19 07:00:00,2445.46997,2445.61011,2426.32007,2434.42993
2024-07-19 11:00:00,2434.44995,2434.44995,2420.72998,2425.59009
2024-07-19 15:00:00,2425.57007,2426.17993,2413.030029,2420.53003
2024-07-19 19:00:00,2420.71997,2421.18994,2401.63989,2403.8501
2024-07-19 23:00:00,2403.97998,2408.44995,2393.98999,2399.76001
2024-07-20 03:00:00,2399.84009,2400.8501,2395.81006,2400.78003
2024-07-22 07:00:00,2403.84009,2412.02002,2402.65991,2407.96997
2024-07-22 11:00:00,2407.86011,2412.15991,2403.36011,2405.67993
2024-07-22 15:00:00,2405.68994,2407.3999,2399.1001,2400.87988
2024-07-22 19:00:00,2400.94995,2408.46997,2388.93994,2394.38989
2024-07-22 23:00:00,2394.52002,2400.18994,2384.02002,2393.11011
2024-07-23 03:00:00,2393.30005,2400.050049,2391.87988,2396.57007
2024-07-23 07:00:00,2397.060059,2400.34009,2394.86011,2400.030029
2024-07-23 11:00:00,2400.030029,2403.96997,2396.030029,2396.61011
2024-07-23 15:00:00,2396.6499,2407.17993,2388.37988,2404.1001
2024-07-23 19:00:00,2404.1001,2412.090088,2403.23999,2405.48999
2024-07-23 23:00:00,2405.52002,2407.71997,2399.61011,2405.43994
2024-07-24 03:00:00,2405.42993,2410.050049,2402.81006,2409.67993
2024-07-24 07:00:00,2408.8501,2410.31006,2407.94995,2408.38989
2024-07-24 11:00:00,2408.38989,2418.43994,2405.13989,2417.93994
2024-07-24 15:00:00,2417.87988,2419.1499,2410.81006,2411.84009
2024-07-24 19:00:00,2411.8999,2422.090088,2409.8999,2421.47998
2024-07-24 23:00:00,2421.53003,2431.98999,2413.8999,2419.1001
2024-07-25 03:00:00,2419.1001,2419.63989,2396.86011,2397.29004
2024-07-25 07:00:00,2398.12012,2401.31006,2393.17993,2397.15991
2024-07-25 11:00:00,2397.22998,2400.060059,2366.8999,2377.67993
2024-07-25 15:00:00,2377.6499,2378.71997,2365.97998,2374.73999
2024-07-25 19:00:00,2374.46997,2382.53003,2362.88989,2371.01001
2024-07-25 23:00:00,2371.3501,2376.12012,2357.6499,2362.69995
2024-07-26 03:00:00,2362.80005,2365.40991,2353.22998,2364.71997
2024-07-26 07:00:00,2364.33008,2365.48999,2362.13989,2362.76001
2024-07-26 11:00:00,2362.72998,2379.3501,2355.87988,2369.86011
2024-07-26 15:00:00,2369.8501,2375.38989,2365.31006,2373.060059
2024-07-26 19:00:00,2373.030029,2379.070068,2370.42993,2377.57007
2024-07-26 23:00:00,2377.63989,2390.80005,2374.27002,2389.27002
2024-07-27 03:00:00,2389.21997,2389.21997,2381.23999,2387.070068
2024-07-29 07:00:00,2388.01001,2403.25,2387.90991,2400.1499
2024-07-29 11:00:00,2400.67993,2402.56006,2388.73999,2394.93994
2024-07-29 15:00:00,2394.93994,2396.30005,2387.1001,2390.40991
2024-07-29 19:00:00,2390.40991,2395.43994,2385.56006,2393.8999
2024-07-29 23:00:00,2393.80005,2396.67993,2369.81006,2378.15991
2024-07-30 03:00:00,2378.30005,2385.44995,2377.02002,2383.57007
2024-07-30 07:00:00,2382.8501,2384.98999,2380.31006,2381.8999
2024-07-30 11:00:00,2381.8999,2388.31006,2376.55005,2386.48999
2024-07-30 15:00:00,2386.3999,2392.02002,2386.15991,2389.51001
2024-07-30 19:00:00,2389.52002,2392.46997,2385.8501,2386.6001
2024-07-30 23:00:00,2387.060059,2400.32007,2383.55005,2400.32007
2024-07-31 03:00:00,2400.02002,2412.82007,2399.97998,2411.050049
2024-07-31 07:00:00,2409.73999,2410.97998,2407.96997,2409.070068
2024-07-31 11:00:00,2409.37988,2421.43994,2403.94995,2421.27002
2024-07-31 15:00:00,2421.28003,2425.53003,2415.53003,2421.56006
2024-07-31 19:00:00,2421.56006,2423.30005,2417.46997,2420.52002
2024-07-31 23:00:00,2421.13989,2429.02002,2417.97998,2426.94995
2024-08-01 03:00:00,2427.060059,2450.96997,2421.68994,2447.51001
2024-08-01 07:00:00,2448.92993,2449.44995,2444.34009,2447.6001
2024-08-01 11:00:00,2447.6001,2458.40991,2437.44995,2444.30005
2024-08-01 15:00:00,2444.27002,2448.92993,2433.30005,2433.8999
2024-08-01 19:00:00,2433.87988,2454.82007,2430.36011,2450.77002
2024-08-01 23:00:00,2450.52002,2462.27002,2442.22998,2444.6001
2024-08-02 03:00:00,2444.56006,2447.57007,2435.02002,2446.3999
2024-08-02 07:00:00,2446.51001,2452.3999,2443.82007,2449.11011
2024-08-02 11:00:00,2449.12012,2460.38989,2435.17993,2457.8999
2024-08-02 15:00:00,2457.90991,2468.47998,2457.73999,2462.13989
2024-08-02 19:00:00,2462.12012,2477.72998,2456.050049,2473.02002
2024-08-02 23:00:00,2472.97998,2474.37988,2411.19995,2430.52002
2024-08-03 03:00:00,2430.78003,2442.67993,2423.18994,2442.67993
2024-08-05 07:00:00,2441.28003,2446.37988,2414.090088,2422.34009
2024-08-05 11:00:00,2422.19995,2458.53003,2420.45996,2452.77002
2024-08-05 15:00:00,2452.67993,2452.67993,2422.22998,2425.050049
2024-08-05 19:00:00,2425.13989,2428.82007,2364.42993,2374.6001
2024-08-05 23:00:00,2375.76001,2412.26001,2375.6499,2403.17993
2024-08-06 03:00:00,2403.1001,2413.1001,2400.32007,2410.11011
2024-08-06 07:00:00,2410.76001,2418.3501,2404.48999,2415.96997
2024-08-06 11:00:00,2416.070068,2417.80005,2405.98999,2408.1499
2024-08-06 15:00:00,2408.18994,2415.37988,2394.8999,2411.22998
2024-08-06 19:00:00,2411.31006,2416.37988,2391.93994,2393.01001
2024-08-06 23:00:00,2393.34009,2403.13989,2381.84009,2390.030029
2024-08-07 03:00:00,2390.02002,2396.060059,2386.52002,2389.8999
2024-08-07 07:00:00,2390.090088,2390.62012,2381.31006,2386.56006
2024-08-07 11:00:00,2385.88989,2394.80005,2379.070068,2392.84009
2024-08-07 15:00:00,2392.81006,2397.69995,2388.11011,2393.3999
2024-08-07 19:00:00,2393.69995,2406.97998,2392.55005,2403.87988
2024-08-07 23:00:00,2403.8999,2404.8501,2392.1001,2399.77002
2024-08-08 03:00:00,2399.76001,2399.76001,2381.96997,2383.1001
2024-08-08 07:00:00,2382.36011,2388.86011,2381.070068,2385.67993
2024-08-08 11:00:00,2385.6499,2396.47998,2385.1001,2394.3999
2024-08-08 15:00:00,2394.12012,2400.68994,2392.53003,2394.63989
2024-08-08 19:00:00,2394.6499,2415.47998,2393.94995,2408.1499
2024-08-08 23:00:00,2407.6001,2424.3501,2402.43994,2418.18994
2024-08-09 03:00:00,2418.19995,2427.6499,2415.93994,2427.27002
2024-08-09 07:00:00,2426.84009,2427.73999,2422.67993,2423.96997
2024-08-09 11:00:00,2424.11011,2428.8999,2419.43994,2423.97998
2024-08-09 15:00:00,2423.84009,2427.090088,2416.97998,2424.63989
2024-08-09 19:00:00,2424.56006,2432.68994,2422.80005,2429.71997
2024-08-09 23:00:00,2429.72998,2435.93994,2421.30005,2434.51001
2024-08-10 03:00:00,2434.81006,2437.1001,2427.3501,2431.13989
2024-08-12 07:00:00,2428.30005,2433.3999,2426.88989,2428.56006
2024-08-12 11:00:00,2428.56006,2433.61011,2423.8999,2433.46997
2024-08-12 15:00:00,2433.48999,2443.8501,2429.18994,2442.050049
2024-08-12 19:00:00,2441.97998,2445.47998,2439.77002,2444.46997
2024-08-12 23:00:00,2444.47998,2466.15991,2442.19995,2463.17993
2024-08-13 03:00:00,2463.18994,2473.19995,2461.8501,2472.13989
2024-08-13 07:00:00,2470.82007,2476.98999,2468.57007,2472.15991
2024-08-13 11:00:00,2472.18994,2473.71997,2460.26001,2462.060059
2024-08-13 15:00:00,2462.090088,2466.18994,2458.56006,2460.68994
2024-08-13 19:00:00,2460.65991,2472.48999,2458.98999,2467.72998
2024-08-13 23:00:00,2467.72998,2475.48999,2459.090088,2469.53003
2024-08-14 03:00:00,2469.59009,2470.30005,2462.31006,2465.060059
2024-08-14 07:00:00,2466.90991,2467.3999,2463.13989,2465.77002
2024-08-14 11:00:00,2465.77002,2472.48999,2455.42993,2461.98999
2024-08-14 15:00:00,2461.90991,2478.3999,2459.3501,2474.46997
2024-08-14 19:00:00,2474.43994,2479.81006,2462.68994,2468.97998
2024-08-14 23:00:00,2468.72998,2469.56006,2438.26001,2444.27002
2024-08-15 03:00:00,2444.18994,2448.3999,2440.46997,2448.02002
2024-08-15 07:00:00,2448.080078,2454.3501,2446.67993,2450.17993
2024-08-15 11:00:00,2450.12012,2455.51001,2448.31006,2453.52002
2024-08-15 15:00:00,2453.47998,2458.81006,2450.43994,2455.44995
2024-08-15 19:00:00,2455.53003,2470.090088,2441.21997,2441.27002
2024-08-15 23:00:00,2441.3999,2459.96997,2432.28003,2455.76001
2024-08-16 03:00:00,2455.88989,2461.6499,2453.55005,2456.48999
2024-08-16 07:00:00,2456.19995,2459.77002,2454.52002,2458.3999
2024-08-16 11:00:00,2458.63989,2460.050049,2450.82007,2452.76001
2024-08-16 15:00:00,2452.8999,2464.59009,2451.22998,2462.3999
2024-08-16 19:00:00,2462.43994,2492.3501,2461.42993,2491.6001
2024-08-16 23:00:00,2491.84009,2499.90991,2477.6001,2495.93994
2024-08-17 03:00:00,2495.90991,2509.72998,2493.18994,2507.69995
2024-08-19 07:00:00,2506.40991,2506.8501,2500.3999,2502.18994
2024-08-19 11:00:00,2502.11011,2505.78003,2495.070068,2500.77002
2024-08-19 15:00:00,2500.81006,2507.18994,2499.21997,2503.1499
2024-08-19 19:00:00,2503.13989,2503.97998,2486.61011,2491.18994
2024-08-19 23:00:00,2491.3999,2507.46997,2485.82007,2505.56006
2024-08-20 03:00:00,2505.3501,2505.87988,2500.82007,2504.31006
2024-08-20 07:00:00,2503.42993,2506.8501,2502.18994,2505.02002
2024-08-20 11:00:00,2505.030029,2508.22998,2498.81006,2500.87988
2024-08-20 15:00:00,2500.86011,2523.19995,2497.38989,2519.8999
2024-08-20 19:00:00,2519.97998,2529.22998,2519.97998,2526.84009
2024-08-20 23:00:00,2525.88989,2531.71997,2500.8999,2509.3501
2024-08-21 03:00:00,2509.13989,2516.92993,2506.86011,2514.02002
2024-08-21 07:00:00,2513.46997,2516.11011,2512.63989,2513.57007
2024-08-21 11:00:00,2513.6001,2520.02002,2511.030029,2516.22998
2024-08-21 15:00:00,2516.22998,2519.56006,2507.01001,2507.36011
2024-08-21 19:00:00,2507.22998,2513.69995,2504.55005,2510.59009
2024-08-21 23:00:00,2510.72998,2512.94995,2494.46997,2507.18994
2024-08-22 03:00:00,2507.090088,2519.18994,2507.01001,2512.40991
2024-08-22 07:00:00,2511.96997,2514.68994,2511.31006,2513.76001
2024-08-22 11:00:00,2513.59009,2514.1499,2499.43994,2502.02002
2024-08-22 15:00:00,2501.96997,2510.6499,2500.78003,2503.71997
2024-08-22 19:00:00,2503.76001,2509.12012,2495.6499,2500.72998
2024-08-22 23:00:00,2500.71997,2501.3999,2470.90991,2484.46997
2024-08-23 03:00:00,2484.26001,2484.94995,2478.63989,2484.80005
2024-08-23 07:00:00,2485.12012,2492.21997,2484.48999,2490.050049
2024-08-23 11:00:00,2489.93994,2494.56006,2486.81006,2493.47998
2024-08-23 15:00:00,2493.47998,2499.98999,2490.67993,2499.030029
2024-08-23 19:00:00,2499.090088,2502.44995,2495.71997,2501.36011
2024-08-23 23:00:00,2501.3999,2518.36011,2494.56006,2510.34009
2024-08-24 03:00:00,2510.22998,2513.17993,2507.97998,2512.40991
2024-08-26 07:00:00,2512.12012,2516.88989,2511.26001,2513.80005
2024-08-26 11:00:00,2513.80005,2515.46997,2508.98999,2509.67993
2024-08-26 15:00:00,2509.63989,2525.78003,2508.78003,2524.32007
2024-08-26 19:00:00,2524.36011,2526.8501,2521.01001,2523.8501
2024-08-26 23:00:00,2523.61011,2526.43994,2510.68994,2520.27002
2024-08-27 03:00:00,2520.18994,2523.32007,2515.68994,2518.040039
2024-08-27 07:00:00,2518.070068,2518.11011,2513.050049,2513.22998
2024-08-27 11:00:00,2513.1001,2514.13989,2505.92993,2507.37988
2024-08-27 15:00:00,2507.36011,2517.57007,2503.63989,2511.11011
2024-08-27 19:00:00,2511.090088,2514.3501,2506.93994,2509.8999
2024-08-27 23:00:00,2510.23999,2520.15991,2503.63989,2514.43994
2024-08-28 03:00:00,2514.51001,2525.97998,2514.21997,2524.58008
2024-08-28 07:00:00,2525.27002,2529.01001,2523.96997,2524.48999
2024-08-28 11:00:00,2524.47998,2524.47998,2510.36011,2511.61011
2024-08-28 15:00:00,2511.59009,2511.77002,2503.94995,2508.23999
2024-08-28 19:00:00,2508.17993,2511.43994,2493.71997,2500.68994
2024-08-28 23:00:00,2500.56006,2510.52002,2496.47998,2501.92993
2024-08-29 03:00:00,2501.90991,2509.61011,2500.6001,2504.72998
2024-08-29 07:00:00,2504.94995,2515.30005,2504.94995,2512.3999
2024-08-29 11:00:00,2512.3999,2518.26001,2511.73999,2515.90991
2024-08-29 15:00:00,2515.8501,2521.22998,2513.81006,2517.1499
2024-08-29 19:00:00,2517.18994,2524.48999,2503.68994,2509.27002
2024-08-29 23:00:00,2509.63989,2526.77002,2508.31006,2525.28003
2024-08-30 03:00:00,2525.28003,2528.6499,2520.76001,2521.16992
2024-08-30 07:00:00,2521.030029,2521.78003,2516.84009,2517.76001
2024-08-30 11:00:00,2517.78003,2520.12012,2512.27002,2513.47998
2024-08-30 15:00:00,2513.47998,2526.80005,2512.6001,2523.01001
2024-08-30 19:00:00,2522.97998,2526.76001,2515.060059,2519.8999
2024-08-30 23:00:00,2519.8999,2519.8999,2496.68994,2497.77002
2024-08-31 03:00:00,2497.77002,2504.76001,2494.34009,2503.44995
2024-09-02 07:00:00,2502.65991,2505.02002,2501.23999,2501.55005
2024-09-02 11:00:00,2501.57007,2504.63989,2490.12012,2496.98999
2024-09-02 15:00:00,2497.1001,2507.3501,2495.43994,2506.3501
2024-09-02 19:00:00,2506.47998,2506.6001,2497.17993,2501.31006
2024-09-02 23:00:00,2501.070068,2502.53003,2497.78003,2500.6001
2024-09-03 03:00:00,2500.40991,2501.37988,2498.77002,2499.46997
2024-09-03 07:00:00,2499.37988,2499.88989,2495.050049,2495.84009
2024-09-03 11:00:00,2495.6001,2497.02002,2489.90991,2496.090088
2024-09-03 15:00:00,2495.93994,2506.28003,2492.81006,2504.28003
2024-09-03 19:00:00,2503.98999,2505.070068,2484.8999,2493.34009
2024-09-03 23:00:00,2493.3501,2497.42993,2473.68994,2486.27002
2024-09-04 03:00:00,2486.060059,2494.36011,2485.6001,2492.97998
2024-09-04 07:00:00,2492.71997,2495.01001,2492.11011,2492.51001
2024-09-04 11:00:00,2492.27002,2496.93994,2491.3999,2495.97998
2024-09-04 15:00:00,2495.96997,2496.63989,2472.65991,2473.22998
2024-09-04 19:00:00,2473.42993,2491.28003,2472.02002,2486.6001
2024-09-04 23:00:00,2486.8999,2500.19995,2482.18994,2496.78003
2024-09-05 03:00:00,2496.80005,2497.3999,2491.59009,2495.6499
2024-09-05 07:00:00,2495.45996,2497.060059,2494.56006,2495.23999
2024-09-05 11:00:00,2495.19995,2499.32007,2493.90991,2494.3501
2024-09-05 15:00:00,2494.23999,2516.76001,2494.060059,2514.77002
2024-09-05 19:00:00,2515.34009,2523.22998,2513.43994,2517.8501
2024-09-05 23:00:00,2517.48999,2520.63989,2504.18994,2510.3501
2024-09-06 03:00:00,2510.46997,2516.90991,2509.38989,2516.76001
2024-09-06 07:00:00,2516.82007,2518.01001,2515.67993,2516.090088
2024-09-06 11:00:00,2516.070068,2519.53003,2513.1001,2518.47998
2024-09-06 15:00:00,2518.47998,2521.84009,2515.63989,2517.88989
2024-09-06 19:00:00,2517.84009,2529.18994,2508.48999,2522.53003
2024-09-06 23:00:00,2521.6499,2523.050049,2485.26001,2489.070068
2024-09-07 03:00:00,2489.15991,2497.90991,2486.01001,2497.44995
2024-09-09 07:00:00,2497.050049,2498.34009,2495.72998,2496.070068
2024-09-09 11:00:00,2496.040039,2500.47998,2494.88989,2498.30005
2024-09-09 15:00:00,2498.23999,2498.3501,2485.71997,2492.27002
2024-09-09 19:00:00,2492.28003,2504.18994,2492.17993,2500.97998
2024-09-09 23:00:00,2500.88989,2505.32007,2493.31006,2504.44995
2024-09-10 03:00:00,2504.47998,2507.21997,2499.51001,2506.31006
2024-09-10 07:00:00,2506.31006,2507.71997,2504.92993,2505.47998
2024-09-10 11:00:00,2505.47998,2506.8501,2501.1001,2501.84009
2024-09-10 15:00:00,2501.63989,2507.71997,2500.22998,2502.37988
2024-09-10 19:00:00,2502.27002,2514.050049,2500.26001,2513.86011
2024-09-10 23:00:00,2513.98999,2518.42993,2500.94995,2514.47998
2024-09-11 03:00:00,2514.47998,2517.51001,2512.1499,2516.6499
2024-09-11 07:00:00,2516.42993,2519.18994,2516.22998,2516.63989
2024-09-11 11:00:00,2516.32007,2522.6001,2515.050049,2519.68994
2024-09-11 15:00:00,2519.63989,2528.86011,2519.42993,2524.36011
2024-09-11 19:00:00,2524.42993,2524.76001,2502.36011,2508.22998
2024-09-11 23:00:00,2507.47998,2520.1001,2501.090088,2515.23999
2024-09-12 03:00:00,2515.1499,2516.92993,2509.90991,2511.51001
2024-09-12 07:00:00,2512.32007,2513.93994,2511.18994,2512.27002
2024-09-12 11:00:00,2512.1499,2517.81006,2511.11011,2517.02002
2024-09-12 15:00:00,2517.18994,2522.31006,2514.59009,2517.46997
2024-09-12 19:00:00,2517.43994,2535.23999,2513.1499,2529.15991
2024-09-12 23:00:00,2528.68994,2555.1001,2522.73999,2550.77002
2024-09-13 03:00:00,2550.8999,2560.1001,2550.21997,2558.75
2024-09-13 07:00:00,2558.31006,2562.80005,2556.76001,2561.65991
2024-09-13 11:00:00,2561.69995,2570.19995,2560.02002,2568.97998
2024-09-13 15:00:00,2568.97998,2571.1499,2563.26001,2570.060059
2024-09-13 19:00:00,2570.050049,2575.93994,2563.77002,2575.87988
2024-09-13 23:00:00,2575.88989,2585.1499,2573.18994,2584.32007
2024-09-14 03:00:00,2584.15991,2586.1001,2577.8999,2579.01001
2024-09-16 07:00:00,2578.28003,2582.46997,2577.70996,2581.3999
2024-09-16 11:00:00,2581.37988,2589.02002,2580.1001,2585.87988
2024-09-16 15:00:00,2585.73999,2589.68994,2579.68994,2586.8999
2024-09-16 19:00:00,2586.8999,2588.37988,2575.31006,2583.46997
2024-09-16 23:00:00,2583.30005,2589.3999,2576.26001,2583.77002
2024-09-17 03:00:00,2583.65991,2584.18994,2579.68994,2582.51001
2024-09-17 07:00:00,2582.58008,2584.47998,2580.34009,2580.34009
2024-09-17 11:00:00,2580.3501,2586.3501,2575.030029,2576.97998
2024-09-17 15:00:00,2577.070068,2586.98999,2574.67993,2580.21997
2024-09-17 19:00:00,2580.15991,2581.65991,2568.51001,2577.82007
2024-09-17 23:00:00,2578.13989,2582.28003,2561.47998,2563.17993
2024-09-18 03:00:00,2563.1499,2571.72998,2560.8999,2569.58008
2024-09-18 07:00:00,2569.48999,2574.84009,2569.48999,2573.1001
2024-09-18 11:00:00,2573.1001,2576.47998,2568.070068,2568.72998
2024-09-18 15:00:00,2568.68994,2572.01001,2565.81006,2569.84009
2024-09-18 19:00:00,2569.8501,2580.61011,2568.060059,2576.27002
2024-09-18 23:00:00,2576.18994,2578.6001,2568.15991,2574.94995
2024-09-19 03:00:00,2574.73999,2600.15991,2547.15991,2559.37988
2024-09-19 07:00:00,2557.37988,2561.65991,2555.82007,2558.73999
2024-09-19 11:00:00,2558.47998,2566.77002,2551.38989,2564.1499
2024-09-19 15:00:00,2564.22998,2586.62012,2564.02002,2585.01001
2024-09-19 19:00:00,2584.97998,2594.8999,2573.27002,2576.97998
2024-09-19 23:00:00,2576.42993,2592.61011,2569.8999,2591.78003
2024-09-20 03:00:00,2591.81006,2592.71997,2585.98999,2586.78003
2024-09-20 07:00:00,2586.26001,2588.52002,2586.21997,2588.13989
2024-09-20 11:00:00,2588.13989,2594.43994,2584.88989,2593.78003
2024-09-20 15:00:00,2593.88989,2612.72998,2592.51001,2609.8501
2024-09-20 19:00:00,2609.8501,2619.36011,2602.6001,2615.6499
2024-09-20 23:00:00,2615.22998,2625.82007,2602.92993,2624.93994
2024-09-21 03:00:00,2624.82007,2625.40991,2617.8999,2622.27002
2024-09-23 07:00:00,2620.96997,2622.070068,2618.30005,2618.41992
2024-09-23 11:00:00,2618.36011,2631.18994,2616.1499,2629.52002
2024-09-23 15:00:00,2629.40991,2631.3999,2613.97998,2616.93994
2024-09-23 19:00:00,2616.93994,2628.070068,2615.47998,2627.1499
2024-09-23 23:00:00,2627.070068,2634.8501,2625.67993,2628.27002
2024-09-24 03:00:00,2628.21997,2629.17993,2625.80005,2628.54004
2024-09-24 07:00:00,2627.17993,2628.40991,2624.02002,2625.34009
2024-09-24 11:00:00,2625.27002,2638.31006,2625.060059,2638.17993
2024-09-24 15:00:00,2638.22998,2640.01001,2622.81006,2629.1001
2024-09-24 19:00:00,2629.090088,2635.8999,2623.43994,2632.98999
2024-09-24 23:00:00,2633.1001,2655.23999,2631.18994,2653.61011
2024-09-25 03:00:00,2653.55005,2664.37988,2649.94995,2657.13989
2024-09-25 07:00:00,2658.67993,2660.91992,2656.69995,2660.84009
2024-09-25 11:00:00,2660.8501,2670.52002,2655.63989,2658.97998
2024-09-25 15:00:00,2658.78003,2659.88989,2651.3999,2655.94995
2024-09-25 19:00:00,2655.96997,2660.84009,2652.86011,2659.59009
2024-09-25 23:00:00,2659.40991,2667.47998,2649.86011,2653.77002
2024-09-26 03:00:00,2653.77002,2663.02002,2653.21997,2657.15991
2024-09-26 07:00:00,2657.56006,2660.31006,2655.56006,2659.12012
2024-09-26 11:00:00,2659.1499,2662.86011,2657.17993,2660.6499
2024-09-26 15:00:00,2660.65991,2670.59009,2658.050049,2669.13989
2024-09-26 19:00:00,2669.21997,2685.61011,2667.11011,2677.31006
2024-09-26 23:00:00,2677.3501,2679.56006,2655.13989,2668.23999
2024-09-27 03:00:00,2668.11011,2677.90991,2667.73999,2672.43994
2024-09-27 07:00:00,2671.87988,2673.30005,2669.53003,2669.83008
2024-09-27 11:00:00,2669.8501,2674.060059,2666.52002,2670.6001
2024-09-27 15:00:00,2670.81006,2671.3501,2661.060059,2662.81006
2024-09-27 19:00:00,2662.6499,2674.1499,2658.47998,2670.01001
2024-09-27 23:00:00,2670.6001,2670.8501,2645.02002,2651.86011
2024-09-28 03:00:00,2651.87988,2660.1001,2643.18994,2658.32007
2024-09-30 07:00:00,2661.73999,2666.050049,2660.01001,2661.69995
2024-09-30 11:00:00,2661.42993,2664.46997,2647.6001,2655.96997
2024-09-30 15:00:00,2655.97998,2660.68994,2650.77002,2653.51001
2024-09-30 19:00:00,2653.68994,2653.68994,2634.55005,2639.18994
2024-09-30 23:00:00,2639.22998,2642.1001,2628.8501,2639.1499
2024-10-01 03:00:00,2639.27002,2641.81006,2624.77002,2634.72998
2024-10-01 07:00:00,2633.37988,2637.22998,2632.38989,2636.5
2024-10-01 11:00:00,2636.48999,2640.51001,2634.71997,2639.68994
2024-10-01 15:00:00,2639.71997,2647.47998,2639.6499,2646.62012
2024-10-01 19:00:00,2646.52002,2656.68994,2645.48999,2651.61011
2024-10-01 23:00:00,2651.56006,2673.12012,2648.090088,2666.69995
2024-10-02 03:00:00,2666.59009,2671.76001,2657.6499,2663.42993
2024-10-02 07:00:00,2661.94995,2662.92993,2657.050049,2657.51001
2024-10-02 11:00:00,2657.53003,2661.97998,2652.8999,2654.18994
2024-10-02 15:00:00,2654.18994,2656.22998,2644.6499,2652.47998
2024-10-02 19:00:00,2652.46997,2655.47998,2643.98999,2649.6499
2024-10-02 23:00:00,2649.72998,2663.32007,2641.27002,2649.73999
2024-10-03 03:00:00,2649.80005,2659.93994,2647.26001,2658.80005
2024-10-03 07:00:00,2658.52002,2662.88989,2657.55005,2657.92993
2024-10-03 11:00:00,2657.88989,2658.93994,2653.37988,2655.070068
2024-10-03 15:00:00,2655.050049,2657.48999,2641.98999,2645.21997
2024-10-03 19:00:00,2645.22998,2653.48999,2641.11011,2642.47998
2024-10-03 23:00:00,2642.43994,2661.02002,2640.1001,2660.1001
2024-10-04 03:00:00,2660.1001,2662.1499,2655.23999,2656.19995
2024-10-04 07:00:00,2657.070068,2657.6001,2654.44995,2657.33008
2024-10-04 11:00:00,2657.31006,2665.93994,2656.82007,2664.22998
2024-10-04 15:00:00,2664.15991,2667.86011,2658.8501,2659.11011
2024-10-04 19:00:00,2659.1499,2662.63989,2632.1001,2638.80005
2024-10-04 23:00:00,2639.3999,2670.19995,2637.6001,2645.42993
2024-10-05 03:00:00,2645.38989,2654.050049,2642.88989,2653.52002
2024-10-07 07:00:00,2651.75,2652.3999,2649.78003,2650.27002
2024-10-07 11:00:00,2650.26001,2651.93994,2644.050049,2647.44995
2024-10-07 15:00:00,2647.47998,2652.81006,2639.73999,2652.11011
2024-10-07 19:00:00,2652.11011,2659.6499,2650.76001,2657.030029
2024-10-07 23:00:00,2657.22998,2659.32007,2637.87988,2645.72998
2024-10-08 03:00:00,2645.73999,2648.81006,2639.81006,2643.31006
2024-10-08 07:00:00,2643.32007,2649.12012,2641.86011,2643.070068
2024-10-08 11:00:00,2643.090088,2648.27002,2633.88989,2643.030029
2024-10-08 15:00:00,2643.070068,2646.47998,2631.23999,2634.1001
2024-10-08 19:00:00,2634.21997,2651.8999,2628.61011,2650.78003
2024-10-08 23:00:00,2650.81006,2652.97998,2604.88989,2613.030029
2024-10-09 03:00:00,2613.22998,2623.67993,2605.63989,2622.90991
2024-10-09 07:00:00,2622.98999,2623.8501,2619.02002,2622.030029
2024-10-09 11:00:00,2621.77002,2624.26001,2615.1499,2617.17993
2024-10-09 15:00:00,2617.21997,2624.38989,2609.22998,2611.76001
2024-10-09 19:00:00,2611.68994,2622.47998,2610.55005,2619.060059
2024-10-09 23:00:00,2619.060059,2622.37988,2605.81006,2614.88989
2024-10-10 03:00:00,2615.1001,2615.93994,2605.22998,2609.26001
2024-10-10 07:00:00,2609.27002,2609.51001,2606.97998,2608.53003
2024-10-10 11:00:00,2608.6499,2616.92993,2606.060059,2611.8501
2024-10-10 15:00:00,2611.8501,2617.12012,2610.37988,2616.82007
2024-10-10 19:00:00,2616.81006,2618.94995,2611.36011,2613.060059
2024-10-10 23:00:00,2613.18994,2629.71997,2604.17993,2623.65991
2024-10-11 03:00:00,2623.69995,2631.40991,2616.63989,2629.34009
2024-10-11 07:00:00,2629.42993,2635.68994,2628.23999,2633.27002
2024-10-11 11:00:00,2633.6001,2646.060059,2632.11011,2645.56006
2024-10-11 15:00:00,2645.63989,2647.19995,2638.13989,2645.46997
2024-10-11 19:00:00,2645.40991,2646.27002,2636.31006,2644.78003
2024-10-11 23:00:00,2644.84009,2659.11011,2640.72998,2658.8501
2024-10-12 03:00:00,2658.72998,2661.47998,2655.30005,2656.17993
2024-10-12 07:00:00,2656.3501,2657.31006,2654.77002,2657.26001
2024-10-14 07:00:00,2649.93994,2652.55005,2646.97998,2648.18994
2024-10-14 11:00:00,2648.22998,2657.44995,2643.31006,2655.67993
2024-10-14 15:00:00,2655.6499,2666.72998,2655.43994,2660.51001
2024-10-14 19:00:00,2660.52002,2663.1001,2651.15991,2652.26001
2024-10-14 23:00:00,2652.26001,2661.27002,2644.11011,2646.84009
2024-10-15 03:00:00,2646.76001,2652.6499,2645.8999,2652.63989
2024-10-15 07:00:00,2652.62012,2653.3501,2646.30005,2649.47998
2024-10-15 11:00:00,2649.46997,2652.81006,2644.52002,2645.72998
2024-10-15 15:00:00,2645.6499,2653.93994,2638.22998,2650.77002
2024-10-15 19:00:00,2650.72998,2656.72998,2645.87988,2647.81006
2024-10-15 23:00:00,2647.81006,2665.1499,2646.13989,2664.72998
2024-10-16 03:00:00,2664.86011,2668.93994,2659.1001,2661.81006
2024-10-16 07:00:00,2661.84009,2663.18994,2660.3501,2660.55005
2024-10-16 11:00:00,2660.46997,2670.050049,2658.77002,2667.22998
2024-10-16 15:00:00,2667.19995,2677.77002,2665.67993,2676.21997
2024-10-16 19:00:00,2676.1001,2682.76001,2673.030029,2678.38989
2024-10-16 23:00:00,2678.57007,2685.27002,2667.76001,2670.050049
2024-10-17 03:00:00,2669.98999,2676.73999,2666.88989,2674.97998
2024-10-17 07:00:00,2674.98999,2674.98999,2673.19995,2674.16992
2024-10-17 11:00:00,2674.13989,2684.90991,2674.13989,2676.87988
2024-10-17 15:00:00,2676.81006,2685.76001,2676.56006,2682.070068
2024-10-17 19:00:00,2681.86011,2688.81006,2677.050049,2681.31006
2024-10-17 23:00:00,2681.23999,2696.76001,2673.37988,2693.37988
2024-10-18 03:00:00,2693.11011,2694.22998,2684.15991,2692.11011
2024-10-18 07:00:00,2692.13989,2694.38989,2691.02002,2693.87988
2024-10-18 11:00:00,2693.71997,2712.02002,2692.90991,2710.060059
2024-10-18 15:00:00,2710.070068,2714.070068,2702.3501,2702.3501
2024-10-18 19:00:00,2702.3999,2713.22998,2701.81006,2709.90991
2024-10-18 23:00:00,2710.030029,2720.1499,2705.030029,2714.92993
2024-10-19 03:00:00,2714.97998,2721.30005,2713.73999,2719.71997
2024-10-19 07:00:00,2719.8501,2722.6001,2719.31006,2721.67993
2024-10-21 07:00:00,2723.13989,2725.18994,2720.61011,2723.51001
2024-10-21 11:00:00,2723.63989,2732.86011,2721.22998,2731.59009
2024-10-21 15:00:00,2731.59009,2732.52002,2723.72998,2730.47998
2024-10-21 19:00:00,2730.3999,2738.1499,2727.84009,2734.52002
2024-10-21 23:00:00,2734.30005,2740.6001,2717.050049,2720.3501
2024-10-22 03:00:00,2720.17993,2725.65991,2714.34009,2719.93994
2024-10-22 07:00:00,2720.060059,2722.6499,2718.93994,2721.56006
2024-10-22 11:00:00,2721.53003,2733.1001,2720.76001,2731.060059
2024-10-22 15:00:00,2731.060059,2737.1499,2729.26001,2733.72998
2024-10-22 19:00:00,2733.69995,2739.37988,2729.59009,2732.01001
2024-10-22 23:00:00,2732.060059,2744.22998,2731.68994,2737.63989
2024-10-23 03:00:00,2737.6499,2748.8999,2737.32007,2748.71997
2024-10-23 07:00:00,2748.65991,2749.01001,2745.96997,2746.6001
2024-10-23 11:00:00,2746.77002,2747.15991,2737.96997,2746.15991
2024-10-23 15:00:00,2746.17993,2755.65991,2745.3999,2755.030029
2024-10-23 19:00:00,2754.98999,2758.51001,2749.31006,2749.96997
2024-10-23 23:00:00,2749.97998,2750.51001,2708.88989,2721.98999
2024-10-24 03:00:00,2721.87988,2723.3501,2712.030029,2716.1001
2024-10-24 07:00:00,2716.18994,2721.93994,2714.30005,2721.3999
2024-10-24 11:00:00,2720.93994,2726.73999,2717.93994,2723.02002
2024-10-24 15:00:00,2723.030029,2737.12012,2722.94995,2733.56006
2024-10-24 19:00:00,2733.6499,2739.65991,2732.59009,2738.71997
2024-10-24 23:00:00,2738.6001,2743.31006,2722.52002,2731.22998
2024-10-25 03:00:00,2731.40991,2737.84009,2725.87988,2736.81006
2024-10-25 07:00:00,2736.8501,2736.8501,2733.78003,2733.8999
2024-10-25 11:00:00,2734.070068,2735.1001,2724.53003,2726.1499
2024-10-25 15:00:00,2726.1499,2732.62012,2724.01001,2726.53003
2024-10-25 19:00:00,2726.22998,2729.42993,2717.17993,2724.27002
2024-10-25 23:00:00,2724.27002,2742.090088,2723.40991,2737.15991
2024-10-26 03:00:00,2737.18994,2745.1001,2734.11011,2742.56006
2024-10-26 07:00:00,2742.6001,2747.68994,2742.57007,2747.62988
2024-10-28 07:00:00,2733.68994,2740.22998,2730.38989,2735.90991
2024-10-28 11:00:00,2735.87988,2736.36011,2724.80005,2729.77002
2024-10-28 15:00:00,2729.6499,2744.6001,2729.28003,2738.96997
2024-10-28 19:00:00,2739.02002,2740.87988,2727.94995,2732.34009
2024-10-28 23:00:00,2732.21997,2745.98999,2731.31006,2740.77002
2024-10-29 03:00:00,2740.72998,2745.02002,2740.060059,2742.59009
2024-10-29 07:00:00,2742.59009,2744.56006,2740.12012,2744.56006
2024-10-29 11:00:00,2744.52002,2757.78003,2743.36011,2751.78003
2024-10-29 15:00:00,2751.72998,2756.87988,2749.050049,2752.52002
2024-10-29 19:00:00,2752.52002,2756.56006,2746.3999,2751.8999
2024-10-29 23:00:00,2751.92993,2771.72998,2748.32007,2764.3501
2024-10-30 03:00:00,2764.38989,2774.80005,2764.27002,2772.27002
2024-10-30 07:00:00,2772.34009,2775.37988,2771.8999,2775.13989
2024-10-30 11:00:00,2775.17993,2782.18994,2774.93994,2779.060059
2024-10-30 15:00:00,2779.050049,2789.88989,2777.47998,2782.31006
2024-10-30 19:00:00,2782.22998,2786.53003,2778.51001,2778.6499
2024-10-30 23:00:00,2778.81006,2787.56006,2771.060059,2784.78003
2024-10-31 03:00:00,2784.93994,2790.01001,2783.1499,2787.56006
2024-10-31 07:00:00,2787.55005,2788.19995,2784.80005,2785.47998
2024-10-31 11:00:00,2785.62012,2790.1001,2783.6499,2784.62012
2024-10-31 15:00:00,2784.76001,2786.6499,2778.27002,2782.1001
2024-10-31 19:00:00,2782.22998,2783.17993,2773.40991,2779.57007
2024-10-31 23:00:00,2779.6001,2782.030029,2731.6499,2740.68994
2024-11-01 03:00:00,2741.02002,2749.78003,2738.1499,2746.56006
2024-11-01 07:00:00,2746.57007,2748.26001,2743.48999,2746.82007
2024-11-01 11:00:00,2746.98999,2751.97998,2745.02002,2751.84009
2024-11-01 15:00:00,2751.82007,2757.69995,2747.27002,2749.72998
2024-11-01 19:00:00,2749.73999,2755.51001,2744.8999,2753.030029
2024-11-01 23:00:00,2753.1001,2762.31006,2739.86011,2744.77002
2024-11-02 03:00:00,2744.6499,2746.13989,2733.31006,2734.15991
2024-11-02 07:00:00,2734.31006,2736.91992,2733.3999,2736.3999
2024-11-04 07:00:00,2733.36011,2740.40991,2732.69995,2738.44995
2024-11-04 11:00:00,2738.48999,2742.44995,2735.56006,2741.090088
2024-11-04 15:00:00,2740.88989,2744.81006,2735.18994,2735.8999
2024-11-04 19:00:00,2735.87988,2745.30005,2732.01001,2740.6499
2024-11-04 23:00:00,2741.02002,2748.22998,2737.77002,2738.57007
2024-11-05 03:00:00,2738.62012,2739.72998,2732.050049,2738.38989
2024-11-05 07:00:00,2738.3999,2738.6499,2735.97998,2736.090088
2024-11-05 11:00:00,2736.21997,2736.73999,2724.78003,2735.34009
2024-11-05 15:00:00,2735.34009,2741.3501,2731.8501,2736.42993
2024-11-05 19:00:00,2736.3999,2745.01001,2732.18994,2742.17993
2024-11-05 23:00:00,2741.87988,2750.01001,2733.18994,2742.090088
2024-11-06 03:00:00,2742.090088,2744.52002,2736.3999,2740.47998
2024-11-06 07:00:00,2740.44995,2746.46997,2739.72998,2745.72998
2024-11-06 11:00:00,2745.71997,2749.72998,2730.6001,2734.22998
2024-11-06 15:00:00,2734.23999,2743.65991,2701.6499,2725.92993
2024-11-06 19:00:00,2725.93994,2733.61011,2696.37988,2699.42993
2024-11-06 23:00:00,2699.47998,2708.1001,2652.6001,2675.8501
2024-11-07 03:00:00,2676.01001,2678.1001,2661.71997,2667.15991
2024-11-07 07:00:00,2667.15991,2667.82007,2659.050049,2664.11011
2024-11-07 11:00:00,2664.11011,2664.27002,2643.77002,2659.56006
2024-11-07 15:00:00,2659.31006,2667.68994,2652.87988,2663.3501
2024-11-07 19:00:00,2663.62012,2668.46997,2657.46997,2666.26001
2024-11-07 23:00:00,2666.27002,2700.1499,2664.3999,2698.86011
2024-11-08 03:00:00,2698.8501,2700.38989,2687.55005,2694.44995
2024-11-08 07:00:00,2694.3999,2710.23999,2692.93994,2706.97998
2024-11-08 11:00:00,2706.97998,2710.43994,2694.13989,2695.28003
2024-11-08 15:00:00,2695.27002,2696.36011,2680.3999,2687.52002
2024-11-08 19:00:00,2687.6499,2694.98999,2682.030029,2691.84009
2024-11-08 23:00:00,2692.050049,2703.97998,2683.53003,2687.67993
2024-11-09 03:00:00,2687.52002,2689.3501,2683.12012,2687.18994
2024-11-09 07:00:00,2687.1499,2688.63989,2682.97998,2684.19995
2024-11-11 07:00:00,2682.55005,2685.72998,2681.65991,2685.6499
2024-11-11 11:00:00,2685.6499,2686.12988,2666.57007,2670.28003
2024-11-11 15:00:00,2670.11011,2674.31006,2667.3501,2669.57007
2024-11-11 19:00:00,2669.63989,2675.19995,2659.1001,2662.47998
2024-11-11 23:00:00,2663.090088,2663.21997,2613.52002,2614.6499
2024-11-12 03:00:00,2614.8501,2620.77002,2610.76001,2619.23999
2024-11-12 07:00:00,2619.3501,2626.27002,2619.3501,2624.070068
2024-11-12 11:00:00,2624.12012,2626.98999,2618.8999,2619.1001
2024-11-12 15:00:00,2619.030029,2619.070068,2595.31006,2598.32007
2024-11-12 19:00:00,2598.32007,2606.6001,2589.8999,2597.93994
2024-11-12 23:00:00,2597.93994,2617.090088,2597.44995,2598.55005
2024-11-13 03:00:00,2598.59009,2604.23999,2592.6001,2598.27002
2024-11-13 07:00:00,2598.26001,2601.3999,2595.26001,2599.02002
2024-11-13 11:00:00,2599.090088,2613.3501,2598.12012,2611.56006
2024-11-13 15:00:00,2611.57007,2612.38989,2603.65991,2606.3501
2024-11-13 19:00:00,2606.30005,2611.71997,2601.1499,2610.8999
2024-11-13 23:00:00,2611.02002,2618.68994,2593.71997,2605.46997
2024-11-14 03:00:00,2605.48999,2605.97998,2577.72998,2581.050049
2024-11-14 07:00:00,2581.060059,2581.42993,2569.3999,2571.030029
2024-11-14 11:00:00,2571.060059,2574.72998,2559.02002,2560.77002
2024-11-14 15:00:00,2560.57007,2565.31006,2550.53003,2556.8501
2024-11-14 19:00:00,2557.02002,2559.90991,2536.8999,2553.6499
2024-11-14 23:00:00,2553.69995,2572.96997,2550.17993,2570.31006
2024-11-15 03:00:00,2570.34009,2577.51001,2567.22998,2576.02002
2024-11-15 07:00:00,2576.060059,2576.15991,2564.02002,2567.02002
2024-11-15 11:00:00,2566.8501,2571.6001,2563.43994,2567.81006
2024-11-15 15:00:00,2567.80005,2569.59009,2554.62012,2563.88989
2024-11-15 19:00:00,2563.86011,2573.34009,2560.94995,2570.84009
2024-11-15 23:00:00,2570.8501,2575.98999,2561.37988,2570.8999
2024-11-16 03:00:00,2570.8999,2573.38989,2559.55005,2563.93994
2024-11-16 07:00:00,2563.92993,2563.96997,2559.98999,2563.070068
2024-11-18 07:00:00,2568.13989,2575.57007,2568.13989,2571.44995
2024-11-18 11:00:00,2571.46997,2597.18994,2569.92993,2589.90991
2024-11-18 15:00:00,2589.94995,2593.19995,2580.51001,2582.93994
2024-11-18 19:00:00,2582.65991,2597.31006,2582.15991,2594.52002
2024-11-18 23:00:00,2594.47998,2613.3999,2590.52002,2613.060059
2024-11-19 03:00:00,2613.11011,2615.090088,2607.43994,2609.87988
2024-11-19 07:00:00,2609.84009,2613.11011,2608.31006,2612.68994
2024-11-19 11:00:00,2612.84009,2625.57007,2611.1499,2624.52002
2024-11-19 15:00:00,2624.53003,2626.76001,2617.88989,2619.11011
2024-11-19 19:00:00,2619.030029,2636.56006,2618.72998,2629.6001
2024-11-19 23:00:00,2629.63989,2639.48999,2621.1001,2624.51001
2024-11-20 03:00:00,2624.72998,2633.17993,2622.43994,2630.77002
2024-11-20 07:00:00,2630.81006,2635.56006,2630.51001,2635.1499
2024-11-20 11:00:00,2635.19995,2641.86011,2634.78003,2638.030029
2024-11-20 15:00:00,2638.070068,2638.81006,2621.23999,2621.6001
2024-11-20 19:00:00,2621.43994,2628.19995,2618.96997,2628.17993
2024-11-20 23:00:00,2628.30005,2648.90991,2627.11011,2648.90991
2024-11-21 03:00:00,2649.1001,2655.47998,2645.52002,2650.94995
2024-11-21 07:00:00,2650.86011,2653.01001,2647.30005,2652.18994
2024-11-21 11:00:00,2652.31006,2660.37988,2650.44995,2657.02002
2024-11-21 15:00:00,2656.97998,2664.44995,2654.72998,2663.22998
2024-11-21 19:00:00,2663.18994,2673.55005,2662.070068,2671.55005
2024-11-21 23:00:00,2671.55005,2671.72998,2660.56006,2667.76001
2024-11-22 03:00:00,2667.84009,2673.52002,2661.38989,2669.72998
2024-11-22 07:00:00,2669.78003,2671.88989,2668.15991,2669.26001
2024-11-22 11:00:00,2669.21997,2690.55005,2668.94995,2686.21997
2024-11-22 15:00:00,2686.23999,2699.02002,2683.090088,2696.3501
2024-11-22 19:00:00,2696.44995,2710.1499,2693.62012,2698.90991
2024-11-22 23:00:00,2698.90991,2705.1001,2684.6499,2703.6001
2024-11-23 03:00:00,2703.77002,2711.47998,2700.86011,2708.22998
2024-11-23 07:00:00,2708.1499,2716.30005,2705.15991,2716.080078
2024-11-25 07:00:00,2711.84009,2721.34009,2710.80005,2719.8501
2024-11-25 11:00:00,2719.47998,2720.17993,2659.31006,2672.31006
2024-11-25 15:00:00,2672.34009,2676.3501,2658.38989,2667.87988
2024-11-25 19:00:00,2667.72998,2688.80005,2667.34009,2686.81006
2024-11-25 23:00:00,2686.97998,2687.88989,2626.36011,2628.32007
2024-11-26 03:00:00,2628.40991,2639.51001,2615.72998,2625.72998
2024-11-26 07:00:00,2625.92993,2628.81006,2605.3501,2610.36011
2024-11-26 11:00:00,2610.69995,2632.17993,2608.8999,2630.44995
2024-11-26 15:00:00,2630.45996,2631.52002,2610.90991,2614.1499
2024-11-26 19:00:00,2614.1499,2633.31006,2612.52002,2633.31006
2024-11-26 23:00:00,2633.55005,2641.98999,2616.8999,2629.56006
2024-11-27 03:00:00,2629.69995,2631.44995,2619.6499,2628.11011
2024-11-27 07:00:00,2628.27002,2634.1499,2627.62012,2632.31006
2024-11-27 11:00:00,2632.31006,2640.53003,2627.1499,2637.81006
2024-11-27 15:00:00,2637.73999,2648.52002,2636.73999,2646.76001
2024-11-27 19:00:00,2646.67993,2653.82007,2643.93994,2651.18994
2024-11-27 23:00:00,2651.46997,2658.21997,2635.76001,2642.77002
2024-11-28 03:00:00,2642.56006,2644.30005,2633.97998,2634.78003
2024-11-28 07:00:00,2634.77002,2639.060059,2634.34009,2637.21997
2024-11-28 11:00:00,2637.26001,2638.46997,2621.02002,2630.3501
2024-11-28 15:00:00,2630.3501,2639.56006,2629.43994,2637.42993
2024-11-28 19:00:00,2637.1499,2649.69995,2635.80005,2646.97998
2024-11-28 23:00:00,2646.97998,2647.97998,2636.38989,2638.22998
2024-11-29 03:00:00,2638.1499,2642.52002,2637.29004,2637.38989
2024-11-29 07:00:00,2638.67993,2639.3501,2637.27002,2638.8501
2024-11-29 11:00:00,2638.82007,2662.77002,2634.43994,2660.090088
2024-11-29 15:00:00,2660.28003,2666.3501,2658.43994,2660.65991
2024-11-29 19:00:00,2660.71997,2665.8999,2654.65991,2659.67993
2024-11-29 23:00:00,2659.73999,2664.97998,2650.69995,2658.8999
2024-11-30 03:00:00,2659.19995,2662.34009,2648.73999,2650.11011
2024-12-02 07:00:00,2649.37988,2650.28003,2643.15991,2645.84009
2024-12-02 11:00:00,2646.31006,2647.68994,2623.02002,2629.3999
2024-12-02 15:00:00,2629.43994,2633.62012,2621.98999,2629.97998
2024-12-02 19:00:00,2629.93994,2646.3999,2626.68994,2641.8999
2024-12-02 23:00:00,2641.8501,2651.55005,2637.34009,2642.36011
2024-12-03 03:00:00,2642.43994,2644.3501,2633.62012,2637.69995
2024-12-03 07:00:00,2637.6001,2644.27002,2635.43994,2642.28003
2024-12-03 11:00:00,2642.3501,2645.22998,2634.27002,2640.57007
2024-12-03 15:00:00,2640.53003,2650.1001,2637.23999,2644.68994
2024-12-03 19:00:00,2644.61011,2648.090088,2639.43994,2643.82007
2024-12-03 23:00:00,2643.67993,2655.62012,2635.37988,2640.52002
2024-12-04 03:00:00,2640.52002,2649.22998,2638.98999,2641.030029
2024-12-04 07:00:00,2640.90991,2644.22998,2640.78003,2642.8501
2024-12-04 11:00:00,2642.84009,2648.12012,2637.78003,2644.53003
2024-12-04 15:00:00,2644.52002,2651.44995,2640.43994,2641.59009
2024-12-04 19:00:00,2641.27002,2647.77002,2636.76001,2646.26001
2024-12-04 23:00:00,2646.22998,2657.13989,2632.68994,2655.1001
2024-12-05 03:00:00,2655.1499,2655.53003,2646.93994,2651.80005
2024-12-05 07:00:00,2651.72998,2652.02002,2648.1499,2650.43994
2024-12-05 11:00:00,2650.44995,2650.73999,2644.80005,2648.96997
2024-12-05 15:00:00,2648.93994,2655.56006,2645.55005,2648.81006
2024-12-05 19:00:00,2648.76001,2652.72998,2642.02002,2651.3999
2024-12-05 23:00:00,2651.48999,2654.55005,2632.11011,2640.32007
2024-12-06 03:00:00,2640.34009,2643.46997,2623.68994,2629.87988
2024-12-06 07:00:00,2629.90991,2633.8999,2628.060059,2633.81006
2024-12-06 11:00:00,2633.82007,2642.52002,2613.8501,2640.92993
2024-12-06 15:00:00,2640.90991,2644.43994,2635.47998,2639.81006
2024-12-06 19:00:00,2639.8999,2645.67993,2632.6001,2638.52002
2024-12-06 23:00:00,2638.52002,2643.6499,2624.13989,2637.63989
2024-12-07 03:00:00,2637.72998,2641.6499,2633.11011,2634.8999
2024-12-07 07:00:00,2635.030029,2636.46997,2631.21997,2633.19995
2024-12-09 07:00:00,2643.19995,2648.1001,2636.48999,2640.18994
2024-12-09 11:00:00,2640.11011,2650.63989,2627.59009,2638.81006
2024-12-09 15:00:00,2638.8999,2651.19995,2634.72998,2650.61011
2024-12-09 19:00:00,2650.69995,2660.38989,2646.18994,2656.3501
2024-12-09 23:00:00,2656.30005,2676.43994,2653.3999,2668.42993
2024-12-10 03:00:00,2667.8501,2670.63989,2658.97998,2660.31006
2024-12-10 07:00:00,2659.96997,2661.71997,2656.82007,2660.56006
2024-12-10 11:00:00,2660.63989,2671.81006,2658.01001,2670.02002
2024-12-10 15:00:00,2670.1499,2673.8501,2663.73999,2664.71997
2024-12-10 19:00:00,2664.72998,2676.78003,2661.27002,2674.72998
2024-12-10 23:00:00,2674.69995,2691.76001,2672.3999,2687.43994
2024-12-11 03:00:00,2687.42993,2695.61011,2684.73999,2691.97998
2024-12-11 07:00:00,2692.01001,2698.38989,2690.97998,2696.060059
2024-12-11 11:00:00,2696.090088,2704.38989,2693.57007,2695.72998
2024-12-11 15:00:00,2695.71997,2698.37988,2675.55005,2689.88989
2024-12-11 19:00:00,2689.61011,2699.8999,2686.80005,2696.53003
2024-12-11 23:00:00,2696.61011,2715.98999,2690.72998,2713.21997
2024-12-12 03:00:00,2713.19995,2721.13989,2711.21997,2718.11011
2024-12-12 07:00:00,2718.12012,2720.3999,2716.12012,2720.1499
2024-12-12 11:00:00,2720.11011,2726.30005,2700.78003,2710.6001
2024-12-12 15:00:00,2710.58008,2720.47998,2709.8999,2716.86011
2024-12-12 19:00:00,2716.34009,2719.38989,2707.52002,2710.94995
2024-12-12 23:00:00,2710.8501,2712.47998,2675.22998,2679.69995
2024-12-13 03:00:00,2679.76001,2687.060059,2677.56006,2683.070068
2024-12-13 07:00:00,2683.070068,2683.59009,2679.61011,2680.73999
2024-12-13 11:00:00,2680.72998,2692.76001,2679.02002,2688.31006
2024-12-13 15:00:00,2688.16992,2690.6499,2681.28003,2683.3501
2024-12-13 19:00:00,2683.15991,2684.73999,2664.43994,2665.090088
2024-12-13 23:00:00,2664.90991,2672.98999,2654.80005,2660.1001
2024-12-14 03:00:00,2659.84009,2664.52002,2652.31006,2653.070068
2024-12-14 07:00:00,2653.030029,2653.56006,2646.23999,2648.51001
2024-12-16 07:00:00,2649.1499,2653.13989,2648.8501,2651.57007
2024-12-16 11:00:00,2651.47998,2655.68994,2643.6499,2653.96997
2024-12-16 15:00:00,2653.8501,2655.90991,2649.61011,2653.8501
2024-12-16 19:00:00,2653.6001,2664.21997,2652.43994,2663.6499
2024-12-16 23:00:00,2663.8501,2664.47998,2650.96997,2654.48999
2024-12-17 03:00:00,2654.53003,2655.82007,2648.61011,2653.36011
2024-12-17 07:00:00,2653.3501,2653.6499,2651.57007,2651.78003
2024-12-17 11:00:00,2651.81006,2658.76001,2651.27002,2653.68994
2024-12-17 15:00:00,2653.59009,2657.090088,2646.57007,2653.82007
2024-12-17 19:00:00,2653.47998,2653.72998,2636.36011,2642.31006
2024-12-17 23:00:00,2642.27002,2646.92993,2633.22998,2640.11011
2024-12-18 03:00:00,2640.26001,2649.1001,2636.80005,2645.40991
2024-12-18 07:00:00,2645.44995,2647.71997,2643.22998,2647.47998
2024-12-18 11:00:00,2647.51001,2651.80005,2645.3999,2645.73999
2024-12-18 15:00:00,2645.6001,2649.52002,2642.82007,2644.81006
2024-12-18 19:00:00,2644.73999,2649.65991,2642.22998,2646.23999
2024-12-18 23:00:00,2646.19995,2647.80005,2634.22998,2638.28003
2024-12-19 03:00:00,2638.26001,2640.060059,2604.28003,2604.28003
2024-12-19 07:00:00,2604.63989,2609.3999,2583.55005,2588.02002
2024-12-19 11:00:00,2588.1499,2618.11011,2587.93994,2610.22998
2024-12-19 15:00:00,2610.48999,2622.63989,2603.3999,2616.62012
2024-12-19 19:00:00,2616.65991,2626.44995,2613.36011,2616.86011
2024-12-19 23:00:00,2616.8999,2616.8999,2587.060059,2588.77002
2024-12-20 03:00:00,2588.36011,2601.060059,2587.32007,2596.8501
2024-12-20 07:00:00,2596.98999,2600.37988,2592.40991,2593.70996
2024-12-20 11:00:00,2593.65991,2604.090088,2589.80005,2598.56006
2024-12-20 15:00:00,2598.57007,2607.59009,2596.56006,2606.3501
2024-12-20 19:00:00,2606.01001,2607.77002,2600.28003,2603.73999
2024-12-20 23:00:00,2603.81006,2631.18994,2600.86011,2630.3999
2024-12-21 03:00:00,2631.1001,2631.77002,2622.3501,2627.94995
2024-12-21 07:00:00,2627.93994,2628.13989,2619.3999,2623.29004
2024-12-23 07:00:00,2622.87988,2624.81006,2621.8501,2624.31006
2024-12-23 11:00:00,2624.63989,2627.51001,2617.59009,2624.17993
2024-12-23 15:00:00,2624.15991,2633.30005,2623.96997,2630.31006
2024-12-23 19:00:00,2629.68994,2632.18994,2613.18994,2616.31006
2024-12-23 23:00:00,2616.34009,2619.90991,2609.38989,2609.87988
2024-12-24 03:00:00,2609.87012,2616.68994,2608.18994,2611.27002
2024-12-24 07:00:00,2611.37988,2617.15991,2609.22998,2615.52002
2024-12-24 11:00:00,2615.46997,2620.050049,2613.6001,2618.77002
2024-12-24 15:00:00,2618.8501,2621.46997,2616.56006,2618.3999
2024-12-24 19:00:00,2618.52002,2619.76001,2612.57007,2615.26001
2024-12-24 23:00:00,2615.32007,2617.22998,2610.19995,2611.80005
2024-12-25 03:00:00,2611.81006,2619.38989,2611.6499,2617.27002
2024-12-26 07:00:00,2616.29004,2620.36011,2615.22998,2619.01001
2024-12-26 11:00:00,2618.98999,2629.070068,2618.98999,2626.98999
2024-12-26 15:00:00,2626.94995,2629.59009,2623.67993,2625.61011
2024-12-26 19:00:00,2625.56006,2630.060059,2625.11011,2627.90991
2024-12-26 23:00:00,2627.86011,2639.12012,2621.86011,2636.52002
2024-12-27 03:00:00,2636.48999,2636.77002,2628.01001,2635.060059
2024-12-27 07:00:00,2634.94995,2636.22998,2631.6499,2632.94995
2024-12-27 11:00:00,2632.86011,2635.59009,2629.030029,2633.81006
2024-12-27 15:00:00,2633.81006,2638.36011,2631.3999,2633.59009
2024-12-27 19:00:00,2633.27002,2633.41992,2623.62012,2628.73999
2024-12-27 23:00:00,2628.77002,2631.65991,2611.81006,2618.22998
2024-12-28 03:00:00,2618.23999,2621.43994,2614.17993,2620.72998
2024-12-28 07:00:00,2620.68994,2622.28003,2612.82007,2621.8999
2024-12-30 07:00:00,2621.61011,2626.21997,2621.54004,2624.050049
2024-12-30 11:00:00,2624.27002,2628.11011,2621.51001,2626.6499
2024-12-30 15:00:00,2626.63989,2626.63989,2615.93994,2616.86011
2024-12-30 19:00:00,2616.72998,2618.72998,2609.37988,2616.43994
2024-12-30 23:00:00,2616.40991,2622.57007,2599.78003,2601.71997
2024-12-31 03:00:00,2601.68994,2608.36011,2596.19995,2607.17993
2024-12-31 07:00:00,2607.15991,2609.61011,2603.98999,2606.73999
2024-12-31 11:00:00,2606.80005,2611.6499,2603.56006,2604.65991
2024-12-31 15:00:00,2604.68994,2614.19995,2602.69995,2613.8501
2024-12-31 19:00:00,2613.90991,2617.73999,2609.87988,2611.23999
2024-12-31 23:00:00,2611.11011,2626.68994,2605.43994,2625.86011
2025-01-01 03:00:00,2625.78003,2627.57007,2622.43994,2623.84009
2025-01-01 07:00:00,2623.66992,2625.030029,2622.15991,2624.56006
2025-01-02 07:00:00,2625.1499,2625.73999,2621.78003,2623.80005
2025-01-02 11:00:00,2624.11011,2636.47998,2622.8501,2633.77002
2025-01-02 15:00:00,2633.72998,2636.55005,2631.21997,2636.1001
2025-01-02 19:00:00,2636.40991,2646.12012,2631.22998,2642.090088
2025-01-02 23:00:00,2642.1001,2655.8501,2636.21997,2654.1499
2025-01-03 03:00:00,2654.15991,2660.44995,2650.11011,2654.78003
2025-01-03 07:00:00,2654.93994,2660.44995,2654.26001,2658.48999
2025-01-03 11:00:00,2658.55005,2665.34009,2656.3999,2662.3999
2025-01-03 15:00:00,2662.36011,2664.44995,2651.90991,2654.40991
2025-01-03 19:00:00,2654.31006,2659.37988,2649.92993,2657.73999
2025-01-03 23:00:00,2657.68994,2658.34009,2641.11011,2643.98999
2025-01-04 03:00:00,2643.8999,2647.31006,2639.17993,2639.68994
2025-01-04 07:00:00,2639.42993,2640.8501,2636.83008,2639.48999
2025-01-06 07:00:00,2639.91992,2642.44995,2639.83008,2641.1001
2025-01-06 11:00:00,2641.1499,2647.3999,2638.69995,2640.21997
2025-01-06 15:00:00,2640.20996,2640.8501,2625.52002,2626.93994
2025-01-06 19:00:00,2626.87988,2649.46997,2625.88989,2645.6499
2025-01-06 23:00:00,2645.61011,2648.88989,2614.88989,2634.36011
2025-01-07 03:00:00,2634.47998,2641.21997,2632.61011,2634.47998
2025-01-07 07:00:00,2634.46997,2637.030029,2633.31006,2634.69995
2025-01-07 11:00:00,2634.68994,2641.18994,2633.070068,2639.6499
2025-01-07 15:00:00,2639.61011,2646.72998,2637.17993,2640.59009
2025-01-07 19:00:00,2640.55005,2648.77002,2640.17993,2648.56006
2025-01-07 23:00:00,2648.67993,2664.26001,2642.45996,2647.81006
2025-01-08 03:00:00,2647.80005,2655.97998,2646.78003,2649.44995
2025-01-08 07:00:00,2649.43994,2651.47998,2647.37988,2649.8501
2025-01-08 11:00:00,2649.6499,2651.6001,2645.72998,2646.8501
2025-01-08 15:00:00,2646.81006,2654.52002,2645.3501,2652.73999
2025-01-08 19:00:00,2652.55005,2655.22998,2647.84009,2650.94995
2025-01-08 23:00:00,2650.95996,2667.72998,2646.1001,2665.92993
2025-01-09 03:00:00,2665.90991,2669.95996,2649.56006,2658.3501
2025-01-09 07:00:00,2658.36011,2664.090088,2658.36011,2662.59009
2025-01-09 11:00:00,2662.63989,2662.81006,2656.52002,2659.42993
2025-01-09 15:00:00,2659.40991,2666.93994,2655.72998,2662.51001
2025-01-09 19:00:00,2662.37988,2673.22998,2660.56006,2670.12012
2025-01-09 23:00:00,2670.27002,2678.15991,2667.31006,2668.33008
2025-01-10 03:00:00,2668.3501,2672.56006,2662.84009,2670.22998
2025-01-10 07:00:00,2670.3501,2671.38989,2668.55005,2670.070068
2025-01-10 11:00:00,2670.19995,2674.81006,2669.080078,2673.72998
2025-01-10 15:00:00,2673.77002,2678.81006,2671.67993,2676.22998
2025-01-10 19:00:00,2676.22998,2683.080078,2675.77002,2681.48999
2025-01-10 23:00:00,2681.43994,2697.8999,2664.13989,2692.81006
2025-01-11 03:00:00,2692.77002,2697.76001,2684.70996,2685.93994
2025-01-11 07:00:00,2685.94995,2693.47998,2684.71997,2690.15991
2025-01-13 07:00:00,2689.93994,2691.52002,2687.56006,2691.090088
2025-01-13 11:00:00,2691.050049,2693.32007,2679.46997,2688.11011
2025-01-13 15:00:00,2688.090088,2691.3501,2683.55005,2685.30005
2025-01-13 19:00:00,2685.18994,2689.78003,2675.63989,2676.070068
2025-01-13 23:00:00,2676.1499,2677.28003,2661.27002,2661.96997
2025-01-14 03:00:00,2661.8999,2667.94995,2656.90991,2658.97998
2025-01-14 07:00:00,2658.97998,2669.6001,2658.8501,2667.97998
2025-01-14 11:00:00,2668.12012,2672.26001,2666.47998,2669.78003
2025-01-14 15:00:00,2669.87988,2675.31006,2667.3501,2669.28003
2025-01-14 19:00:00,2669.27002,2674.51001,2664.77002,2669.3501
2025-01-14 23:00:00,2669.47998,2674.25,2659.96997,2671.75
2025-01-15 03:00:00,2671.80005,2676.3501,2666.81006,2674.37988
2025-01-15 07:00:00,2674.34009,2678.26001,2671.96997,2675.66992
2025-01-15 11:00:00,2675.66992,2676.44995,2669.42993,2676.29004
2025-01-15 15:00:00,2676.31006,2684.13989,2674.37988,2681.38989
2025-01-15 19:00:00,2681.46997,2689.080078,2681.31006,2686.93994
2025-01-15 23:00:00,2686.87988,2696.060059,2676.77002,2678.52002
2025-01-16 03:00:00,2678.65991,2695.13989,2677.060059,2693.93994
2025-01-16 07:00:00,2694.1001,2697.55005,2693.37012,2695.02002
2025-01-16 11:00:00,2695.20996,2701.94995,2693.040039,2697.12012
2025-01-16 15:00:00,2697.1001,2700.0,2690.1001,2698.3501
2025-01-16 19:00:00,2698.41992,2711.29004,2697.21997,2706.31006
2025-01-16 23:00:00,2706.34009,2719.59009,2700.41992,2716.95996
2025-01-17 03:00:00,2717.18994,2724.77002,2714.88989,2715.37988
2025-01-17 07:00:00,2715.40991,2717.080078,2712.55005,2714.62012
2025-01-17 11:00:00,2714.5,2717.44995,2710.030029,2715.54004
2025-01-17 15:00:00,2715.52002,2716.6001,2708.97998,2710.57007
2025-01-17 19:00:00,2710.67993,2713.040039,2703.01001,2708.02002
2025-01-17 23:00:00,2708.1001,2714.96997,2703.0,2714.3501
2025-01-18 03:00:00,2714.3501,2717.27002,2702.88989,2703.27002
2025-01-18 07:00:00,2703.21997,2704.27002,2699.40991,2702.86011
2025-01-20 07:00:00,2703.15991,2703.37988,2691.37988,2696.36011
2025-01-20 11:00:00,2696.38989,2704.12012,2689.44995,2703.58008
2025-01-20 15:00:00,2703.6001,2713.98999,2702.3501,2703.67993
2025-01-20 19:00:00,2703.6499,2712.44995,2703.01001,2708.47998
2025-01-20 23:00:00,2708.52002,2712.25,2702.32007,2707.15991
2025-01-21 03:00:00,2707.13989,2711.3501,2703.3999,2708.31006
2025-01-21 07:00:00,2707.44995,2711.16992,2706.72998,2710.41992
2025-01-21 11:00:00,2710.41992,2726.97998,2702.87012,2724.34009
2025-01-21 15:00:00,2724.37988,2732.70996,2722.70996,2729.69995
2025-01-21 19:00:00,2729.67993,2729.67993,2716.59009,2723.97998
2025-01-21 23:00:00,2724.22998,2740.3999,2722.02002,2738.87988
2025-01-22 03:00:00,2738.92993,2745.96997,2737.87988,2742.95996
2025-01-22 07:00:00,2742.80005,2745.77002,2740.15991,2744.3501
2025-01-22 11:00:00,2744.54004,2751.12988,2742.71997,2750.43994
2025-01-22 15:00:00,2750.41992,2758.67993,2745.71997,2748.87012
2025-01-22 19:00:00,2748.8501,2763.37988,2747.01001,2756.52002
2025-01-22 23:00:00,2756.59009,2761.68994,2750.51001,2759.40991
2025-01-23 03:00:00,2759.47998,2760.22998,2755.12012,2755.42993
2025-01-23 07:00:00,2755.44995,2757.22998,2754.040039,2755.63989
2025-01-23 11:00:00,2754.96997,2756.27002,2749.6499,2750.090088
2025-01-23 15:00:00,2750.15991,2755.63989,2750.030029,2752.91992
2025-01-23 19:00:00,2752.90991,2754.8501,2741.090088,2752.060059
2025-01-23 23:00:00,2751.97998,2753.38989,2735.96997,2746.59009
2025-01-24 03:00:00,2745.81006,2758.83008,2744.33008,2754.19995
2025-01-24 07:00:00,2754.12012,2755.66992,2751.47998,2754.68994
2025-01-24 11:00:00,2754.62012,2777.37012,2754.43994,2772.55005
2025-01-24 15:00:00,2772.51001,2778.3501,2770.67993,2772.66992
2025-01-24 19:00:00,2772.57007,2780.17993,2770.060059,2776.72998
2025-01-24 23:00:00,2776.68994,2786.050049,2774.0,2775.93994
2025-01-25 03:00:00,2775.87012,2777.54004,2770.1001,2774.68994
2025-01-25 07:00:00,2774.67993,2774.8501,2770.66992,2771.25
2025-01-27 07:00:00,2765.66992,2769.6499,2765.11011,2767.72998
2025-01-27 11:00:00,2767.87988,2772.61011,2754.21997,2761.19995
2025-01-27 15:00:00,2761.16992,2761.17993,2747.37012,2749.47998
2025-01-27 19:00:00,2749.69995,2772.02002,2749.40991,2771.40991
2025-01-27 23:00:00,2771.58008,2771.70996,2739.6499,2741.93994
2025-01-28 03:00:00,2742.080078,2743.16992,2730.59009,2739.37988
2025-01-28 07:00:00,2739.43994,2745.31006,2738.22998,2741.6499
2025-01-28 11:00:00,2741.78003,2745.17993,2737.95996,2738.80005
2025-01-28 15:00:00,2738.87988,2744.8999,2738.42993,2738.8501
2025-01-28 19:00:00,2739.43994,2745.31006,2734.8999,2742.81006
2025-01-28 23:00:00,2742.90991,2757.27002,2741.38989,2755.38989
2025-01-29 03:00:00,2755.37988,2765.02002,2755.3501,2764.87012
2025-01-29 07:00:00,2764.8501,2765.060059,2762.46997,2762.71997
2025-01-29 11:00:00,2762.6001,2766.30005,2762.37988,2762.82007
2025-01-29 15:00:00,2762.69995,2764.27002,2757.54004,2759.21997
2025-01-29 19:00:00,2759.3501,2766.0,2757.18994,2759.1001
2025-01-29 23:00:00,2759.02002,2761.1001,2748.77002,2754.26001
2025-01-30 03:00:00,2754.3501,2757.81006,2744.90991,2755.32007
2025-01-30 07:00:00,2755.20996,2760.6001,2752.75,2760.41992
2025-01-30 11:00:00,2760.36011,2762.65991,2759.02002,2761.92993
2025-01-30 15:00:00,2761.71997,2769.55005,2758.8999,2769.21997
2025-01-30 19:00:00,2769.0,2779.45996,2768.72998,2777.69995
2025-01-30 23:00:00,2777.55005,2796.79004,2776.30005,2795.5
2025-01-31 03:00:00,2795.51001,2798.47998,2788.97998,2793.54004
2025-01-31 07:00:00,2793.3999,2798.3999,2789.55005,2796.27002
2025-01-31 11:00:00,2796.37988,2799.6001,2794.62988,2796.52002
2025-01-31 15:00:00,2796.38989,2800.95996,2792.21997,2798.45996
2025-01-31 19:00:00,2798.37012,2800.83008,2791.12988,2800.37988
2025-01-31 23:00:00,2800.42993,2817.12012,2800.22998,2809.17993
2025-02-01 03:00:00,2809.3501,2816.12012,2795.44995,2796.33008
2025-02-01 07:00:00,2796.070068,2802.58008,2794.37012,2798.52002
2025-02-03 07:00:00,2802.30005,2804.79004,2785.71997,2793.93994
2025-02-03 11:00:00,2793.91992,2796.19995,2772.37988,2774.56006
2025-02-03 15:00:00,2774.48999,2789.93994,2774.31006,2789.38989
2025-02-03 19:00:00,2789.56006,2804.29004,2787.15991,2801.33008
2025-02-03 23:00:00,2801.46997,2830.6001,2800.52002,2817.5
2025-02-04 03:00:00,2817.47998,2825.16992,2813.18994,2818.37012
2025-02-04 07:00:00,2818.29004,2819.47998,2812.37012,2814.13989
2025-02-04 11:00:00,2814.060059,2824.6001,2812.90991,2821.5
2025-02-04 15:00:00,2821.30005,2821.56006,2807.37012,2812.72998
2025-02-04 19:00:00,2812.87012,2821.90991,2810.21997,2815.52002
2025-02-04 23:00:00,2815.54004,2845.51001,2814.63989,2835.96997
2025-02-05 03:00:00,2835.81006,2845.060059,2832.70996,2843.1001
2025-02-05 07:00:00,2843.1499,2844.84009,2840.6499,2841.34009
2025-02-05 11:00:00,2841.47998,2854.55005,2839.87012,2852.37988
2025-02-05 15:00:00,2852.3501,2864.27002,2851.92993,2864.22998
2025-02-05 19:00:00,2864.090088,2877.060059,2863.72998,2868.76001
2025-02-05 23:00:00,2868.78003,2882.3501,2858.72998,2880.30005
2025-02-06 03:00:00,2880.21997,2881.13989,2862.90991,2863.66992
2025-02-06 07:00:00,2863.65991,2871.0,2860.090088,2869.3501
2025-02-06 11:00:00,2869.3501,2873.27002,2863.79004,2869.40991
2025-02-06 15:00:00,2869.41992,2872.27002,2855.1001,2855.80005
2025-02-06 19:00:00,2856.01001,2867.46997,2849.0,2866.080078
2025-02-06 23:00:00,2866.1001,2870.37012,2834.3501,2850.65991
2025-02-07 03:00:00,2850.6499,2854.80005,2848.26001,2854.050049
2025-02-07 07:00:00,2854.0,2858.72998,2853.8999,2858.11011
2025-02-07 11:00:00,2858.080078,2870.62012,2857.93994,2867.31006
2025-02-07 15:00:00,2867.26001,2869.63989,2859.1001,2864.26001
2025-02-07 19:00:00,2864.22998,2870.72998,2863.38989,2867.80005
2025-02-07 23:00:00,2867.81006,2886.81006,2852.70996,2880.62012
2025-02-08 03:00:00,2881.1001,2881.55005,2853.47998,2860.29004
2025-02-08 07:00:00,2860.12988,2863.88989,2859.47998,2860.87012
2025-02-10 07:00:00,2861.3999,2870.31006,2860.44995,2867.62988
2025-02-10 11:00:00,2867.80005,2876.69995,2865.87988,2875.63989
2025-02-10 15:00:00,2875.6499,2896.66992,2874.55005,2895.71997
2025-02-10 19:00:00,2895.70996,2906.19995,2892.3999,2904.76001
2025-02-10 23:00:00,2904.69995,2911.43994,2896.6001,2909.080078
2025-02-11 03:00:00,2909.20996,2910.31006,2896.68994,2904.41992
2025-02-11 07:00:00,2904.44995,2921.69995,2903.02002,2917.8999
2025-02-11 11:00:00,2917.95996,2942.68994,2906.16992,2919.72998
2025-02-11 15:00:00,2919.70996,2929.54004,2907.45996,2913.54004
2025-02-11 19:00:00,2913.33008,2915.27002,2902.0,2903.96997
2025-02-11 23:00:00,2903.94995,2906.62988,2881.8999,2904.83008
2025-02-12 03:00:00,2904.81006,2908.72998,2899.72998,2900.29004
2025-02-12 07:00:00,2900.26001,2900.81006,2894.25,2898.62988
2025-02-12 11:00:00,2898.88989,2898.88989,2883.77002,2889.1001
2025-02-12 15:00:00,2889.1001,2895.84009,2883.79004,2892.81006
2025-02-12 19:00:00,2892.95996,2894.090088,2879.47998,2879.83008
2025-02-12 23:00:00,2879.8501,2898.060059,2864.22998,2894.71997
2025-02-13 03:00:00,2894.58008,2909.12988,2892.30005,2897.92993
2025-02-13 07:00:00,2897.95996,2906.47998,2895.62012,2905.87012
2025-02-13 11:00:00,2906.080078,2918.16992,2901.57007,2916.62988
2025-02-13 15:00:00,2916.63989,2922.92993,2912.56006,2914.67993
2025-02-13 19:00:00,2914.75,2919.52002,2909.62012,2918.060059
2025-02-13 23:00:00,2918.060059,2921.33008,2906.090088,2920.3999
2025-02-14 03:00:00,2920.45996,2927.47998,2913.090088,2926.96997
2025-02-14 07:00:00,2926.92993,2932.44995,2924.92993,2931.23999
2025-02-14 11:00:00,2931.41992,2933.90991,2923.3501,2924.51001
2025-02-14 15:00:00,2924.5,2936.90991,2923.96997,2931.94995
2025-02-14 19:00:00,2931.91992,2940.1001,2929.3999,2931.060059
2025-02-14 23:00:00,2931.1499,2933.30005,2893.12012,2902.040039
2025-02-15 03:00:00,2901.81006,2903.90991,2878.94995,2880.76001
2025-02-15 07:00:00,2880.67993,2886.25,2877.1499,2882.54004
2025-02-17 07:00:00,2893.67993,2893.91992,2878.90991,2879.31006
2025-02-17 11:00:00,2879.75,2904.71997,2879.51001,2903.67993
2025-02-17 15:00:00,2903.52002,2905.34009,2888.42993,2902.56006
2025-02-17 19:00:00,2902.77002,2906.41992,2895.17993,2901.1001
2025-02-17 23:00:00,2900.91992,2903.96997,2895.56006,2899.31006
2025-02-18 03:00:00,2899.33008,2901.22998,2896.65991,2898.3999
2025-02-18 07:00:00,2899.33008,2899.52002,2897.23999,2899.21997
2025-02-18 11:00:00,2899.26001,2910.80005,2892.12988,2908.96997
2025-02-18 15:00:00,2909.040039,2915.68994,2907.3501,2911.6499
2025-02-18 19:00:00,2911.62988,2914.97998,2907.22998,2914.27002
2025-02-18 23:00:00,2914.52002,2929.75,2912.21997,2927.37988
2025-02-19 03:00:00,2927.21997,2936.95996,2924.31006,2935.8501
2025-02-19 07:00:00,2935.8501,2936.80005,2932.6001,2934.1001
2025-02-19 11:00:00,2934.12012,2939.84009,2924.32007,2928.96997
2025-02-19 15:00:00,2928.8501,2935.93994,2926.70996,2934.25
2025-02-19 19:00:00,2934.37012,2947.050049,2933.81006,2935.16992
2025-02-19 23:00:00,2935.17993,2941.68994,2925.81006,2925.81006
2025-02-20 03:00:00,2925.45996,2932.31006,2918.8501,2931.84009
2025-02-20 07:00:00,2931.77002,2937.44995,2931.56006,2935.55005
2025-02-20 11:00:00,2935.6499,2944.17993,2934.0,2942.060059
2025-02-20 15:00:00,2942.060059,2954.22998,2939.3999,2948.96997
2025-02-20 19:00:00,2949.42993,2954.88989,2947.34009,2948.87988
2025-02-20 23:00:00,2948.93994,2950.8999,2924.3999,2938.52002
2025-02-21 03:00:00,2939.040039,2947.060059,2933.63989,2937.97998
2025-02-21 07:00:00,2938.02002,2943.33008,2935.59009,2941.66992
2025-02-21 11:00:00,2941.56006,2949.87012,2926.59009,2931.26001
2025-02-21 15:00:00,2931.16992,2934.16992,2924.31006,2930.1001
2025-02-21 19:00:00,2929.88989,2936.17993,2916.87012,2928.40991
2025-02-21 23:00:00,2928.42993,2939.18994,2921.72998,2928.8501
2025-02-22 03:00:00,2928.72998,2942.87012,2927.43994,2933.52002
2025-02-22 07:00:00,2933.31006,2938.3501,2932.16992,2936.080078
2025-02-24 07:00:00,2939.67993,2940.46997,2936.53003,2936.87988
2025-02-24 11:00:00,2936.58008,2944.79004,2921.5,2941.33008
2025-02-24 15:00:00,2941.45996,2944.95996,2935.44995,2943.96997
2025-02-24 19:00:00,2943.95996,2948.83008,2935.060059,2947.8501
2025-02-24 23:00:00,2947.95996,2956.26001,2930.91992,2936.59009
2025-02-25 03:00:00,2936.6001,2949.88989,2936.6001,2949.37988
2025-02-25 07:00:00,2949.21997,2953.69995,2947.060059,2950.12012
2025-02-25 11:00:00,2950.22998,2952.6001,2937.57007,2939.58008
2025-02-25 15:00:00,2939.31006,2941.080078,2930.76001,2931.6499
2025-02-25 19:00:00,2931.87012,2942.42993,2929.62988,2938.72998
2025-02-25 23:00:00,2938.91992,2944.75,2900.72998,2905.84009
2025-02-26 03:00:00,2905.92993,2913.8999,2888.6499,2912.18994
2025-02-26 07:00:00,2912.15991,2919.02002,2910.97998,2918.67993
2025-02-26 11:00:00,2918.67993,2930.25,2914.8999,2916.80005
2025-02-26 15:00:00,2917.29004,2921.1001,2905.90991,2915.52002
2025-02-26 19:00:00,2915.27002,2919.080078,2909.63989,2913.90991
2025-02-26 23:00:00,2913.87988,2915.62988,2890.8999,2913.38989
2025-02-27 03:00:00,2913.59009,2916.72998,2909.96997,2913.97998
2025-02-27 07:00:00,2914.0,2920.8501,2912.13989,2919.3501
2025-02-27 11:00:00,2919.31006,2919.31006,2904.38989,2905.79004
2025-02-27 15:00:00,2905.87988,2906.47998,2888.040039,2892.02002
2025-02-27 19:00:00,2891.8501,2895.1001,2877.060059,2884.02002
2025-02-27 23:00:00,2884.12988,2892.44995,2868.090088,2872.29004
2025-02-28 03:00:00,2871.91992,2887.72998,2871.91992,2879.27002
2025-02-28 07:00:00,2879.37012,2879.38989,2871.3999,2876.02002
2025-02-28 11:00:00,2875.8999,2885.22998,2863.67993,2865.82007
2025-02-28 15:00:00,2865.80005,2867.13989,2857.22998,2858.71997
2025-02-28 19:00:00,2858.72998,2864.96997,2851.13989,2862.38989
2025-02-28 23:00:00,2862.56006,2865.0,2832.77002,2850.040039
2025-03-01 03:00:00,2850.27002,2854.01001,2838.13989,2849.79004
2025-03-01 07:00:00,2849.51001,2859.36011,2847.77002,2857.44995
2025-03-03 07:00:00,2873.30005,2876.75,2864.56006,2870.96997
2025-03-03 11:00:00,2871.34009,2872.050049,2859.44995,2864.91992
2025-03-03 15:00:00,2864.8999,2868.55005,2860.16992,2863.3501
2025-03-03 19:00:00,2863.51001,2875.58008,2859.02002,2874.47998
2025-03-03 23:00:00,2874.3501,2890.52002,2868.97998,2887.97998
2025-03-04 03:00:00,2887.92993,2893.02002,2879.8501,2881.69995
2025-03-04 07:00:00,2881.63989,2895.30005,2878.47998,2890.94995
2025-03-04 11:00:00,2890.95996,2893.81006,2882.090088,2888.67993
2025-03-04 15:00:00,2888.46997,2900.96997,2884.47998,2900.040039
2025-03-04 19:00:00,2899.38989,2921.83008,2896.97998,2920.12988
2025-03-04 23:00:00,2920.15991,2927.84009,2900.54004,2906.22998
2025-03-05 03:00:00,2906.21997,2916.56006,2903.94995,2916.21997
2025-03-05 07:00:00,2915.95996,2920.63989,2913.42993,2914.55005
2025-03-05 11:00:00,2914.43994,2917.25,2902.1499,2908.8501
2025-03-05 15:00:00,2908.81006,2921.76001,2908.69995,2918.1499
2025-03-05 19:00:00,2917.91992,2922.56006,2909.1001,2913.34009
2025-03-05 23:00:00,2913.41992,2923.87988,2894.44995,2917.20996
2025-03-06 03:00:00,2917.1001,2929.8501,2911.67993,2920.62988
2025-03-06 07:00:00,2920.62012,2923.02002,2916.88989,2918.41992
2025-03-06 11:00:00,2918.3501,2926.59009,2915.93994,2921.20996
2025-03-06 15:00:00,2921.19995,2923.1001,2909.94995,2909.97998
2025-03-06 19:00:00,2910.3501,2911.40991,2891.43994,2905.8501
2025-03-06 23:00:00,2905.80005,2922.79004,2899.47998,2914.56006
2025-03-07 03:00:00,2914.6001,2921.3999,2912.47998,2914.080078
2025-03-07 07:00:00,2913.8501,2916.56006,2908.52002,2910.52002
2025-03-07 11:00:00,2910.47998,2910.47998,2896.83008,2905.44995
2025-03-07 15:00:00,2905.40991,2917.42993,2904.94995,2917.28003
2025-03-07 19:00:00,2916.90991,2923.060059,2915.34009,2918.8501
2025-03-07 23:00:00,2918.95996,2930.42993,2904.15991,2915.87988
2025-03-08 03:00:00,2915.70996,2919.46997,2902.29004,2905.45996
2025-03-08 07:00:00,2905.3501,2912.82007,2904.88989,2909.43994
2025-03-10 07:00:00,2912.41992,2916.95996,2909.87012,2916.27002
2025-03-10 11:00:00,2916.16992,2918.28003,2908.19995,2911.0
2025-03-10 15:00:00,2910.98999,2915.58008,2904.5,2908.45996
2025-03-10 19:00:00,2908.45996,2915.37012,2895.62988,2904.16992
2025-03-10 23:00:00,2903.94995,2910.61011,2897.79004,2904.61011
2025-03-11 03:00:00,2904.48999,2906.90991,2880.3999,2885.37012
2025-03-11 07:00:00,2885.18994,2890.20996,2882.45996,2884.75
2025-03-11 11:00:00,2884.68994,2900.54004,2880.43994,2896.90991
2025-03-11 15:00:00,2896.95996,2903.67993,2892.83008,2901.19995
2025-03-11 19:00:00,2901.30005,2915.40991,2900.6001,2913.72998
2025-03-11 23:00:00,2913.73999,2922.26001,2906.97998,2916.82007
2025-03-12 03:00:00,2916.57007,2921.37988,2914.20996,2918.48999
2025-03-12 07:00:00,2918.36011,2919.68994,2914.54004,2915.59009
2025-03-12 11:00:00,2915.6001,2920.02002,2911.0,2915.02002
2025-03-12 15:00:00,2914.96997,2921.17993,2909.050049,2914.61011
2025-03-12 19:00:00,2914.51001,2925.37988,2912.78003,2915.38989
2025-03-12 23:00:00,2915.42993,2929.11011,2906.22998,2928.44995
2025-03-13 03:00:00,2928.81006,2940.6001,2928.0,2931.37988
2025-03-13 07:00:00,2931.34009,2939.43994,2930.94995,2938.15991
2025-03-13 11:00:00,2938.19995,2947.1001,2936.6001,2945.68994
2025-03-13 15:00:00,2945.51001,2946.34009,2932.8999,2935.29004
2025-03-13 19:00:00,2935.46997,2948.90991,2934.93994,2946.3999
2025-03-13 23:00:00,2946.37988,2978.47998,2939.11011,2977.82007
2025-03-14 03:00:00,2978.070068,2985.43994,2976.47998,2982.97998
2025-03-14 07:00:00,2983.12988,2990.01001,2981.34009,2986.45996
2025-03-14 11:00:00,2986.17993,2993.01001,2981.82007,2992.73999
2025-03-14 15:00:00,2992.75,2993.8999,2980.92993,2986.93994
2025-03-14 19:00:00,2986.66992,3004.94995,2985.29004,2993.52002
2025-03-14 23:00:00,2993.83008,2999.51001,2978.59009,2984.6499
2025-03-15 03:00:00,2984.58008,2990.37988,2982.32007,2984.02002
2025-03-15 07:00:00,2984.01001,2988.87988,2981.93994,2985.040039
2025-03-17 07:00:00,2987.8501,2994.19995,2986.22998,2990.02002
2025-03-17 11:00:00,2990.090088,2993.090088,2985.5,2987.070068
2025-03-17 15:00:00,2987.060059,2990.79004,2982.33008,2985.65991
2025-03-17 19:00:00,2985.44995,3001.22998,2983.20996,2997.6001
2025-03-17 23:00:00,2997.6499,3000.57007,2984.8999,2997.23999
2025-03-18 03:00:00,2997.21997,3000.83008,2993.1499,3000.37012
2025-03-18 07:00:00,3000.3999,3002.86011,2999.69995,2999.84009
2025-03-18 11:00:00,2999.86011,3015.080078,2999.6001,3011.51001
2025-03-18 15:00:00,3011.54004,3018.96997,3006.18994,3016.57007
2025-03-18 19:00:00,3016.56006,3029.62012,3016.56006,3026.98999
2025-03-18 23:00:00,3027.13989,3038.33008,3024.70996,3031.82007
2025-03-19 03:00:00,3031.77002,3038.030029,3029.92993,3035.52002
2025-03-19 07:00:00,3035.77002,3036.02002,3031.6001,3031.82007
2025-03-19 11:00:00,3031.72998,3039.0,3027.52002,3036.36011
2025-03-19 15:00:00,3036.11011,3045.38989,3034.36011,3035.92993
2025-03-19 19:00:00,3035.84009,3039.97998,3022.95996,3039.11011
2025-03-19 23:00:00,3039.070068,3041.13989,3025.96997,3031.6001
2025-03-20 03:00:00,3031.65991,3051.98999,3029.58008,3047.87988
2025-03-20 07:00:00,3047.82007,3051.31006,3044.36011,3050.12012
2025-03-20 11:00:00,3050.28003,3056.32007,3045.1001,3049.98999
2025-03-20 15:00:00,3050.02002,3057.36011,3041.95996,3042.37988
2025-03-20 19:00:00,3042.3501,3046.36011,3025.76001,3034.62012
2025-03-20 23:00:00,3034.55005,3042.34009,3030.040039,3040.77002
2025-03-21 03:00:00,3040.84009,3045.98999,3034.090088,3044.82007
2025-03-21 07:00:00,3044.81006,3046.62988,3043.62988,3046.41992
2025-03-21 11:00:00,3046.71997,3047.51001,3030.12988,3030.63989
2025-03-21 15:00:00,3030.61011,3034.030029,3021.81006,3032.1499
2025-03-21 19:00:00,3032.17993,3037.73999,3027.31006,3034.45996
2025-03-21 23:00:00,3034.43994,3038.18994,2999.47998,3011.20996
2025-03-22 03:00:00,3011.19995,3022.01001,3010.81006,3019.94995
2025-03-22 07:00:00,3020.040039,3024.1499,3020.030029,3023.8501
2025-03-24 07:00:00,3023.30005,3026.41992,3022.22998,3024.82007
2025-03-24 11:00:00,3024.56006,3025.59009,3013.81006,3016.98999
2025-03-24 15:00:00,3017.060059,3028.95996,3016.63989,3022.41992
2025-03-24 19:00:00,3022.73999,3033.38989,3021.97998,3024.66992
2025-03-24 23:00:00,3024.61011,3028.67993,3005.94995,3014.080078
2025-03-25 03:00:00,3014.1001,3015.66992,3002.62012,3006.18994
2025-03-25 07:00:00,3006.19995,3014.72998,3005.73999,3010.01001
2025-03-25 11:00:00,3010.41992,3016.27002,3007.63989,3015.27002
2025-03-25 15:00:00,3015.3501,3020.92993,3010.65991,3011.26001
2025-03-25 19:00:00,3011.25,3026.53003,3010.69995,3020.79004
2025-03-25 23:00:00,3020.83008,3036.050049,3014.3501,3021.63989
2025-03-26 03:00:00,3021.68994,3025.62988,3017.91992,3019.63989
2025-03-26 07:00:00,3019.65991,3022.51001,3018.88989,3021.070068
2025-03-26 11:00:00,3021.030029,3026.8999,3016.5,3017.59009
2025-03-26 15:00:00,3017.62988,3030.88989,3013.34009,3030.55005
2025-03-26 19:00:00,3030.70996,3032.13989,3017.23999,3027.63989
2025-03-26 23:00:00,3027.61011,3030.080078,3012.44995,3015.94995
2025-03-27 03:00:00,3016.01001,3020.90991,3015.32007,3017.20996
2025-03-27 07:00:00,3017.31006,3021.8501,3017.23999,3021.61011
2025-03-27 11:00:00,3021.6499,3034.32007,3021.6499,3033.71997
2025-03-27 15:00:00,3033.66992,3038.61011,3026.92993,3035.94995
2025-03-27 19:00:00,3035.98999,3055.79004,3033.94995,3054.66992
2025-03-27 23:00:00,3054.79004,3059.58008,3033.69995,3052.16992
2025-03-28 03:00:00,3052.26001,3057.86011,3048.01001,3057.58008
2025-03-28 07:00:00,3057.53003,3057.68994,3054.25,3055.76001
2025-03-28 11:00:00,3055.23999,3077.66992,3055.12988,3075.27002
2025-03-28 15:00:00,3075.25,3086.080078,3072.61011,3079.44995
2025-03-28 19:00:00,3079.34009,3081.31006,3066.18994,3076.36011
2025-03-28 23:00:00,3076.5,3086.80005,3067.55005,3083.95996
2025-03-29 03:00:00,3083.68994,3086.71997,3073.66992,3080.96997
2025-03-29 07:00:00,3080.8501,3086.18994,3080.8501,3085.28003
2025-03-31 07:00:00,3093.0,3097.80005,3087.96997,3089.18994
2025-03-31 11:00:00,3089.47998,3111.79004,3076.82007,3107.15991
2025-03-31 15:00:00,3107.1499,3127.87988,3105.98999,3124.56006
2025-03-31 19:00:00,3123.90991,3127.22998,3111.95996,3119.62012
2025-03-31 23:00:00,3119.56006,3127.12988,3100.02002,3113.72998
2025-04-01 03:00:00,3113.8501,3124.69995,3111.72998,3124.55005
2025-04-01 07:00:00,3124.3501,3126.5,3120.17993,3120.54004
2025-04-01 11:00:00,3120.65991,3147.45996,3120.43994,3146.1001
2025-04-01 15:00:00,3146.090088,3149.030029,3124.15991,3127.70996
2025-04-01 19:00:00,3127.060059,3139.0,3126.55005,3130.42993
2025-04-01 23:00:00,3130.87988,3137.21997,3113.57007,3113.81006
2025-04-02 03:00:00,3113.46997,3118.8999,3100.90991,3118.69995
2025-04-02 07:00:00,3118.67993,3120.69995,3107.8999,3115.29004
2025-04-02 11:00:00,3115.3999,3135.77002,3113.18994,3125.62988
2025-04-02 15:00:00,3125.67993,3126.84009,3110.050049,3125.29004
2025-04-02 19:00:00,3125.32007,3133.76001,3110.36011,3121.37988
2025-04-02 23:00:00,3121.41992,3132.090088,3116.72998,3125.76001
2025-04-03 03:00:00,3125.98999,3134.30005,3118.93994,3124.19995
2025-04-03 07:00:00,3124.41992,3167.70996,3105.40991,3162.66992
2025-04-03 11:00:00,3162.75,3164.90991,3140.82007,3147.95996
2025-04-03 15:00:00,3147.90991,3149.79004,3116.8501,3129.26001
2025-04-03 19:00:00,3129.3501,3132.15991,3085.3999,3093.17993
2025-04-03 23:00:00,3093.8501,3135.59009,3054.31006,3110.78003
2025-04-04 03:00:00,3110.76001,3114.25,3100.21997,3107.63989
2025-04-04 07:00:00,3107.71997,3119.75,3107.51001,3113.070068
2025-04-04 11:00:00,3112.8999,3115.84009,3087.37988,3098.44995
2025-04-04 15:00:00,3098.45996,3109.94995,3092.17993,3092.90991
2025-04-04 19:00:00,3092.92993,3136.28003,3078.47998,3110.31006
2025-04-04 23:00:00,3111.40991,3111.65991,3017.3501,3022.040039
2025-04-05 03:00:00,3022.040039,3040.90991,3016.16992,3036.47998
2025-04-05 07:00:00,3036.31006,3041.070068,3033.8999,3038.17993
2025-04-07 07:00:00,3029.8999,3032.34009,2973.0,2979.17993
2025-04-07 11:00:00,2978.62988,3055.63989,2972.3999,3035.63989
2025-04-07 15:00:00,3035.45996,3044.62012,3013.41992,3031.3501
2025-04-07 19:00:00,3031.3999,3046.20996,3015.01001,3031.37988
2025-04-07 23:00:00,3031.30005,3037.93994,2970.27002,2970.57007
2025-04-08 03:00:00,2970.63989,2986.060059,2956.90991,2982.030029
2025-04-08 07:00:00,2982.71997,2992.76001,2978.63989,2985.40991
2025-04-08 11:00:00,2985.45996,3004.88989,2983.77002,3002.37012
2025-04-08 15:00:00,3002.050049,3015.6499,2999.46997,3007.57007
2025-04-08 19:00:00,3007.5,3019.53003,2994.98999,3002.59009
2025-04-08 23:00:00,3002.58008,3022.67993,2984.48999,2986.090088
2025-04-09 03:00:00,2986.13989,2992.29004,2975.060059,2982.15991
2025-04-09 07:00:00,2984.53003,2990.81006,2970.13989,2980.45996
2025-04-09 11:00:00,2980.3501,3014.18994,2972.58008,3012.45996
2025-04-09 15:00:00,3012.31006,3052.1001,3005.56006,3044.16992
2025-04-09 19:00:00,3043.97998,3072.76001,3036.01001,3047.3501
2025-04-09 23:00:00,3048.050049,3094.88989,3047.59009,3092.37012
2025-04-10 03:00:00,3092.62012,3099.46997,3048.83008,3083.16992
2025-04-10 07:00:00,3081.51001,3101.38989,3071.62012,3097.43994
2025-04-10 11:00:00,3097.88989,3131.77002,3078.59009,3125.37012
2025-04-10 15:00:00,3125.31006,3132.66992,3104.75,3105.060059
2025-04-10 19:00:00,3105.050049,3133.69995,3103.67993,3123.090088
2025-04-10 23:00:00,3124.070068,3175.050049,3116.28003,3158.6499
2025-04-11 03:00:00,3158.56006,3176.41992,3151.68994,3175.47998
2025-04-11 07:00:00,3177.28003,3218.070068,3176.51001,3205.76001
2025-04-11 11:00:00,3205.28003,3220.19995,3201.1499,3208.62988
2025-04-11 15:00:00,3208.61011,3227.22998,3187.37012,3215.95996
2025-04-11 19:00:00,3215.96997,3237.38989,3210.27002,3233.63989
2025-04-11 23:00:00,3233.65991,3245.36011,3219.67993,3223.43994
2025-04-12 03:00:00,3223.34009,3239.27002,3223.34009,3238.18994
2025-04-14 07:00:00,3222.11011,3227.40991,3213.87988,3220.98999
2025-04-14 11:00:00,3221.01001,3245.76001,3215.69995,3227.45996
2025-04-14 15:00:00,3227.3999,3237.95996,3216.61011,3227.12012
2025-04-14 19:00:00,3227.1499,3231.70996,3220.76001,3222.050049
2025-04-17 11:00:00,3344.05,3344.23,3337.78,3341.53
2025-04-17 15:00:00,3341.61,3345.29,3313.11,3324.1
2025-04-17 19:00:00,3324.11,3341.85,3320.58,3328.14
2025-04-17 23:00:00,3328.95,3331.93,3283.94,3315.79
2025-04-18 03:00:00,3315.99,3328.5,3311.0,3326.19
2025-04-18 07:00:00,3326.27,3326.27,3326.27,3326.27
2025-04-18 11:00:00,3326.27,3326.27,3326.27,3326.27
2025-04-18 15:00:00,3326.27,3326.27,3326.27,3326.27
2025-04-18 19:00:00,3326.27,3326.27,3326.27,3326.27
2025-04-18 23:00:00,3326.27,3326.27,3326.27,3326.27
2025-04-19 03:00:00,3326.27,3326.27,3326.27,3326.27
2025-04-19 07:00:00,3326.27,3326.27,3326.27,3326.27
2025-04-21 07:00:00,3327.93,3370.13,3327.93,3368.57
2025-04-21 11:00:00,3368.44,3385.2,3367.13,3376.34
2025-04-21 15:00:00,3376.29,3395.92,3375.84,3392.63
2025-04-21 19:00:00,3392.68,3415.65,3386.65,3415.0
2025-04-21 23:00:00,3415.92,3430.22,3405.42,3414.52
2025-04-22 03:00:00,3414.59,3430.47,3406.0,3422.8
2025-04-22 07:00:00,3423.49,3444.32,3413.0,3425.4
2025-04-22 11:00:00,3425.35,3494.57,3421.86,3484.26
2025-04-22 15:00:00,3484.34,3499.87,3443.33,3444.05
2025-04-22 19:00:00,3444.1,3468.2,3424.41,3431.32
2025-04-22 23:00:00,3431.56,3449.35,3384.2,3405.3
2025-04-23 03:00:00,3405.4,3422.5,3381.2,3394.4
2025-04-23 07:00:00,3392.6,3398.3,3325.67,3385.6
2025-04-23 11:00:00,3384.8,3403.1,3335.8,3375.8
2025-04-23 15:00:00,3377.0,3379.1,3318.2,3341.2
2025-04-23 19:00:00,3340.9,3357.2,3329.1,3329.9
2025-04-23 23:00:00,3331.1,3331.3,3281.5,3309.0
2025-04-24 03:00:00,3308.2,3314.7,3292.8,3303.3
2025-04-24 07:00:00,3303.9,3350.1,3298.9,3346.6
2025-04-24 11:00:00,3348.5,3388.5,3333.6,3340.8
2025-04-24 15:00:00,3340.6,3352.5,3329.5,3345.0
2025-04-24 19:00:00,3344.6,3357.3,3333.5,3347.9
2025-04-24 23:00:00,3347.8,3348.2,3317.5,3339.5
2025-04-25 03:00:00,3339.4,3357.1,3338.2,3354.9
2025-04-25 07:00:00,3354.8,3376.8,3354.6,3363.7
2025-04-25 11:00:00,3362.7,3369.7,3329.5,3334.3
2025-04-25 15:00:00,3334.3,3337.4,3300.1,3312.6
2025-04-25 19:00:00,3313.8,3320.2,3297.2,3297.6
2025-04-25 23:00:00,3297.5,3297.5,3270.6,3290.8
2025-04-26 03:00:00,3289.1,3319.5,3284.9,3316.3
2025-04-26 07:00:00,3316.6,3319.0,3309.9,3316.5
2025-04-26 11:00:00,3316.2,3318.8,3313.4,3317.2
2025-04-26 15:00:00,3317.7,3319.6,3311.7,3313.5
2025-04-26 19:00:00,3313.7,3315.6,3310.1,3314.3
2025-04-26 23:00:00,3314.4,3315.7,3312.8,3314.0
2025-04-27 23:00:00,3315.1,3323.5,3315.1,3322.7
2025-04-28 03:00:00,3323.0,3324.6,3320.8,3321.0
2025-04-28 07:00:00,3319.8,3330.4,3304.3,3313.97
2025-04-28 11:00:00,3313.86,3316.2,3274.3,3299.6
2025-04-28 15:00:00,3299.9,3299.9,3279.18,3282.61
2025-04-28 19:00:00,3282.67,3302.6,3276.0,3295.92
2025-04-28 23:00:00,3295.6,3339.0,3290.12,3336.58
2025-04-29 03:00:00,3336.62,3352.91,3333.1,3344.1
2025-04-29 07:00:00,3344.0,3347.15,3328.9,3329.6
2025-04-29 11:00:00,3329.3,3338.2,3311.7,3313.4
2025-04-29 15:00:00,3312.7,3324.1,3308.8,3313.1
2025-04-29 19:00:00,3313.5,3319.1,3306.1,3314.0
2025-04-29 23:00:00,3314.1,3328.8,3304.6,3328.7
2025-04-30 03:00:00,3329.4,3329.4,3316.7,3317.6
2025-04-30 07:00:00,3317.2,3325.7,3313.6,3313.7
2025-04-30 11:00:00,3313.5,3322.63,3303.6,3310.3
2025-04-30 15:00:00,3309.1,3313.2,3285.7,3288.2
2025-04-30 19:00:00,3288.7,3304.65,3267.16,3298.43
2025-04-30 23:00:00,3298.3,3319.59,3292.95,3310.69
2025-05-01 03:00:00,3310.79,3313.48,3283.02,3292.0
2025-05-01 07:00:00,3292.2,3293.6,3240.2,3246.38
2025-05-01 11:00:00,3246.19,3251.29,3221.15,3226.53
2025-05-01 15:00:00,3226.34,3243.4,3223.32,3235.07
2025-05-01 19:00:00,3235.02,3236.01,3201.9,3226.91
2025-05-01 23:00:00,3226.67,3233.0,3205.0,3219.46
2025-05-02 03:00:00,3219.67,3247.9,3209.83,3238.64
2025-05-02 07:00:00,3250.3,3257.1,3227.42,3231.28
2025-05-02 11:00:00,3231.36,3261.1,3231.29,3251.74
2025-05-02 15:00:00,3251.69,3263.21,3246.25,3258.13
2025-05-02 19:00:00,3258.09,3269.02,3250.14,3250.18
2025-05-02 23:00:00,3250.19,3264.4,3223.0,3224.77
2025-05-03 03:00:00,3224.67,3257.0,3223.48,3254.9
2025-05-03 07:00:00,3255.4,3255.9,3244.3,3247.6
2025-05-03 11:00:00,3246.8,3256.9,3246.8,3250.4
2025-05-03 15:00:00,3250.1,3252.9,3250.1,3252.0
2025-05-03 19:00:00,3252.0,3259.1,3249.1,3256.4
2025-05-03 23:00:00,3258.1,3259.8,3255.0,3257.0
2025-05-04 23:00:00,3255.7,3255.9,3252.6,3252.6
2025-05-05 03:00:00,3252.6,3252.7,3252.6,3252.7
2025-05-05 07:00:00,3252.8,3254.3,3236.68,3246.59
2025-05-05 11:00:00,3247.13,3272.14,3246.44,3256.42
2025-05-05 15:00:00,3256.46,3282.81,3253.95,3282.62
2025-05-05 19:00:00,3283.01,3326.6,3282.22,3319.62
2025-05-05 23:00:00,3319.68,3328.41,3305.35,3309.56
2025-05-06 03:00:00,3309.61,3341.1,3309.03,3335.0
2025-05-06 07:00:00,3340.6,3345.3,3323.53,3329.55
2025-05-06 11:00:00,3330.01,3386.89,3330.01,3363.14
2025-05-06 15:00:00,3363.14,3383.03,3350.16,3377.14
2025-05-06 19:00:00,3377.53,3392.2,3371.47,3391.04
2025-05-06 23:00:00,3391.21,3411.44,3378.16,3408.79
2025-05-07 03:00:00,3408.7,3440.0,3407.45,3434.7
2025-05-07 07:00:00,3435.0,3440.4,3361.07,3379.35
2025-05-07 11:00:00,3379.78,3393.72,3360.23,3382.03
2025-05-07 15:00:00,3382.08,3397.34,3378.31,3382.73
2025-05-07 19:00:00,3382.68,3393.7,3369.21,3390.79
2025-05-07 23:00:00,3390.66,3398.01,3376.0,3386.75
2025-05-08 03:00:00,3386.83,3397.88,3364.0,3366.6
2025-05-08 07:00:00,3366.7,3386.82,3363.87,3380.25
2025-05-08 11:00:00,3379.98,3414.52,3379.12,3381.88
2025-05-08 15:00:00,3381.99,3384.06,3320.28,3339.25
2025-05-08 19:00:00,3339.07,3358.49,3330.28,3356.07
2025-05-08 23:00:00,3356.17,3369.47,3305.0,3310.12
2025-05-09 03:00:00,3310.26,3311.9,3288.91,3309.4
2025-05-09 07:00:00,3309.6,3323.93,3303.83,3322.04
2025-05-09 11:00:00,3322.15,3327.22,3275.0,3324.38
2025-05-09 15:00:00,3324.24,3332.12,3312.82,3328.52
2025-05-09 19:00:00,3328.38,3338.0,3322.0,3333.54
2025-05-09 23:00:00,3333.31,3347.26,3320.24,3336.91
2025-05-10 03:00:00,3336.75,3342.85,3323.64,3323.64
2025-05-10 07:00:00,3326.9,3332.7,3324.25,3327.6
2025-05-10 11:00:00,3327.6,3331.8,3325.6,3326.9
2025-05-10 15:00:00,3326.9,3329.0,3325.3,3327.5
2025-05-10 19:00:00,3327.7,3328.3,3321.8,3322.1
2025-05-10 23:00:00,3322.1,3323.1,3320.7,3322.0
2025-05-12 07:00:00,3290.0,3305.79,3265.81,3278.81
2025-05-12 11:00:00,3279.32,3284.61,3259.0,3278.78
2025-05-12 15:00:00,3279.18,3281.56,3216.14,3231.31
2025-05-12 19:00:00,3231.29,3238.3,3207.7,3233.56
2025-05-12 23:00:00,3233.71,3250.8,3223.15,3224.07
2025-05-13 03:00:00,3224.58,3238.62,3220.5,3235.24
2025-05-13 07:00:00,3237.6,3243.04,3229.75,3239.81
2025-05-13 11:00:00,3239.86,3253.24,3215.92,3252.46
2025-05-13 15:00:00,3252.67,3265.33,3247.22,3255.42
2025-05-13 19:00:00,3255.44,3258.51,3237.31,3241.99
2025-05-13 23:00:00,3240.87,3257.7,3225.58,3250.97
2025-05-14 03:00:00,3250.83,3254.61,3242.0,3248.5
2025-05-14 07:00:00,3247.8,3256.97,3240.47,3243.67
2025-05-14 11:00:00,3243.92,3251.7,3222.62,3223.84
2025-05-14 15:00:00,3223.89,3243.54,3221.74,3232.46
2025-05-14 19:00:00,3232.62,3239.13,3184.12,3184.67
2025-05-14 23:00:00,3184.29,3198.08,3173.7,3188.36
2025-05-15 03:00:00,3188.25,3190.32,3167.95,3181.2
2025-05-15 07:00:00,3181.2,3187.8,3171.5,3187.71
2025-05-15 11:00:00,3187.99,3192.53,3135.44,3138.54
2025-05-15 15:00:00,3138.67,3164.0,3120.92,3162.5
2025-05-15 19:00:00,3162.5,3189.7,3159.61,3188.75
2025-05-15 23:00:00,3189.11,3222.52,3185.17,3222.32
2025-05-16 03:00:00,3222.42,3245.2,3216.45,3244.5
2025-05-16 07:00:00,3245.0,3252.5,3232.0,3243.15
2025-05-16 11:00:00,3243.14,3244.3,3206.45,3219.58
2025-05-16 15:00:00,3219.55,3231.05,3195.59,3207.3
2025-05-16 19:00:00,3206.69,3212.68,3154.27,3177.25
2025-05-16 23:00:00,3177.46,3189.69,3166.07,3189.14
2025-05-17 03:00:00,3189.45,3210.2,3183.25,3209.7
2025-05-17 07:00:00,3209.6,3211.5,3204.5,3204.9
2025-05-17 11:00:00,3204.9,3209.8,3199.3,3209.6
2025-05-17 15:00:00,3208.9,3210.4,3202.8,3206.8
2025-05-17 19:00:00,3208.0,3209.7,3204.5,3207.8
2025-05-17 23:00:00,3207.9,3208.9,3206.9,3207.2
2025-05-18 23:00:00,3209.2,3212.4,3206.7,3210.1
2025-05-19 03:00:00,3210.1,3210.1,3207.2,3208.3
2025-05-19 07:00:00,3229.0,3249.65,3206.0,3246.38
2025-05-19 11:00:00,3246.24,3246.64,3206.63,3215.85
2025-05-19 15:00:00,3216.96,3244.77,3214.85,3244.41
2025-05-19 19:00:00,3244.7,3248.33,3228.8,3228.8
2025-05-19 23:00:00,3229.28,3241.4,3217.55,3231.7
2025-05-20 03:00:00,3231.78,3235.81,3225.26,3229.15
2025-05-20 07:00:00,3232.0,3232.0,3214.23,3222.78
2025-05-20 11:00:00,3223.23,3232.52,3204.53,3217.21
2025-05-20 15:00:00,3217.18,3235.78,3208.33,3235.78
2025-05-20 19:00:00,3235.95,3250.2,3230.52,3242.72
2025-05-20 23:00:00,3241.62,3285.6,3232.9,3278.76
2025-05-21 03:00:00,3278.85,3295.54,3278.1,3285.1
2025-05-21 07:00:00,3285.4,3304.17,3284.6,3303.4
2025-05-21 11:00:00,3303.41,3314.4,3285.57,3302.03
2025-05-21 15:00:00,3301.97,3320.49,3298.35,3308.31
2025-05-21 19:00:00,3308.27,3318.17,3290.75,3302.49
2025-05-21 23:00:00,3302.99,3315.11,3295.34,3303.0
2025-05-22 03:00:00,3302.87,3324.65,3302.65,3315.56
2025-05-22 07:00:00,3314.4,3325.9,3309.9,3323.68
2025-05-22 11:00:00,3323.63,3345.31,3320.43,3338.57
2025-05-22 15:00:00,3338.82,3339.4,3310.1,3311.19
2025-05-22 19:00:00,3310.97,3314.57,3283.0,3303.98
2025-05-22 23:00:00,3304.89,3315.56,3279.27,3301.46
2025-05-23 03:00:00,3301.41,3301.66,3289.2,3294.79
2025-05-23 07:00:00,3298.7,3308.81,3287.0,3300.79
2025-05-23 11:00:00,3301.14,3315.3,3291.16,3313.7
2025-05-23 15:00:00,3313.7,3335.6,3313.0,3326.34
2025-05-23 19:00:00,3325.44,3356.2,3324.0,3352.7
2025-05-23 23:00:00,3354.9,3362.45,3334.1,3360.0
2025-05-24 03:00:00,3359.61,3366.0,3353.3,3355.9
2025-05-24 07:00:00,3356.8,3357.7,3350.1,3355.4
2025-05-24 11:00:00,3355.3,3357.9,3351.1,3356.6
2025-05-24 15:00:00,3356.6,3359.2,3355.5,3358.3
2025-05-24 19:00:00,3358.3,3359.5,3351.6,3355.3
2025-05-24 23:00:00,3355.3,3356.1,3353.6,3355.7
2025-05-25 23:00:00,3360.6,3364.5,3360.0,3362.3
2025-05-26 03:00:00,3362.3,3363.8,3359.7,3359.7
2025-05-26 07:00:00,3354.88,3356.04,3331.38,3341.99
2025-05-26 11:00:00,3341.89,3356.51,3335.42,3349.84
2025-05-26 15:00:00,3349.86,3351.7,3331.03,3334.49
2025-05-26 19:00:00,3334.31,3335.95,3324.0,3334.24
2025-05-26 23:00:00,3334.25,3343.32,3331.39,3341.93
2025-05-27 03:00:00,3342.15,3346.7,3340.28,3346.6
2025-05-27 07:00:00,3345.6,3349.92,3342.35,3344.99
2025-05-27 11:00:00,3345.1,3353.6,3331.88,3336.3
2025-05-27 15:00:00,3336.1,3342.7,3299.3,3303.5
2025-05-27 19:00:00,3303.5,3311.4,3288.25,3299.1
2025-05-27 23:00:00,3299.9,3305.2,3291.0,3297.1
2025-05-28 03:00:00,3297.07,3307.94,3296.86,3299.7
2025-05-28 07:00:00,3300.0,3315.65,3297.11,3307.5
2025-05-28 11:00:00,3307.3,3312.7,3294.4,3296.1
2025-05-28 15:00:00,3296.4,3323.9,3296.4,3323.0
2025-05-28 19:00:00,3323.2,3325.27,3309.48,3314.2
2025-05-28 23:00:00,3314.1,3317.5,3288.6,3291.52
2025-05-29 03:00:00,3291.78,3306.8,3277.0,3291.4
2025-05-29 07:00:00,3291.2,3294.06,3250.6,3267.6
2025-05-29 11:00:00,3270.1,3282.4,3249.59,3273.4
2025-05-29 15:00:00,3273.3,3289.16,3270.1,3281.66
2025-05-29 19:00:00,3281.76,3315.7,3276.13,3315.6
2025-05-29 23:00:00,3314.5,3328.34,3307.3,3322.6
2025-05-30 03:00:00,3322.8,3324.01,3315.5,3317.95
2025-05-30 07:00:00,3317.11,3321.8,3310.5,3311.7
2025-05-30 11:00:00,3313.9,3323.8,3295.3,3298.1
2025-05-30 15:00:00,3300.1,3309.8,3293.14,3294.73
2025-05-30 19:00:00,3299.5,3317.9,3288.54,3310.9
2025-05-30 23:00:00,3312.5,3313.0,3277.61,3287.0
2025-05-31 03:00:00,3292.92,3299.4,3288.52,3288.52
2025-05-31 07:00:00,3295.8,3301.1,3291.5,3294.9
2025-05-31 11:00:00,3295.8,3299.7,3292.0,3298.3
2025-05-31 15:00:00,3298.5,3299.0,3294.7,3296.4
2025-05-31 19:00:00,3296.3,3296.3,3291.8,3293.1
2025-05-31 23:00:00,3293.0,3293.0,3291.7,3291.8
2025-06-01 23:00:00,3297.1,3298.5,3295.5,3295.5
2025-06-02 07:00:00,3296.6,3316.6,3295.29,3311.26
2025-06-02 11:00:00,3311.59,3318.08,3301.5,3313.77
2025-06-02 15:00:00,3313.83,3358.75,3313.83,3352.0
2025-06-02 19:00:00,3352.07,3363.42,3344.54,3355.32
2025-06-02 23:00:00,3355.35,3379.8,3350.39,3369.49
2025-06-03 03:00:00,3373.69,3382.66,3371.57,3381.02
2025-06-03 07:00:00,3381.01,3392.07,3374.0,3375.84
2025-06-03 11:00:00,3375.62,3377.94,3359.19,3362.66
2025-06-03 15:00:00,3362.69,3367.72,3351.3,3361.19
2025-06-03 19:00:00,3360.94,3363.0,3349.26,3359.28
2025-06-03 23:00:00,3359.11,3362.92,3333.38,3348.36
2025-06-04 03:00:00,3348.32,3355.46997,3347.27,3354.3
2025-06-04 07:00:00,3354.3,3361.39,3349.94,3350.28
2025-06-04 11:00:00,3350.1,3373.2,3346.43,3356.8
2025-06-04 15:00:00,3354.85,3365.18,3347.92,3362.67
2025-06-04 19:00:00,3362.79,3365.0,3343.75,3358.82
2025-06-04 23:00:00,3359.15,3384.66,3351.0,3374.93
2025-06-05 03:00:00,3374.81,3381.98,3370.72,3372.34
2025-06-05 07:00:00,3376.5,3381.75,3372.03,3380.29
2025-06-05 11:00:00,3380.19,3384.11011,3364.08,3368.52002
2025-06-05 15:00:00,3368.47,3376.75,3361.21,3375.16
2025-06-05 19:00:00,3375.29004,3403.33,3374.0,3382.8
2025-06-05 23:00:00,3383.21,3388.18,3339.5,3353.9
2025-06-06 03:00:00,3354.41992,3361.22,3348.84,3353.0
2025-06-06 07:00:00,3353.1,3366.7,3352.2,3359.36
2025-06-06 11:00:00,3359.48999,3374.51,3356.26001,3373.66
2025-06-06 15:00:00,3373.67,3375.45,3353.0,3365.25
2025-06-06 19:00:00,3365.23,3365.23,3343.4,3353.22
2025-06-06 23:00:00,3353.22,3360.78,3316.37,3322.59
2025-06-07 03:00:00,3322.9,3326.7,3307.1,3310.1
2025-06-07 07:00:00,3318.1,3320.6,3315.2,3319.6
2025-06-07 11:00:00,3319.6,3320.3,3316.2,3316.7
2025-06-07 15:00:00,3316.9,3323.7,3316.1,3323.4
2025-06-07 19:00:00,3323.4,3324.7,3318.1,3318.4
2025-06-07 23:00:00,3318.3,3318.3,3317.9,3317.9
2025-06-08 23:00:00,3316.0,3321.1,3315.3,3316.8
2025-06-09 03:00:00,3316.5,3321.6,3315.6,3319.1
2025-06-09 07:00:00,3315.0,3321.23999,3298.35,3305.42
2025-06-09 11:00:00,3305.90991,3313.6,3293.58,3311.73
2025-06-09 15:00:00,3311.92,3332.4,3309.6,3320.0
2025-06-09 19:00:00,3319.91992,3325.5,3312.24,3319.96
2025-06-09 23:00:00,3320.28,3337.92993,3310.9,3337.75
2025-06-10 03:00:00,3338.13989,3338.20996,3325.0,3327.6
2025-06-10 07:00:00,3327.2,3329.9,3314.63,3316.61
2025-06-10 11:00:00,3316.71997,3319.91,3302.09,3307.26
2025-06-10 15:00:00,3307.26,3334.62,3306.77,3329.21
2025-06-10 19:00:00,3329.13,3342.66,3327.02,3337.12
2025-06-10 23:00:00,3336.98,3348.99,3320.05,3321.0
2025-06-11 03:00:00,3321.21,3334.55005,3319.39,3323.47
2025-06-11 07:00:00,3321.7,3335.14,3315.45,3332.39
2025-06-11 11:00:00,3332.36,3342.9,3327.27002,3341.8
2025-06-11 15:00:00,3341.79,3348.56006,3332.42,3344.39
2025-06-11 19:00:00,3344.21,3360.6,3326.12,3336.61
2025-06-11 23:00:00,3336.67,3344.4,3328.06,3330.12
2025-06-12 03:00:00,3330.13,3355.32,3319.87012,3352.3
2025-06-12 07:00:00,3352.3,3373.24,3350.4,3365.71
2025-06-12 11:00:00,3365.81,3377.78,3362.53,3370.3
2025-06-12 15:00:00,3369.75,3375.72,3338.68,3356.73
2025-06-12 19:00:00,3356.34,3390.21,3355.39,3388.18
2025-06-12 23:00:00,3388.18,3398.78,3377.82,3383.7
2025-06-13 03:00:00,3384.19995,3389.3,3378.04,3381.9
2025-06-13 07:00:00,3382.0,3420.01001,3379.82,3416.37
2025-06-13 11:00:00,3417.080078,3444.21,3413.8,3425.25
2025-06-13 15:00:00,3425.21,3429.6,3408.11011,3424.41992
2025-06-13 19:00:00,3424.28,3438.01,3411.6,3436.74
2025-06-13 23:00:00,3436.27,3446.58,3419.22,3430.09
2025-06-14 03:00:00,3430.29,3439.39,3427.45,3432.19
2025-06-14 07:00:00,3436.2,3447.7,3434.7,3436.4
2025-06-14 11:00:00,3435.9,3438.8,3433.6,3435.1
2025-06-14 15:00:00,3433.9,3435.6,3430.0,3434.7
2025-06-14 19:00:00,3435.4,3438.8,3430.0,3432.1
2025-06-14 23:00:00,3432.4,3438.6,3432.3,3438.1
2025-06-15 23:00:00,3453.7,3458.1,3453.6,3457.7
2025-06-16 07:00:00,3446.0,3455.7,3434.0,3436.8
2025-06-16 11:00:00,3436.37012,3452.5,3426.85,3427.43
2025-06-16 15:00:00,3427.62,3430.5,3409.52,3413.95996
2025-06-16 19:00:00,3413.94995,3422.51,3410.9,3415.55
2025-06-16 23:00:00,3415.57,3417.98999,3383.78,3399.38
2025-06-17 03:00:00,3399.51001,3400.18,3383.0,3383.53
2025-06-17 07:00:00,3384.6,3403.21,3384.3,3394.46
2025-06-17 11:00:00,3394.81006,3402.4,3373.94,3393.99
2025-06-17 15:00:00,3393.95,3395.4,3378.0,3379.13
2025-06-17 19:00:00,3378.54,3399.92,3375.83,3386.71
2025-06-17 23:00:00,3386.39,3398.6,3366.09,3382.87988
2025-06-18 03:00:00,3382.81,3392.44,3381.56006,3387.3
2025-06-18 07:00:00,3388.7,3398.4,3383.01,3385.66
2025-06-18 11:00:00,3386.04,3399.98,3370.69,3395.05
2025-06-18 15:00:00,3395.21,3395.56,3377.01,3383.49
2025-06-18 19:00:00,3383.57,3389.71,3375.45,3386.65991
2025-06-18 23:00:00,3386.61011,3396.62,3373.75,3390.91
2025-06-19 03:00:00,3391.03,3395.5,3362.68994,3372.1
2025-06-19 07:00:00,3371.9,3383.38,3369.62,3379.59009
2025-06-19 11:00:00,3382.4,3389.2,3369.77002,3374.58008
2025-06-19 15:00:00,3374.57007,3376.7,3347.72998,3374.2
2025-06-19 19:00:00,3368.81006,3379.8,3363.77002,3367.83
2025-06-19 23:00:00,3367.47,3378.0,3361.63989,3371.27002
2025-06-20 03:00:00,3377.7,3383.1,3366.12012,3381.2
2025-06-20 07:00:00,3381.3,3381.3,3361.89,3368.03
2025-06-20 11:00:00,3367.7,3368.23,3345.0,3354.23
2025-06-20 15:00:00,3354.23,3355.22,3340.32,3350.93
2025-06-20 19:00:00,3350.7,3359.2,3342.22,3344.58008
2025-06-20 23:00:00,3344.70996,3379.3,3343.1499,3371.64
2025-06-21 03:00:00,3370.55005,3376.0,3364.68994,3368.76
2025-06-21 07:00:00,3373.4,3381.9,3373.4,3378.2
2025-06-21 11:00:00,3379.6,3379.6,3373.2,3378.6
2025-06-21 15:00:00,3379.4,3380.8,3375.9,3379.0
2025-06-21 19:00:00,3378.9,3381.0,3376.2,3378.2
2025-06-21 23:00:00,3379.7,3381.3,3379.7,3380.3
2025-06-22 23:00:00,3409.5,3434.2,3406.3,3418.0
2025-06-23 03:00:00,3418.6,3427.2,3408.5,3413.8
2025-06-23 07:00:00,3412.9,3419.5,3358.92,3365.6
2025-06-23 11:00:00,3366.01,3373.3,3352.0,3358.45
2025-06-23 15:00:00,3358.9,3364.0,3347.02,3361.78
2025-06-23 19:00:00,3361.95996,3382.01001,3356.060059,3360.57007
2025-06-23 23:00:00,3360.1499,3396.7,3360.050049,3389.87988
2025-06-24 03:00:00,3390.060059,3393.9,3368.13989,3369.1001
2025-06-24 07:00:00,3370.9,3383.3,3333.3501,3351.090088
2025-06-24 11:00:00,3352.1001,3362.0,3343.44995,3349.050049
2025-06-24 15:00:00,3352.1,3353.0,3316.20996,3330.3
2025-06-24 19:00:00,3332.8,3333.5,3304.68994,3320.5
2025-06-24 23:00:00,3319.6,3321.8,3299.91992,3318.32
2025-06-25 03:00:00,3320.12012,3329.3,3316.080078,3324.9
2025-06-25 07:00:00,3325.5,3331.9,3320.4,3329.2
2025-06-25 11:00:00,3327.21997,3336.3,3326.3,3327.55005
2025-06-25 15:00:00,3329.3,3337.3,3326.80005,3327.43994
2025-06-25 19:00:00,3327.3501,3334.4,3318.25,3320.70996
2025-06-25 23:00:00,3320.73999,3334.87988,3313.41992,3333.5
2025-06-26 03:00:00,3334.93994,3335.66992,3324.80005,3332.13989
2025-06-26 07:00:00,3331.1,3340.0,3330.3,3333.95996
2025-06-26 11:00:00,3334.4,3343.18994,3330.1499,3334.080078
2025-06-26 15:00:00,3333.35,3350.25,3331.56006,3348.30005
2025-06-26 19:00:00,3348.27002,3348.76001,3322.040039,3322.090088
2025-06-26 23:00:00,3322.080078,3335.1,3310.0,3331.48999
2025-06-27 03:00:00,3331.47998,3337.3,3327.78003,3328.09
2025-06-27 07:00:00,3326.7,3329.0,3313.32,3318.98999
2025-06-27 11:00:00,3318.8999,3323.8,3292.62988,3293.9
2025-06-27 15:00:00,3294.02,3303.5,3282.81006,3289.37012
2025-06-27 19:00:00,3289.5,3295.2,3271.18994,3277.3
2025-06-27 23:00:00,3270.11011,3282.2,3255.97998,3280.3
2025-06-28 03:00:00,3280.3,3282.90991,3268.4,3278.0
2025-06-28 07:00:00,3278.3,3283.5,3273.67,3283.3
2025-06-28 11:00:00,3283.1,3283.7,3280.1,3282.0
2025-06-28 15:00:00,3283.5,3284.1,3276.0,3280.9
2025-06-28 19:00:00,3280.2,3280.4,3276.5,3278.6
2025-06-28 23:00:00,3278.6,3284.3,3278.6,3284.3
2025-06-29 23:00:00,3273.8,3273.8,3271.9,3272.0
2025-06-30 07:00:00,3272.3,3280.89,3248.98,3264.55
2025-06-30 11:00:00,3264.63,3286.33008,3259.53003,3285.75
2025-06-30 15:00:00,3285.70996,3296.88989,3284.73999,3289.1
2025-06-30 19:00:00,3288.6,3288.93,3274.70996,3281.96
2025-06-30 23:00:00,3281.9,3297.51001,3278.090088,3297.47998
2025-07-01 03:00:00,3297.3501,3309.21997,3292.72998,3302.90991
2025-07-01 07:00:00,3305.4,3314.59009,3300.0,3314.52002
2025-07-01 11:00:00,3315.28003,3323.1001,3311.7,3318.9
2025-07-01 15:00:00,3318.9,3342.47998,3318.9,3339.62988
2025-07-01 19:00:00,3334.3,3357.96997,3333.3,3354.61011
2025-07-01 23:00:00,3354.72998,3355.6499,3334.2,3341.84009
2025-07-02 03:00:00,3341.77002,3342.20996,3334.3,3336.4
2025-07-02 07:00:00,3336.1,3345.060059,3328.8,3338.88
2025-07-02 11:00:00,3339.03,3342.82,3328.83,3340.1001
2025-07-02 15:00:00,3337.1,3342.33008,3325.7,3330.1
2025-07-02 19:00:00,3330.8,3351.12988,3327.9,3344.4
2025-07-02 23:00:00,3343.6,3348.11011,3330.0,3342.5
2025-07-03 03:00:00,3343.5,3359.060059,3342.8,3352.0
2025-07-03 07:00:00,3352.0,3365.61,3340.2,3340.3
2025-07-03 11:00:00,3340.6,3350.73999,3338.5,3346.5
2025-07-03 15:00:00,3346.1,3362.91992,3345.4,3356.28003
2025-07-03 19:00:00,3356.20996,3356.3501,3311.66,3324.25
2025-07-03 23:00:00,3324.01,3338.34,3322.07,3333.9
2025-07-04 03:00:00,3333.92,3334.8,3323.5,3323.9
2025-07-04 07:00:00,3323.5,3332.080078,3322.7,3328.94
2025-07-04 11:00:00,3328.9,3342.26001,3326.19,3340.9
2025-07-04 15:00:00,3340.92,3344.98,3336.6,3342.79
2025-07-04 19:00:00,3342.68,3343.04,3331.45,3333.9
2025-07-04 23:00:00,3334.0,3338.060059,3330.2,3335.0
2025-07-05 03:00:00,3335.24,3338.3,3335.0,3336.8
2025-07-05 07:00:00,3335.24,3339.8,3335.24,3339.1
2025-07-05 11:00:00,3338.9,3339.1,3331.3,3333.9
2025-07-05 15:00:00,3335.1,3339.3,3332.8,3334.7
2025-07-05 19:00:00,3335.4,3337.2,3334.3,3335.5
2025-07-05 23:00:00,3335.9,3336.7,3335.5,3336.7
2025-07-06 23:00:00,3335.2,3335.4,3332.3,3332.5
2025-07-07 03:00:00,3333.1,3339.5,3332.1,3334.6
2025-07-07 07:00:00,3334.01,3342.05,3321.7,3326.47
2025-07-07 11:00:00,3326.38,3327.55,3305.2,3307.82007
2025-07-07 15:00:00,3307.81,3315.15,3300.65,3310.1
2025-07-07 19:00:00,3310.01,3312.49,3296.5,3309.57
2025-07-07 23:00:00,3309.59,3327.98,3306.25,3327.31
2025-07-08 03:00:00,3327.48,3340.3,3327.32,3336.82
2025-07-08 07:00:00,3333.8,3345.7,3329.41,3334.17
2025-07-08 11:00:00,3334.01,3337.88989,3327.55,3329.55
2025-07-08 15:00:00,3329.63,3339.40991,3323.31,3323.61
2025-07-08 19:00:00,3323.58,3329.79,3320.1,3328.17
2025-07-08 23:00:00,3328.31,3328.62,3287.21,3300.20996
2025-07-09 03:00:00,3300.51,3310.42993,3299.0,3301.03
2025-07-09 07:00:00,3299.1,3308.030029,3297.16,3305.93994
2025-07-09 11:00:00,3305.4,3306.75,3285.0,3293.87
2025-07-09 15:00:00,3293.88,3297.84009,3282.8999,3285.090088
2025-07-09 19:00:00,3285.12012,3297.48,3283.18,3296.31
2025-07-09 23:00:00,3296.25,3312.94995,3292.050049,3311.88989
2025-07-10 03:00:00,3311.83008,3316.87012,3306.5,3312.1
2025-07-10 07:00:00,3312.1,3321.76,3306.2,3317.65
2025-07-10 11:00:00,3317.55,3326.38989,3311.6,3322.17
2025-07-10 15:00:00,3322.24,3330.05,3316.9,3328.6
2025-07-10 19:00:00,3328.61,3330.21,3316.4,3324.050049
2025-07-10 23:00:00,3323.92993,3329.42993,3309.9,3315.15991
2025-07-11 03:00:00,3315.13989,3325.84,3313.6,3323.67
2025-07-11 07:00:00,3318.9,3335.98,3314.8,3330.44
2025-07-11 11:00:00,3330.2,3335.94,3325.5,3331.94
2025-07-11 15:00:00,3332.49,3343.83008,3331.5,3333.13
2025-07-11 19:00:00,3333.13,3357.0,3332.86,3355.21997
2025-07-11 23:00:00,3355.3501,3367.45996,3344.2,3353.79
2025-07-12 03:00:00,3353.69995,3359.72998,3349.0,3349.9
2025-07-12 07:00:00,3349.8,3354.76,3343.6,3344.5
2025-07-12 11:00:00,3344.9,3354.6,3343.7,3348.4
2025-07-12 15:00:00,3348.3,3350.4,3344.3,3348.0
2025-07-12 19:00:00,3347.6,3349.4,3344.8,3345.8
2025-07-12 23:00:00,3345.9,3349.1,3344.8,3348.6
2025-07-13 23:00:00,3348.0,3350.9,3345.4,3347.3
2025-07-14 03:00:00,3346.6,3349.7,3346.6,3349.4
2025-07-14 07:00:00,3356.92,3373.7,3356.92,3367.52002
2025-07-14 11:00:00,3367.23,3370.05,3349.0,3359.6
2025-07-14 15:00:00,3359.44,3375.02002,3354.5,3366.040039
2025-07-14 19:00:00,3366.20996,3374.55,3349.36,3350.06
2025-07-14 23:00:00,3350.54,3359.02002,3341.1499,3345.5
2025-07-15 03:00:00,3345.4,3351.72,3341.36011,3342.4
2025-07-15 07:00:00,3342.4,3349.28,3341.1,3347.53
2025-07-15 11:00:00,3347.5,3361.33,3345.79,3360.13
2025-07-15 15:00:00,3360.21,3365.51,3357.02,3360.93
2025-07-15 19:00:00,3360.9,3366.24,3346.57007,3348.8999
2025-07-15 23:00:00,3349.07,3352.55005,3320.36011,3329.25
2025-07-16 03:00:00,3329.43994,3331.9,3324.6,3324.6
2025-07-16 07:00:00,3324.3,3332.58,3323.3,3330.65991
2025-07-16 11:00:00,3330.57,3338.54,3325.18994,3338.3
2025-07-16 15:00:00,3338.3,3342.61,3335.69995,3342.0
2025-07-16 19:00:00,3341.92,3342.83,3331.13,3334.62988
2025-07-16 23:00:00,3334.77002,3377.18994,3319.92993,3347.0
2025-07-17 03:00:00,3347.0,3356.73999,3341.6,3344.7
2025-07-17 07:00:00,3344.7,3352.25,3338.8,3340.8999
2025-07-17 11:00:00,3340.73,3344.84009,3335.2,3342.73
2025-07-17 15:00:00,3342.67,3342.92,3325.19,3328.73
2025-07-17 19:00:00,3328.63,3332.46,3309.98999,3313.16992
2025-07-17 23:00:00,3313.52002,3339.93,3311.3999,3338.87988
2025-07-18 03:00:00,3339.11011,3341.02,3335.65,3337.6
2025-07-18 07:00:00,3303.71,3343.89,3303.71,3339.92993
2025-07-18 11:00:00,3340.08,3344.09,3332.0,3336.94
2025-07-18 15:00:00,3336.85,3350.43,3332.01001,3347.47
2025-07-18 19:00:00,3347.44,3361.28003,3345.4,3359.94
2025-07-18 23:00:00,3360.11011,3360.31006,3345.8,3352.2
2025-07-19 03:00:00,3353.78003,3353.82007,3346.3,3347.9
2025-07-19 07:00:00,3347.6,3348.2,3344.5,3345.4
2025-07-19 11:00:00,3345.4,3347.5,3341.9,3345.7
2025-07-19 15:00:00,3345.8,3351.9,3345.4,3350.6
2025-07-19 19:00:00,3350.7,3352.6,3347.3,3348.2
2025-07-19 23:00:00,3348.2,3348.6,3347.8,3348.0
2025-07-20 23:00:00,3349.4,3352.8,3346.3,3350.0
2025-07-21 03:00:00,3349.9,3352.4,3346.9,3347.3
2025-07-21 07:00:00,3345.0,3354.62012,3345.0,3352.2
2025-07-21 11:00:00,3351.88,3358.68,3350.68,3357.81
2025-07-21 15:00:00,3357.65,3370.75,3357.65,3365.86
2025-07-21 19:00:00,3365.91,3388.58,3363.0,3387.17
2025-07-21 23:00:00,3387.38,3401.3999,3383.56,3395.63989
2025-07-22 03:00:00,3395.6499,3399.8501,3391.6499,3397.33
2025-07-22 07:00:00,3397.33,3402.53,3390.4,3394.3
2025-07-22 11:00:00,3394.23,3395.96997,3385.22998,3391.03
2025-07-22 15:00:00,3391.25,3391.88,3383.24,3388.92
2025-07-22 19:00:00,3388.88,3407.89,3384.59,3407.7
2025-07-22 23:00:00,3407.63,3432.90991,3405.12012,3432.25
2025-07-23 03:00:00,3432.26001,3433.43994,3426.25,3427.09
2025-07-23 07:00:00,3427.08,3437.79004,3426.24,3428.93994
2025-07-23 11:00:00,3428.64,3430.70996,3418.0,3423.56
2025-07-23 15:00:00,3423.65,3429.67,3416.28,3427.59
2025-07-23 19:00:00,3427.6,3432.44,3420.0,3421.06
2025-07-23 23:00:00,3421.07,3421.07,3386.11,3389.8
2025-07-24 03:00:00,3390.0,3400.0,3388.61,3389.03
2025-07-24 07:00:00,3389.03,3396.34,3388.14,3395.51
2025-07-24 11:00:00,3395.51,3395.9,3380.0,3384.39
2025-07-24 15:00:00,3384.39,3384.39,3371.6,3373.97
2025-07-24 19:00:00,3373.97,3373.97,3360.01,3361.18
2025-07-24 23:00:00,3361.17,3379.61,3359.33,3373.4
2025-07-25 03:00:00,3367.01001,3373.35,3366.38989,3370.59
2025-07-25 07:00:00,3370.59,3373.55005,3365.33008,3372.17
2025-07-25 11:00:00,3372.41992,3372.72998,3357.86,3360.94995
2025-07-25 15:00:00,3360.98,3368.0,3344.43,3345.6
2025-07-25 19:00:00,3345.36,3352.16,3336.57,3340.87012
2025-07-25 23:00:00,3340.5,3347.53003,3326.32007,3340.23
2025-07-26 03:00:00,3340.2,3347.17,3329.70996,3347.17
2025-07-26 07:00:00,3347.16,3358.44,3345.6,3353.7
2025-07-26 11:00:00,3353.7,3357.57,3351.05,3354.37
2025-07-26 15:00:00,3354.37,3356.81,3351.03,3352.01
2025-07-26 19:00:00,3352.0,3357.96,3349.67,3353.14
2025-07-26 23:00:00,3353.15,3354.96,3352.95,3352.96
2025-07-28 07:00:00,3348.18,3349.59,3340.0,3347.26
2025-07-28 11:00:00,3347.26,3351.53,3339.0,3344.4
2025-07-28 15:00:00,3344.4,3351.01,3340.63,3341.59
2025-07-28 19:00:00,3341.59,3348.84,3332.0,3333.61
2025-07-28 23:00:00,3333.61,3335.59,3312.0,3318.93
2025-07-29 03:00:00,3318.93,3325.36,3316.67,3322.01
2025-07-29 07:00:00,3322.01,3328.0,3318.39,3320.79
2025-07-29 11:00:00,3320.79,3329.91,3318.74,3325.5
2025-07-29 15:00:00,3325.0,3335.0,3321.01,3333.43
2025-07-29 19:00:00,3333.42,3333.43,3322.85,3330.61
2025-07-29 23:00:00,3330.37,3337.27,3320.53,3331.4
2025-07-30 03:00:00,3331.4,3338.09,3331.39,3334.24
2025-07-30 07:00:00,3334.23,3340.28,3332.84,3338.07
2025-07-30 11:00:00,3338.18,3339.91,3331.39,3334.0
2025-07-30 15:00:00,3334.2,3338.68,3330.22,3337.75
2025-07-30 19:00:00,3337.76,3339.42,3319.0,3320.6
2025-07-30 23:00:00,3320.4,3323.88,3302.66,3313.12
2025-07-31 03:00:00,3313.12,3317.49,3283.0,3291.98
2025-07-31 07:00:00,3292.2,3302.52,3288.88,3301.84
2025-07-31 11:00:00,3301.41,3310.05,3298.8,3305.99
2025-07-31 15:00:00,3306.0,3321.34,3302.83,3316.18
2025-07-31 19:00:00,3316.17,3318.61,3303.19,3316.4
2025-07-31 23:00:00,3316.31,3316.82,3299.07,3305.4
2025-08-01 03:00:00,3305.4,3308.32,3294.4,3299.41
2025-08-01 07:00:00,3299.42,3302.21,3293.34,3295.75
2025-08-01 11:00:00,3295.75,3302.99,3289.05,3300.61
2025-08-01 15:00:00,3300.64,3306.39,3290.0,3298.86
2025-08-01 19:00:00,3298.86,3342.6,3295.56,3341.4
2025-08-01 23:00:00,3341.41,3360.0,3336.82,3346.02
2025-08-02 03:00:00,3346.02,3362.0,3345.12,3361.89
2025-08-02 07:00:00,3361.89,3366.0,3359.2,3365.99
2025-08-02 11:00:00,3365.98,3369.98,3357.97,3361.67
2025-08-02 15:00:00,3361.68,3365.14,3355.58,3364.22
2025-08-02 19:00:00,3364.22,3367.26,3360.4,3360.4
2025-08-02 23:00:00,3360.4,3365.4,3360.0,3361.38
2025-08-04 07:00:00,3368.63,3368.8,3353.38,3353.8
2025-08-04 11:00:00,3353.8,3365.21,3348.8,3362.79
2025-08-04 15:00:00,3362.78,3364.81,3356.12,3361.53
2025-08-04 19:00:00,3361.53,3373.2,3357.4,3372.22
2025-08-04 23:00:00,3372.22,3384.39,3371.48,3374.14
2025-08-05 03:00:00,3374.14,3380.25,3374.0,3378.96
2025-08-05 07:00:00,3378.97,3381.19,3368.97,3380.48
2025-08-05 11:00:00,3380.49,3389.58,3373.91,3374.81
2025-08-05 15:00:00,3374.8,3375.18,3367.29,3367.29
2025-08-05 19:00:00,3367.29,3367.79,3353.8,3367.54
2025-08-05 23:00:00,3367.54,3393.62,3367.5,3381.19
2025-08-06 03:00:00,3381.19,3383.0,3376.52,3379.58
2025-08-06 07:00:00,3379.59,3385.25,3379.4,3382.39
2025-08-06 11:00:00,3382.39,3382.92,3375.8,3375.84
2025-08-06 15:00:00,3375.84,3381.35,3368.4,3368.76
2025-08-06 19:00:00,3368.76,3371.6,3362.51,3370.01
2025-08-06 23:00:00,3370.01,3381.27,3366.23,3377.01
2025-08-07 03:00:00,3377.01,3378.0,3368.49,3371.53
2025-08-07 07:00:00,3371.54,3376.19,3368.36,3375.92
2025-08-07 11:00:00,3375.91,3383.24,3374.2,3378.13
2025-08-07 15:00:00,3378.14,3394.98,3375.0,3379.98
2025-08-07 19:00:00,3379.86,3386.19,3374.16,3378.73
2025-08-07 23:00:00,3378.73,3387.93,3376.1,3383.41
2025-08-08 03:00:00,3383.4,3393.57,3381.84,3389.29
2025-08-08 07:00:00,3389.03,3397.81,3382.99,3387.6
2025-08-08 11:00:00,3387.55,3393.6,3380.69,3390.6
2025-08-08 15:00:00,3390.43,3394.63,3386.67,3390.21
2025-08-08 19:00:00,3390.2,3394.99,3377.77,3383.99
2025-08-08 23:00:00,3383.97,3390.5,3377.28,3389.5
2025-08-09 03:00:00,3389.5,3390.0,3375.19,3387.21
2025-08-09 07:00:00,3387.21,3388.88,3383.96,3385.16
2025-08-09 11:00:00,3385.16,3393.8,3375.0,3385.47
2025-08-09 15:00:00,3385.47,3386.89,3376.93,3380.89
2025-08-09 19:00:00,3380.95,3390.0,3380.95,3388.59
2025-08-09 23:00:00,3388.58,3389.32,3387.4,3389.32
2025-08-11 07:00:00,3386.51,3391.7,3377.93,3377.93
2025-08-11 11:00:00,3377.78,3377.78,3365.56,3371.62
2025-08-11 15:00:00,3371.61,3374.32,3352.61,3358.1
2025-08-11 19:00:00,3358.1,3360.0,3342.05,3351.75
2025-08-11 23:00:00,3351.74,3358.92,3340.4,3340.98
2025-08-12 03:00:00,3340.98,3373.85,3339.63,3344.13
2025-08-12 07:00:00,3344.14,3353.23,3338.72,3352.04
2025-08-12 11:00:00,3352.04,3357.09,3345.54,3349.54
2025-08-12 15:00:00,3349.9,3357.52,3339.33,3349.03
2025-08-12 19:00:00,3349.05,3354.19,3338.51,3347.92
2025-08-12 23:00:00,3347.93,3357.21,3332.0,3345.58
2025-08-13 03:00:00,3346.02,3346.02,3340.41,3342.47
2025-08-13 07:00:00,3342.52,3351.42,3336.1,3336.63
2025-08-13 11:00:00,3336.64,3348.07,3335.55,3342.32
2025-08-13 15:00:00,3342.24,3351.78,3341.44,3349.05
2025-08-13 19:00:00,3349.0,3355.0,3345.99,3347.12
2025-08-13 23:00:00,3347.11,3358.6,3344.27,3352.05
2025-08-14 03:00:00,3352.05,3352.06,3345.0,3350.8
2025-08-14 07:00:00,3350.8,3361.0,3348.61,3357.82
2025-08-14 11:00:00,3357.66,3360.19,3348.72,3351.4
2025-08-14 15:00:00,3351.49,3355.61,3338.18,3341.0
2025-08-14 19:00:00,3341.0,3350.0,3335.01,3339.7
2025-08-14 23:00:00,3339.69,3343.41,3324.39,3328.63
2025-08-15 03:00:00,3328.59,3334.07,3327.16,3330.23
2025-08-15 07:00:00,3330.23,3330.54,3326.01,3329.4
2025-08-15 11:00:00,3329.4,3338.0,3328.12,3337.11
2025-08-15 15:00:00,3337.11,3341.09,3334.03,3336.06
2025-08-15 19:00:00,3335.88,3340.03,3330.13,3336.66
2025-08-15 23:00:00,3336.82,3339.51,3328.2,3329.38
2025-08-16 03:00:00,3329.38,3333.9,3328.9,3329.36
2025-08-16 07:00:00,3329.35,3335.0,3328.96,3332.28
2025-08-16 11:00:00,3332.28,3336.01,3331.2,3333.32
2025-08-16 15:00:00,3333.31,3334.97,3327.21,3330.01
2025-08-16 19:00:00,3330.0,3331.11,3328.81,3328.85
2025-08-16 23:00:00,3328.85,3331.25,3327.95,3331.25
2025-08-18 07:00:00,3330.09,3337.86,3322.0,3333.98
2025-08-18 11:00:00,3333.98,3353.64,3333.4,3350.79
2025-08-18 15:00:00,3350.79,3380.0,3340.39,3346.35
2025-08-18 19:00:00,3346.35,3353.2,3339.57,3339.64
2025-08-18 23:00:00,3339.64,3339.64,3328.25,3332.7
2025-08-19 03:00:00,3332.76,3333.14,3326.63,3331.75
2025-08-19 07:00:00,3331.76,3337.46,3326.51,3332.7
2025-08-19 11:00:00,3332.7,3337.98,3329.25,3334.29
2025-08-19 15:00:00,3334.3,3337.96,3332.4,3335.08
2025-08-19 19:00:00,3335.08,3339.95,3331.73,3331.73
2025-08-19 23:00:00,3331.7,3342.06,3317.0,3317.0
2025-08-20 03:00:00,3317.0,3318.79,3308.01,3314.82
2025-08-20 07:00:00,3314.84,3316.7,3307.58,3312.4
2025-08-20 11:00:00,3312.38,3316.2,3301.77,3312.38
2025-08-20 15:00:00,3312.47,3320.69,3312.0,3319.6
2025-08-20 19:00:00,3319.65,3333.78,3317.08,3333.76
2025-08-20 23:00:00,3333.75,3338.19,3330.47,3334.26
2025-08-21 03:00:00,3334.27,3339.91,3334.0,3339.88
2025-08-21 07:00:00,3339.88,3342.56,3336.56,3336.56
2025-08-21 11:00:00,3336.57,3339.15,3333.0,3333.12
2025-08-21 15:00:00,3333.13,3335.58,3330.0,3335.29
2025-08-21 19:00:00,3335.26,3336.32,3318.25,3333.72
2025-08-21 23:00:00,3333.73,3338.38,3329.4,3332.0
2025-08-22 03:00:00,3332.0,3334.0,3331.0,3332.14
2025-08-22 07:00:00,3332.13,3335.28,3330.54,3332.82
2025-08-22 11:00:00,3332.82,3333.16,3324.74,3325.0
2025-08-22 15:00:00,3325.0,3332.0,3323.06,3325.07
2025-08-22 19:00:00,3325.23,3328.02,3318.28,3319.71
2025-08-22 23:00:00,3319.71,3363.43,3319.7,3354.69
2025-08-23 03:00:00,3354.69,3363.42,3354.69,3363.42
2025-08-23 07:00:00,3363.43,3366.18,3359.53,3360.67
2025-08-23 11:00:00,3360.67,3360.73,3345.51,3356.08
2025-08-23 15:00:00,3356.09,3359.76,3354.35,3359.75
2025-08-23 19:00:00,3359.76,3360.69,3357.02,3358.83
2025-08-23 23:00:00,3358.82,3360.69,3358.74,3359.72
2025-08-25 07:00:00,3358.02,3361.5,3354.83,3355.54
2025-08-25 11:00:00,3355.76,3366.68994,3352.54,3357.4
2025-08-25 15:00:00,3357.39,3358.85,3351.99,3353.31
2025-08-25 19:00:00,3353.28,3362.71,3353.27,3358.76
2025-08-25 23:00:00,3358.75,3363.3,3355.48,3362.95
2025-08-26 03:00:00,3362.95,3363.3,3349.12,3349.54
2025-08-26 07:00:00,3349.54,3370.66,3336.0,3367.02
2025-08-26 11:00:00,3366.1,3371.43994,3357.65,3364.44
2025-08-26 15:00:00,3364.47,3369.06,3358.48,3366.07
2025-08-26 19:00:00,3366.07,3367.35,3357.69,3361.34
2025-08-26 23:00:00,3361.0,3374.03,3358.17,3372.13
2025-08-27 03:00:00,3372.13,3379.98,3368.44,3379.95
2025-08-27 07:00:00,3379.9,3382.93,3375.78,3379.23
2025-08-27 11:00:00,3379.24,3386.1001,3365.0,3365.84
2025-08-27 15:00:00,3365.84,3375.66,3365.83,3373.81
2025-08-27 19:00:00,3373.82,3374.9,3367.15,3370.89
2025-08-27 23:00:00,3371.34,3384.92,3366.67,3382.58
2025-08-28 03:00:00,3382.44,3388.82,3381.9,3388.82
2025-08-28 07:00:00,3388.81,3390.77,3384.65,3384.65
2025-08-28 11:00:00,3384.65,3389.97,3378.0,3381.7
2025-08-28 15:00:00,3381.71,3397.51,3380.64,3396.35
2025-08-28 19:00:00,3396.35,3402.32,3390.96,3394.31
2025-08-28 23:00:00,3394.09,3415.37,3392.2,3413.76
2025-08-29 03:00:00,3413.75,3423.25,3413.13,3419.78
2025-08-29 07:00:00,3419.77,3420.61,3409.52,3414.3
2025-08-29 11:00:00,3414.3,3419.96,3407.99,3411.94
2025-08-29 15:00:00,3411.95,3426.91,3408.69,3410.82
2025-08-29 19:00:00,3410.82,3418.67,3407.8,3418.16
2025-08-29 23:00:00,3418.17,3455.71,3415.97,3455.6
2025-08-30 03:00:00,3455.48,3464.7,3445.98,3455.59
2025-08-30 07:00:00,3455.6,3463.32,3451.04,3458.99
2025-08-30 11:00:00,3458.99,3463.0,3452.66,3462.88
2025-08-30 15:00:00,3462.89,3463.0,3454.83,3462.25
2025-08-30 19:00:00,3462.26,3466.73,3456.3,3463.35
2025-08-30 23:00:00,3463.35,3463.81,3457.85,3463.81
2025-09-01 07:00:00,3467.33,3467.34,3455.0,3456.95
2025-09-01 11:00:00,3456.94,3498.02,3451.13,3490.8
2025-09-01 15:00:00,3490.8,3502.0,3486.84,3491.46
2025-09-01 19:00:00,3491.46,3491.96,3480.73,3480.74
2025-09-01 23:00:00,3480.74,3493.4,3480.0,3492.17
2025-09-02 03:00:00,3492.17,3494.45,3488.71,3490.83
2025-09-02 07:00:00,3490.82,3538.0,3489.37,3507.62
2025-09-02 11:00:00,3507.61,3540.0,3507.43,3518.36
2025-09-02 15:00:00,3517.96,3518.39,3486.35,3491.52
2025-09-02 19:00:00,3491.86,3508.99,3490.02,3497.0
2025-09-02 23:00:00,3497.64,3545.62,3493.84,3545.02
2025-09-03 03:00:00,3545.01,3556.69,3541.14,3550.4
2025-09-03 07:00:00,3550.4,3560.0,3543.21,3558.15
2025-09-03 11:00:00,3558.15,3562.3,3542.4,3550.71
2025-09-03 15:00:00,3550.72,3558.79,3546.04,3555.2
2025-09-03 19:00:00,3555.29,3567.43,3549.0,3566.41
2025-09-03 23:00:00,3566.31,3583.3,3563.24,3583.3
2025-09-04 03:00:00,3583.3,3587.5,3573.01,3573.33
2025-09-04 07:00:00,3573.33,3578.25,3569.08,3575.14
2025-09-04 11:00:00,3575.64,3577.09,3527.55,3543.99
2025-09-04 15:00:00,3544.0,3560.97,3534.03,3551.41
2025-09-04 19:00:00,3551.41,3558.03,3546.6,3553.23
2025-09-04 23:00:00,3553.23,3565.66,3544.8,3560.3
2025-09-05 03:00:00,3560.31,3562.5,3551.27,3553.16
2025-09-05 07:00:00,3553.16,3562.37,3548.64,3558.96
2025-09-05 11:00:00,3558.96,3565.6,3555.9,3564.88
2025-09-05 15:00:00,3564.66,3566.78,3550.0,3550.56
2025-09-05 19:00:00,3550.55,3587.36,3550.55,3581.93
2025-09-05 23:00:00,3581.94,3599.0,3572.0,3595.29
2025-09-06 03:00:00,3595.41,3599.1,3590.0,3590.01
2025-09-06 07:00:00,3590.0,3599.0,3590.0,3591.59
2025-09-06 11:00:00,3591.66,3598.99,3591.58,3598.7
2025-09-06 15:00:00,3598.7,3609.73,3595.7,3607.01
2025-09-06 19:00:00,3607.0,3611.68,3600.91,3609.86
2025-09-06 23:00:00,3609.86,3611.2,3603.19,3606.64
2025-09-08 07:00:00,3609.59,3611.57,3595.04,3602.37
2025-09-08 11:00:00,3602.37,3604.9,3588.12,3591.32
2025-09-08 15:00:00,3591.32,3623.44,3590.8,3618.1
2025-09-08 19:00:00,3618.1,3629.99,3616.81,3629.19
2025-09-08 23:00:00,3629.18,3649.32,3626.34,3645.82
2025-09-09 03:00:00,3645.97,3646.06,3638.13,3641.18
2025-09-09 07:00:00,3641.12,3647.01,3633.36,3645.82
2025-09-09 11:00:00,3645.82,3670.0,3645.75,3663.13
2025-09-09 15:00:00,3663.14,3668.24,3646.34,3655.52
2025-09-09 19:00:00,3655.8,3664.72,3653.65,3657.91
2025-09-09 23:00:00,3657.91,3681.7,3639.09,3657.71
2025-09-10 03:00:00,3657.72,3661.18,3638.7,3638.7
2025-09-10 07:00:00,3638.48,3648.36,3630.0,3632.8
2025-09-10 11:00:00,3632.79,3648.23,3630.11,3647.75
2025-09-10 15:00:00,3647.76,3651.34,3644.09,3650.13
2025-09-10 19:00:00,3650.04,3664.0,3644.73,3647.22
2025-09-10 23:00:00,3647.21,3655.55,3638.18,3645.68
2025-09-11 03:00:00,3645.33,3647.31,3636.67,3641.3
2025-09-11 07:00:00,3641.3,3646.92,3637.92,3640.94
2025-09-11 11:00:00,3640.94,3644.72,3627.12,3628.02
2025-09-11 15:00:00,3628.02,3632.84,3621.03,3622.99
2025-09-11 19:00:00,3623.3,3643.19,3614.09,3627.53
2025-09-11 23:00:00,3627.54,3645.81,3618.39,3634.72
2025-09-12 03:00:00,3634.72,3639.29,3630.7,3634.06
2025-09-12 07:00:00,3634.01,3639.19,3630.53,3635.01
2025-09-12 11:00:00,3635.02,3653.43,3635.02,3652.99
2025-09-12 15:00:00,3652.99,3655.89,3640.45,3641.0
2025-09-12 19:00:00,3640.99,3651.13,3639.07,3645.91
2025-09-12 23:00:00,3645.91,3652.14,3641.34,3647.39
2025-09-13 03:00:00,3646.9,3648.87,3640.37,3642.08
2025-09-13 07:00:00,3642.08,3646.34,3633.4,3639.89
2025-09-13 11:00:00,3639.89,3639.89,3625.47,3629.18
2025-09-13 15:00:00,3629.17,3637.43,3628.0,3634.12
2025-09-13 19:00:00,3634.12,3638.37,3630.25,3635.1
2025-09-13 23:00:00,3635.1,3635.1,3631.21,3632.77
2025-09-15 07:00:00,3652.38,3652.38,3640.0,3641.14
2025-09-15 11:00:00,3640.95,3653.86,3635.07,3650.92
2025-09-15 15:00:00,3651.01,3652.0,3638.89,3651.47
2025-09-15 19:00:00,3651.47,3659.5,3643.3,3658.38
2025-09-15 23:00:00,3658.47,3692.79,3656.77,3688.36
2025-09-16 03:00:00,3688.36,3692.51,3680.02,3683.47
2025-09-16 07:00:00,3683.47,3694.42,3677.61,3693.64
2025-09-16 11:00:00,3693.64,3695.94,3684.46,3692.06
2025-09-16 15:00:00,3692.05,3705.79,3688.3,3704.75
2025-09-16 19:00:00,3704.76,3710.53,3696.02,3701.68
2025-09-16 23:00:00,3701.69,3712.69,3688.62,3700.24
2025-09-17 03:00:00,3700.24,3700.84,3692.66,3696.78
2025-09-17 07:00:00,3696.78,3705.4,3695.54,3700.7
2025-09-17 11:00:00,3700.71,3700.71,3684.66,3688.44
2025-09-17 15:00:00,3688.44,3693.24,3673.05,3675.1
2025-09-17 19:00:00,3675.0,3690.69,3671.58,3690.69
2025-09-17 23:00:00,3690.68,3698.17,3686.16,3693.55
2025-09-18 03:00:00,3693.55,3708.49,3657.59,3664.37
2025-09-18 07:00:00,3664.38,3674.27,3660.1,3668.89
2025-09-18 11:00:00,3668.88,3671.85,3657.72,3659.3
2025-09-18 15:00:00,3659.3,3666.71,3639.5,3664.9
2025-09-18 19:00:00,3664.89,3674.14,3663.71,3666.11
2025-09-18 23:00:00,3665.95,3666.4,3638.08,3650.35
2025-09-19 03:00:00,3650.35,3651.53,3644.04,3647.61
2025-09-19 07:00:00,3647.62,3649.55,3643.2,3646.93
2025-09-19 11:00:00,3646.84,3665.46,3641.01,3661.22
2025-09-19 15:00:00,3661.12,3689.99,3650.27,3660.88
2025-09-19 19:00:00,3660.94,3666.25,3653.63,3657.95
2025-09-19 23:00:00,3657.67,3682.99,3652.75,3673.87
2025-09-20 03:00:00,3673.88,3690.09,3673.87,3688.92
2025-09-20 07:00:00,3688.92,3693.0,3684.46,3692.56
2025-09-20 11:00:00,3692.56,3693.04,3683.4,3687.49
2025-09-20 15:00:00,3687.54,3688.94,3683.34,3687.78
2025-09-20 19:00:00,3687.79,3690.88,3684.0,3688.99
2025-09-20 23:00:00,3688.99,3691.96,3687.03,3691.44
2025-09-22 07:00:00,3689.63,3696.72,3686.83,3695.18
2025-09-22 11:00:00,3695.18,3700.0,3690.0,3695.29
2025-09-22 15:00:00,3695.29,3734.0,3693.0,3725.79
2025-09-22 19:00:00,3725.79,3742.62,3724.06,3728.95
2025-09-22 23:00:00,3728.96,3747.68,3722.34,3743.15
2025-09-23 03:00:00,3743.16,3762.62,3743.15,3760.41
2025-09-23 07:00:00,3760.42,3766.4,3750.55,3759.23
2025-09-23 11:00:00,3759.22,3771.0,3748.89,3753.05
2025-09-23 15:00:00,3753.04,3787.92,3753.04,3783.75
2025-09-23 19:00:00,3783.74,3800.0,3783.74,3793.07
2025-09-23 23:00:00,3793.07,3795.27,3772.45,3785.28
2025-09-24 03:00:00,3785.29,3791.89,3763.57,3777.03
2025-09-24 07:00:00,3777.11,3781.74,3768.66,3773.37
2025-09-24 11:00:00,3773.37,3783.84,3759.0,3778.72
2025-09-24 15:00:00,3778.72,3788.79,3775.31,3778.87
2025-09-24 19:00:00,3778.88,3779.24,3767.3,3777.84
2025-09-24 23:00:00,3777.83,3780.0,3737.82,3740.33
2025-09-25 03:00:00,3740.23,3754.36,3720.78,3747.29
2025-09-25 07:00:00,3747.29,3761.0,3745.72,3759.19
2025-09-25 11:00:00,3759.2,3760.35,3735.0,3746.57
2025-09-25 15:00:00,3746.17,3773.55,3743.35,3763.67
2025-09-25 19:00:00,3763.56,3766.68,3739.96,3747.7
2025-09-25 23:00:00,3747.71,3754.3,3730.0,3739.48
2025-09-26 03:00:00,3739.48,3765.05,3738.68,3757.69
2025-09-26 07:00:00,3757.68,3764.08,3748.28,3756.65
2025-09-26 11:00:00,3756.66,3759.99,3742.04,3753.19
2025-09-26 15:00:00,3753.19,3760.06,3745.69,3759.11
2025-09-26 19:00:00,3759.11,3763.96,3746.07,3760.48
2025-09-26 23:00:00,3760.48,3793.12,3760.28,3780.12
2025-09-27 03:00:00,3780.13,3799.0,3771.5,3771.5
2025-09-27 07:00:00,3771.51,3780.14,3764.5,3773.6
2025-09-27 11:00:00,3773.6,3779.22,3772.31,3773.51
2025-09-27 15:00:00,3773.52,3780.24,3770.81,3778.58
2025-09-27 19:00:00,3778.57,3783.79,3773.21,3783.71
2025-09-27 23:00:00,3783.72,3784.69,3777.54,3783.35
2025-09-29 07:00:00,3770.0,3795.07,3768.57,3794.42
2025-09-29 11:00:00,3794.43,3815.06,3776.11,3812.9
2025-09-29 15:00:00,3812.85,3833.0,3811.67,3828.01
2025-09-29 19:00:00,3828.0,3844.34,3819.44,3824.92
2025-09-29 23:00:00,3824.93,3841.89,3822.39,3838.46
2025-09-30 03:00:00,3838.46,3844.84,3832.9,3842.19
2025-09-30 07:00:00,3842.19,3859.48,3839.29,3853.73
2025-09-30 11:00:00,3853.74,3880.69,3851.46,3876.74
2025-09-30 15:00:00,3876.75,3880.23,3821.31,3830.12
2025-09-30 19:00:00,3830.12,3837.0,3806.92,3828.97
2025-09-30 23:00:00,3828.97,3862.87,3824.1,3845.96
2025-10-01 03:00:00,3846.2,3871.8,3839.9,3869.18
2025-10-01 07:00:00,3869.18,3876.38,3863.93,3872.23
2025-10-01 11:00:00,3872.22,3886.03,3865.67,3872.87
2025-10-01 15:00:00,3872.87,3904.55,3863.63,3904.49
2025-10-01 19:00:00,3904.48,3904.58,3876.98,3881.5
2025-10-01 23:00:00,3881.5,3887.69,3868.64,3880.54
2025-10-02 03:00:00,3880.54,3880.55,3865.0,3875.49
2025-10-02 07:00:00,3875.48,3880.21,3857.9,3860.06
2025-10-02 11:00:00,3860.06,3878.07,3856.01,3867.07
2025-10-02 15:00:00,3867.07,3884.32,3864.77,3880.46
2025-10-02 19:00:00,3880.45,3896.06,3878.1,3887.39
2025-10-02 23:00:00,3887.4,3899.0,3823.79,3854.71
2025-10-03 03:00:00,3854.72,3867.35,3850.05,3861.5
2025-10-03 07:00:00,3861.5,3866.46,3850.75,3859.61
2025-10-03 11:00:00,3859.61,3865.01,3843.79,3851.83
2025-10-03 15:00:00,3851.84,3871.24,3851.84,3870.56
2025-10-03 19:00:00,3870.55,3876.47,3859.88,3876.45
2025-10-03 23:00:00,3876.45,3889.99,3867.04,3885.88
2025-10-04 03:00:00,3885.88,3889.63,3880.03,3885.26
2025-10-04 07:00:00,3885.25,3899.0,3842.52,3889.42
2025-10-04 11:00:00,3889.42,3895.28,3884.52,3886.02
2025-10-04 15:00:00,3886.01,3892.92,3885.0,3888.88
2025-10-04 19:00:00,3888.89,3900.72,3886.55,3895.0
2025-10-04 23:00:00,3895.01,3896.09,3890.58,3893.47
2025-10-06 07:00:00,3891.88,3922.65,3890.53,3914.2
2025-10-06 11:00:00,3914.21,3940.0,3906.36,3939.32
2025-10-06 15:00:00,3939.31,3953.09,3931.0,3947.55
2025-10-06 19:00:00,3947.54,3956.36,3942.0,3947.9
2025-10-06 23:00:00,3947.89,3975.31,3936.75,3973.14
2025-10-07 03:00:00,3973.14,3979.0,3958.64,3970.74
2025-10-07 07:00:00,3970.74,3989.89,3967.88,3983.21
2025-10-07 11:00:00,3983.22,3990.0,3966.67,3984.13
2025-10-07 15:00:00,3984.13,3986.17,3955.39,3957.52
2025-10-07 19:00:00,3957.85,3977.55,3953.39,3977.04
2025-10-07 23:00:00,3977.05,4000.0,3976.92,3983.22
2025-10-08 03:00:00,3983.22,4000.0,3980.0,3994.92
2025-10-08 07:00:00,3994.92,4004.84,3992.98,4000.88
2025-10-08 11:00:00,4000.87,4027.42,3996.75,4026.16
2025-10-08 15:00:00,4026.16,4049.0,4026.16,4045.71
2025-10-08 19:00:00,4045.71,4059.99,4040.31,4051.69
2025-10-08 23:00:00,4051.67,4066.0,4041.58,4058.24
2025-10-09 03:00:00,4058.25,4079.48,4045.63,4056.45
2025-10-09 07:00:00,4056.45,4059.6,4021.0,4032.21
2025-10-09 11:00:00,4032.22,4055.96,4026.79,4045.72
2025-10-09 15:00:00,4045.71,4062.41,4044.0,4047.49
2025-10-09 19:00:00,4047.48,4061.75,4047.33,4058.99
2025-10-09 23:00:00,4058.98,4072.0,4024.96,4036.43
2025-10-10 03:00:00,4036.43,4041.4,3961.94,3989.18
2025-10-10 07:00:00,3989.19,4000.28,3975.33,4000.27
2025-10-10 11:00:00,4000.28,4007.09,3971.39,3971.39
2025-10-10 15:00:00,3971.32,3986.68,3957.29,3977.88
2025-10-10 19:00:00,3977.89,4014.25,3976.0,3994.26
2025-10-10 23:00:00,3994.27,4030.0,3981.52,4008.65
2025-10-11 03:00:00,4008.5,4033.0,3987.32,4024.44
2025-10-11 07:00:00,4024.43,4030.95,3600.0,3983.01
2025-10-11 11:00:00,3983.0,3987.3,3950.0,3973.35
2025-10-11 15:00:00,3974.23,4000.8,3965.86,3993.49
2025-10-11 19:00:00,3993.49,4000.88,3990.1,3997.66
2025-10-11 23:00:00,3997.43,4000.0,3996.22,3997.52
2025-10-13 07:00:00,4002.99,4058.65,4002.63,4036.56
2025-10-13 11:00:00,4036.57,4056.28,4026.55,4052.01
2025-10-13 15:00:00,4052.01,4079.28,4052.01,4071.01
2025-10-13 19:00:00,4070.92,4090.65,4069.3,4082.64
2025-10-13 23:00:00,4082.64,4119.0,4078.0,4110.75
2025-10-14 03:00:00,4110.75,4124.06,4101.58,4124.0
2025-10-14 07:00:00,4124.0,4142.3,4115.26,4141.69
2025-10-14 11:00:00,4141.69,4183.67,4133.47,4179.1
2025-10-14 15:00:00,4179.11,4200.0,4103.38,4142.41
2025-10-14 19:00:00,4142.41,4161.26,4130.48,4139.6
2025-10-14 23:00:00,4139.59,4154.22,4112.0,4148.88
2025-10-15 03:00:00,4148.94,4173.99,4140.0,4155.65
2025-10-15 07:00:00,4155.53,4184.13,4151.67,4176.71
2025-10-15 11:00:00,4176.7,4207.13,4170.81,4205.24
2025-10-15 15:00:00,4205.24,4227.36,4191.24,4224.66
2025-10-15 19:00:00,4224.94,4240.29,4188.0,4223.0
2025-10-15 23:00:00,4223.0,4229.98,4200.76,4211.71
2025-10-16 03:00:00,4211.71,4231.81,4205.06,4230.95
2025-10-16 07:00:00,4230.95,4247.41,4219.82,4238.42
2025-10-16 11:00:00,4238.42,4274.0,4235.66,4261.56
2025-10-16 15:00:00,4261.65,4262.4,4225.28,4246.92
2025-10-16 19:00:00,4246.91,4266.13,4236.2,4258.48
2025-10-16 23:00:00,4258.47,4297.89,4246.18,4292.64
2025-10-17 03:00:00,4292.65,4336.65,4286.51,4333.33
2025-10-17 07:00:00,4333.07,4530.0,4333.0,4436.75
2025-10-17 11:00:00,4436.74,4436.75,4256.0,4401.2
2025-10-17 15:00:00,4401.27,4432.13,4351.0,4382.34
2025-10-17 19:00:00,4382.35,4428.0,4305.89,4307.81
2025-10-17 23:00:00,4307.8,4347.67,4225.0,4253.1
2025-10-18 03:00:00,4253.11,4260.63,4192.55,4236.8
2025-10-18 07:00:00,4236.81,4273.28,4188.0,4238.93
2025-10-18 11:00:00,4238.93,4259.28,4238.46,4246.44
2025-10-18 15:00:00,4246.44,4252.53,4226.0,4235.41
2025-10-18 19:00:00,4235.41,4250.0,4235.4,4238.43
2025-10-18 23:00:00,4238.43,4242.36,4234.78,4237.99
2025-10-20 07:00:00,4231.0,4265.0,4231.0,4242.46
2025-10-20 11:00:00,4242.34,4272.5,4214.16,4260.78
2025-10-20 15:00:00,4260.77,4268.29,4220.16,4245.67
2025-10-20 19:00:00,4245.66,4269.42,4237.29,4269.17
2025-10-20 23:00:00,4269.18,4355.55,4265.84,4348.17
2025-10-21 03:00:00,4348.16,4401.66,4333.51,4388.43
2025-10-21 07:00:00,4388.43,4390.74,4355.9,4364.09
2025-10-21 11:00:00,4363.81,4375.49,4341.35,4357.86
2025-10-21 15:00:00,4357.86,4357.87,4290.01,4299.65
2025-10-21 19:00:00,4299.66,4301.83,4250.37,4257.24
2025-10-21 23:00:00,4257.8,4261.99,4101.0,4139.2
2025-10-22 03:00:00,4139.4,4145.93,4094.72,4114.57
2025-10-22 07:00:00,4114.09,4141.09,4095.34,4098.31
2025-10-22 11:00:00,4098.82,4147.04,4020.0,4133.33
2025-10-22 15:00:00,4133.77,4167.79,4116.14,4138.01
2025-10-22 19:00:00,4138.02,4140.71,4023.0,4041.49
2025-10-22 23:00:00,4041.5,4097.0,4025.7,4042.51
2025-10-23 03:00:00,4042.5,4114.14,4030.38,4101.48
2025-10-23 07:00:00,4101.33,4113.95,4085.08,4091.78
2025-10-23 11:00:00,4092.05,4109.14,4068.9,4098.09
2025-10-23 15:00:00,4098.09,4134.91,4057.14,4089.63
2025-10-23 19:00:00,4089.64,4126.89,4089.64,4115.49
2025-10-23 23:00:00,4115.18,4157.46,4106.12,4141.4
2025-10-24 03:00:00,4141.39,4149.06,4116.07,4117.0
2025-10-24 07:00:00,4117.36,4127.97,4102.0,4117.46
2025-10-24 11:00:00,4117.92,4139.52,4109.74,4125.0
2025-10-24 15:00:00,4125.0,4125.01,4067.75,4071.99
2025-10-24 19:00:00,4072.0,4074.77,4045.25,4061.53
2025-10-24 23:00:00,4061.53,4126.98,4059.58,4121.94
2025-10-25 03:00:00,4122.13,4139.62,4094.25,4097.3
2025-10-25 07:00:00,4097.3,4117.64,4090.99,4110.53
2025-10-25 11:00:00,4110.54,4127.13,4101.77,4110.07
2025-10-25 15:00:00,4110.07,4117.43,4105.0,4107.34
2025-10-25 19:00:00,4107.34,4116.78,4099.93,4109.41
2025-10-25 23:00:00,4109.41,4111.65,4108.64,4111.21
2025-10-27 07:00:00,4098.77,4099.51,4056.26,4059.96
2025-10-27 11:00:00,4059.95,4094.71,4056.01,4066.67
2025-10-27 15:00:00,4066.67,4081.07,4051.07,4063.71
2025-10-27 19:00:00,4063.71,4064.24,4015.88,4023.84
2025-10-27 23:00:00,4023.84,4048.48,3951.0,3986.79
2025-10-28 03:00:00,3986.97,4002.18,3977.21,3980.31
2025-10-28 07:00:00,3980.41,3995.37,3969.82,3992.2
2025-10-28 11:00:00,3992.19,4013.17,3970.87,3990.1
2025-10-28 15:00:00,3990.15,3991.69,3921.0,3932.14
2025-10-28 19:00:00,3932.14,3939.8,3900.0,3931.36
2025-10-28 23:00:00,3931.37,4000.0,3913.63,3970.74
2025-10-29 03:00:00,3970.73,3976.22,3953.36,3967.98
2025-10-29 07:00:00,3967.97,3970.91,3930.08,3968.36
2025-10-29 11:00:00,3968.42,3987.5,3950.01,3964.2
2025-10-29 15:00:00,3964.2,4001.52,3953.08,4001.52
2025-10-29 19:00:00,4001.53,4031.43,3999.86,4018.16
2025-10-29 23:00:00,4018.17,4030.63,3989.0,3995.02
2025-10-30 03:00:00,3994.75,4008.95,3933.18,3949.3
2025-10-30 07:00:00,3949.55,3960.06,3921.71,3956.23
2025-10-30 11:00:00,3955.76,3969.71,3923.15,3941.1
2025-10-30 15:00:00,3941.16,3985.01,3938.48,3961.39
2025-10-30 19:00:00,3961.38,4008.04,3954.46,3976.02
2025-10-30 23:00:00,3976.01,4009.8,3960.79,3999.16
2025-10-31 03:00:00,3999.16,4023.0,3989.42,4020.42
2025-10-31 07:00:00,4020.71,4040.0,4012.42,4034.25
2025-10-31 11:00:00,4034.26,4035.0,3990.0,3994.43
2025-10-31 15:00:00,3994.43,4026.25,3988.57,4023.86
2025-10-31 19:00:00,4023.86,4031.8,3998.71,4007.61
2025-10-31 23:00:00,4007.61,4032.56,4007.19,4011.79
2025-11-01 03:00:00,4012.04,4013.84,3971.81,3995.65
2025-11-01 07:00:00,3995.65,4004.21,3991.21,4000.16
2025-11-01 11:00:00,4000.16,4005.95,3995.51,4004.43
2025-11-01 15:00:00,4004.43,4007.15,4002.43,4002.96
2025-11-01 19:00:00,4002.96,4009.88,4001.84,4008.72
2025-11-01 23:00:00,4008.71,4008.71,4001.4,4001.4
2025-11-03 07:00:00,3997.44,3998.31,3976.88,3979.05
2025-11-03 11:00:00,3979.05,4010.05,3962.2,4005.89
2025-11-03 15:00:00,4005.89,4020.78,3995.74,4020.34
2025-11-03 19:00:00,4020.35,4023.18,3980.0,4003.3
2025-11-03 23:00:00,4003.3,4024.93,3999.59,4003.73
2025-11-04 03:00:00,4003.78,4008.28,3990.0,3999.2
2025-11-04 07:00:00,3999.67,4009.04,3980.07,3992.01
2025-11-04 11:00:00,3992.02,3996.92,3967.12,3990.87
2025-11-04 15:00:00,3991.09,4009.0,3960.38,3988.3
2025-11-04 19:00:00,3988.3,3995.0,3980.27,3991.52
2025-11-04 23:00:00,3991.51,3992.25,3927.23,3951.97
2025-11-05 03:00:00,3951.97,3968.35,3918.0,3930.56
2025-11-05 07:00:00,3930.56,3936.24,3920.0,3929.18
2025-11-05 11:00:00,3929.45,3960.23,3920.0,3957.01
2025-11-05 15:00:00,3957.0,3968.69,3952.12,3965.97
2025-11-05 19:00:00,3965.97,3977.86,3952.18,3961.52
2025-11-05 23:00:00,3961.53,3980.79,3957.36,3974.86
2025-11-06 03:00:00,3974.86,3985.32,3971.5,3984.63
2025-11-06 07:00:00,3984.64,3988.23,3962.92,3971.74
2025-11-06 11:00:00,3971.75,3984.59,3958.68,3981.99
2025-11-06 15:00:00,3982.0,4007.0,3975.21,4002.18
2025-11-06 19:00:00,4002.41,4015.75,4001.0,4015.75
2025-11-06 23:00:00,4015.74,4020.0,3967.1,3975.32
2025-11-07 03:00:00,3975.31,3992.4,3962.18,3981.31
2025-11-07 07:00:00,3981.31,3986.26,3972.1,3986.26
2025-11-07 11:00:00,3986.26,3999.0,3980.71,3986.7
2025-11-07 15:00:00,3986.7,4003.85,3981.63,4002.7
2025-11-07 19:00:00,4002.7,4007.13,3989.11,3997.4
2025-11-07 23:00:00,3997.62,4002.71,3977.01,3982.24
2025-11-08 03:00:00,3982.06,4014.99,3981.47,4003.11
2025-11-08 07:00:00,4003.1,4003.1,3990.5,3992.01
2025-11-08 11:00:00,3992.02,4000.0,3991.6,3996.64
2025-11-08 15:00:00,3996.64,3998.21,3986.75,3988.16
2025-11-08 19:00:00,3988.16,3993.65,3986.93,3990.91
2025-11-08 23:00:00,3990.91,3992.72,3987.9,3992.44
2025-11-10 07:00:00,3997.16,4010.93,3994.22,4004.69
2025-11-10 11:00:00,4004.79,4051.86011,4004.65,4044.88
2025-11-10 15:00:00,4044.9,4075.0,4044.89,4073.3
2025-11-10 19:00:00,4073.31,4082.35,4066.68,4082.35
2025-11-10 23:00:00,4082.6,4104.86,4072.81,4077.27
2025-11-11 03:00:00,4077.27,4110.0,4075.91,4105.78
2025-11-11 07:00:00,4105.78,4120.97021,4097.93,4114.67
2025-11-11 11:00:00,4114.68,4139.34,4111.58,4132.45
2025-11-11 15:00:00,4132.3,4135.99,4111.28,4119.23
2025-11-11 19:00:00,4119.23,4137.46,4118.63,4134.6
2025-11-11 23:00:00,4134.83,4146.07515,4096.85211,4107.56619
2025-11-12 03:00:00,4107.51205,4125.75355,4105.6365,4123.19184
2025-11-12 07:00:00,4123.20807,4144.23116,4121.95514,4142.98891
2025-11-12 11:00:00,4143.00401,4145.13951,4111.32287,4113.33747
2025-11-12 15:00:00,4113.31689,4125.50428,4100.37736,4117.28588
2025-11-12 19:00:00,4117.30144,4133.11075,4112.57532,4125.32428
2025-11-12 23:00:00,4125.05689,4183.81018,4124.3506,4180.94645
2025-11-13 03:00:00,4180.89564,4213.30684,4180.33473,4196.46651
2025-11-13 07:00:00,4196.38921,4206.8785,4188.04708,4191.33832
2025-11-13 11:00:00,4191.30252,4211.56857,4180.87648,4211.25284
2025-11-13 15:00:00,4211.11508,4218.90955,4202.70945,4218.50049
2025-11-13 19:00:00,4218.37277,4239.97504,4218.37277,4230.82612
2025-11-13 23:00:00,4230.82943,4244.30211,4183.51826,4199.6916
2025-11-14 03:00:00,4199.83186,4210.14914,4141.94031,4164.62689
2025-11-14 07:00:00,4164.48871,4186.31118,4160.68375,4185.02345
2025-11-14 11:00:00,4184.96651,4210.97208,4174.14902,4204.68691
2025-11-14 15:00:00,4204.6565,4205.67115,4160.69763,4180.23152
2025-11-14 19:00:00,4180.21106,4185.43736,4133.50977,4133.50977
2025-11-14 23:00:00,4133.43454,4139.79919,4034.28982,4090.98202
2025-11-15 03:00:00,4090.91996,4111.72468,4083.06101,4089.59042
2025-11-15 07:00:00,4089.52774,4092.08163,4075.2912,4080.53459
2025-11-15 11:00:00,4080.45074,4080.64064,4080.38115,4080.54116
2025-11-15 15:00:00,4080.45848,4080.64374,4080.38563,4080.47584
2025-11-15 19:00:00,4080.44849,4080.64307,4080.38598,4080.43272
2025-11-15 23:00:00,4080.45682,4080.64181,4080.39587,4080.42743
2025-11-16 23:00:00,4080.45349,4080.63709,4080.39232,4080.43649
2025-11-17 03:00:00,4080.45349,4080.63709,4080.36819,4080.496
2025-11-17 07:00:00,4080.45515,4106.23731,4078.10184,4097.48381
2025-11-17 11:00:00,4097.41051,4101.33775,4071.85619,4082.93813
2025-11-17 15:00:00,4083.09261,4089.11265,4050.88346,4087.51858
2025-11-17 19:00:00,4087.22415,4094.57156,4059.35446,4078.88485
2025-11-17 23:00:00,4078.85594,4090.2478,4061.59877,4065.21229
2025-11-18 03:00:00,4065.10424,4080.7252,4011.04777,4012.12221
2025-11-18 07:00:00,4012.09619,4054.2544,4008.68296,4034.38751
2025-11-18 11:00:00,4033.88867,4044.04579,4009.59427,4013.29263
2025-11-18 15:00:00,4013.35081,4024.88253,3999.63117,4013.44568
2025-11-18 19:00:00,4013.28709,4050.12769,4010.886,4038.95743
2025-11-18 23:00:00,4038.95466,4079.86217,4029.365,4055.07359
2025-11-19 03:00:00,4055.05063,4081.09747,4043.54376,4081.01142
2025-11-19 07:00:00,4081.01883,4081.72149,4064.86061,4076.94194
2025-11-19 11:00:00,4076.9693,4080.66983,4057.0592,4067.78334
2025-11-19 15:00:00,4067.6914,4099.1475,4064.56981,4089.05023
2025-11-19 19:00:00,4089.09625,4117.97765,4079.3566,4113.35067
2025-11-19 23:00:00,4113.31221,4132.42981,4087.39954,4093.64089
2025-11-20 03:00:00,4093.70947,4096.4372,4054.87269,4074.0584
2025-11-20 07:00:00,4074.14058,4108.00028,4067.10951,4104.88141
2025-11-20 11:00:00,4104.86871,4110.6399,4044.95331,4070.70419
2025-11-20 15:00:00,4070.98994,4081.01135,4055.31641,4059.57591
2025-11-20 19:00:00,4059.6745,4071.73787,4040.886,4059.25229
2025-11-20 23:00:00,4059.35385,4110.93765,4059.25578,4078.35935
2025-11-21 03:00:00,4078.39709,4087.12585,4045.62352,4084.63177
2025-11-21 07:00:00,4084.50767,4088.128,4073.49847,4078.25686
2025-11-21 11:00:00,4078.1924,4081.61011,4050.01261,4056.89782
2025-11-21 15:00:00,4056.88254,4062.28046,4025.66492,4031.02888
2025-11-21 19:00:00,4030.85766,4062.10726,4025.7184,4036.89051
2025-11-21 23:00:00,4036.93396,4083.35939,4035.53548,4069.80219
2025-11-22 03:00:00,4069.82403,4099.55818,4065.30487,4087.44933
2025-11-22 07:00:00,4087.46663,4088.56214,4054.98727,4065.88675
2025-11-22 11:00:00,4065.88539,4066.07622,4065.81636,4065.86301
2025-11-22 15:00:00,4065.89317,4066.07643,4065.81812,4065.88359
2025-11-22 19:00:00,4065.88374,4066.07643,4065.81659,4065.94685
2025-11-22 23:00:00,4065.88506,4066.07742,4065.82591,4065.96908
2025-11-23 23:00:00,4065.8935,4066.07646,4065.83257,4065.98467
2025-11-24 03:00:00,4065.8935,4066.14254,4065.81953,4065.93911
2025-11-24 07:00:00,4065.88586,4076.79046,4065.79039,4074.9096
2025-11-24 11:00:00,4074.8008,4075.30213,4040.59968,4050.21502
2025-11-24 15:00:00,4050.20039,4066.70007,4041.3507,4060.08362
2025-11-24 19:00:00,4060.05632,4076.52346,4059.62415,4070.51673
2025-11-24 23:00:00,4070.44092,4093.33594,4066.75779,4091.3445
2025-11-25 03:00:00,4091.1825,4127.83474,4087.73982,4119.43498
2025-11-25 07:00:00,4119.40396,4145.20307,4118.72734,4142.52981
2025-11-25 11:00:00,4142.22458,4154.791,4123.54479,4143.70973
2025-11-25 15:00:00,4143.659,4152.27156,4131.29988,4133.60003
2025-11-25 19:00:00,4133.54092,4139.06053,4110.34558,4133.18874
2025-11-25 23:00:00,4133.15417,4150.50914,4110.85419,4122.51693
2025-11-26 03:00:00,4122.79116,4159.14589,4122.51253,4133.2823
2025-11-26 07:00:00,4133.36559,4137.99681,4127.49532,4133.1399
2025-11-26 11:00:00,4133.21124,4169.83823,4133.12441,4165.30879
2025-11-26 15:00:00,4165.34866,4167.95279,4147.94977,4158.19675
2025-11-26 19:00:00,4158.09291,4174.01012,4155.97971,4172.27843
2025-11-26 23:00:00,4172.15184,4172.95421,4138.97886,4164.11843
2025-11-27 03:00:00,4164.02072,4171.14884,4158.41091,4163.51163
2025-11-27 07:00:00,4163.49718,4168.69798,4161.75816,4166.21019
2025-11-27 11:00:00,4166.15261,4167.0693,4145.08596,4149.30215
2025-11-27 15:00:00,4149.26588,4162.12954,4143.6376,4159.78009
2025-11-27 19:00:00,4159.73135,4167.05449,4149.61006,4158.12536
2025-11-27 23:00:00,4158.08804,4162.1062,4149.6406,4157.69685
2025-11-28 03:00:00,4157.76773,4160.48526,4152.4123,4157.99178
2025-11-28 07:00:00,4158.00496,4163.72376,4157.6383,4163.35358
2025-11-28 11:00:00,4163.25243,4192.66364,4163.25243,4184.22566
2025-11-28 15:00:00,4184.19679,4188.842,4174.29477,4174.5627
2025-11-28 19:00:00,4174.59294,4180.07468,4158.86553,4174.18627
2025-11-28 23:00:00,4174.28495,4207.96853,4168.28617,4203.14372
2025-11-29 03:00:00,4203.08714,4225.13635,4199.15361,4212.73023
2025-11-29 07:00:00,4212.63224,4231.26834,4171.98663,4207.8426
2025-11-29 11:00:00,4207.77842,4218.29016,4172.85807,4216.33254
2025-11-29 15:00:00,4216.34043,4216.53894,4216.27353,4216.39586
2025-11-29 19:00:00,4216.34043,4216.5413,4216.27364,4216.44896
2025-11-29 23:00:00,4216.35571,4216.54603,4216.2848,4216.44184
2025-11-30 23:00:00,4216.34576,4216.5354,4216.28252,4216.41089
2025-12-01 03:00:00,4216.34576,4216.8431,4216.2683,4216.34338
2025-12-01 07:00:00,4216.34255,4230.28565,4202.4477,4223.73185
2025-12-01 11:00:00,4223.6895,4254.90569,4219.42204,4237.94898
2025-12-01 15:00:00,4237.56091,4246.72157,4217.32557,4245.59615
2025-12-01 19:00:00,4245.54673,4261.55839,4239.17041,4254.86767
2025-12-01 23:00:00,4254.77773,4265.37936,4216.45846,4232.13326
2025-12-02 03:00:00,4232.34125,4244.12235,4224.68087,4234.38252
2025-12-02 07:00:00,4234.45988,4242.3133,4225.35109,4227.76394
2025-12-02 11:00:00,4227.73383,4229.35848,4202.07267,4218.04688
2025-12-02 15:00:00,4217.86758,4226.73559,4203.27774,4211.28754
2025-12-02 19:00:00,4211.54782,4216.94098,4182.01864,4205.37041
2025-12-02 23:00:00,4205.33946,4229.44871,4167.30243,4168.91072
2025-12-03 03:00:00,4168.91173,4203.11584,4167.82739,4199.63913
2025-12-03 07:00:00,4199.64034,4215.38966,4195.68734,4213.26478
2025-12-03 11:00:00,4213.22682,4228.90206,4205.44146,4220.53289
2025-12-03 15:00:00,4220.32505,4224.99825,4199.9681,4207.27002
2025-12-03 19:00:00,4207.25281,4210.2925,4195.46917,4207.70291
2025-12-03 23:00:00,4207.70139,4243.15096,4205.5997,4219.78956
2025-12-04 03:00:00,4220.0177,4224.89252,4195.0201,4208.56484
2025-12-04 07:00:00,4208.55717,4212.82864,4202.62552,4206.87797
2025-12-04 11:00:00,4206.69023,4216.22408,4189.35055,4196.21337
2025-12-04 15:00:00,4196.17748,4198.9387,4176.80186,4192.54065
2025-12-04 19:00:00,4192.69391,4207.30861,4185.01861,4198.84342
2025-12-04 23:00:00,4198.73387,4211.65913,4186.14762,4206.90237
2025-12-05 03:00:00,4206.87077,4220.43,4200.4415,4208.77715
2025-12-05 07:00:00,4208.73724,4210.13852,4204.08113,4205.62922
2025-12-05 11:00:00,4205.65595,4211.13077,4195.39646,4209.16267
2025-12-05 15:00:00,4209.04978,4229.87591,4208.43464,4225.2664
2025-12-05 19:00:00,4225.19789,4227.00624,4216.85453,4223.68455
2025-12-05 23:00:00,4223.55813,4258.54495,4222.63719,4241.85833
2025-12-06 03:00:00,4241.64691,4245.25025,4197.78418,4207.63103
2025-12-06 07:00:00,4207.84169,4207.84169,4192.07322,4197.38099
2025-12-06 11:00:00,4197.37511,4197.55447,4197.29727,4197.42516
2025-12-06 15:00:00,4197.35631,4197.55658,4197.29878,4197.46437
2025-12-06 19:00:00,4197.37012,4197.56387,4197.30941,4197.42919
2025-12-06 23:00:00,4197.37485,4197.55116,4197.30653,4197.40394
2025-12-07 23:00:00,4197.36867,4197.55154,4197.31174,4197.35692
2025-12-08 03:00:00,4197.36867,4197.56019,4197.29437,4197.34601
2025-12-08 07:00:00,4197.37604,4205.29223,4197.1569,4201.89384
2025-12-08 11:00:00,4201.91362,4212.57558,4198.16878,4210.36658
2025-12-08 15:00:00,4210.28618,4218.46194,4205.30002,4207.57996
2025-12-08 19:00:00,4207.33447,4215.5261,4200.18955,4209.85876
2025-12-08 23:00:00,4209.81025,4215.35323,4175.24856,4183.02766
2025-12-09 03:00:00,4183.02278,4197.4653,4178.31987,4186.46637
2025-12-09 07:00:00,4186.39665,4195.40846,4185.34112,4194.79869
2025-12-09 11:00:00,4194.74323,4199.11969,4186.92843,4194.56649
2025-12-09 15:00:00,4194.46483,4195.70869,4171.40677,4182.38547
2025-12-09 19:00:00,4182.36773,4211.33657,4182.36773,4203.08487
2025-12-09 23:00:00,4202.96736,4215.60309,4190.04538,4213.10622
2025-12-10 03:00:00,4213.31873,4220.84751,4201.57555,4212.89339
2025-12-10 07:00:00,4212.73084,4215.38406,4207.71378,4210.97012
2025-12-10 11:00:00,4211.04252,4218.44963,4204.4224,4206.3677
2025-12-10 15:00:00,4206.38745,4214.08463,4202.07874,4203.84877
2025-12-10 19:00:00,4203.91217,4206.92266,4188.82842,4197.62462
2025-12-10 23:00:00,4197.60819,4206.5259,4186.88747,4192.73867
2025-12-11 03:00:00,4192.63148,4219.56716,4182.65249,4215.85221
2025-12-11 07:00:00,4215.87471,4238.50478,4213.78851,4232.28133
2025-12-11 11:00:00,4232.20572,4246.81092,4207.74954,4216.93536
2025-12-11 15:00:00,4217.07507,4218.7636,4204.46736,4216.41584
2025-12-11 19:00:00,4216.35176,4225.45599,4210.76371,4211.58849
2025-12-11 23:00:00,4211.50242,4260.85641,4206.94669,4253.80102
2025-12-12 03:00:00,4253.58896,4287.12029,4252.92914,4273.56204
2025-12-12 07:00:00,4273.60179,4283.44937,4262.88495,4275.29004
2025-12-12 11:00:00,4274.95706,4279.62225,4265.19011,4271.03266
2025-12-12 15:00:00,4270.99525,4289.95691,4266.50962,4286.8777
2025-12-12 19:00:00,4287.03347,4339.50677,4286.78505,4337.97495
2025-12-12 23:00:00,4337.91068,4352.66531,4283.06741,4287.31759
2025-12-13 03:00:00,4286.39878,4303.75983,4259.01477,4296.83443
2025-12-13 07:00:00,4296.78407,4304.4202,4289.06841,4302.50425
2025-12-13 11:00:00,4302.41133,4302.61942,4302.34612,4302.45397
2025-12-13 15:00:00,4302.41237,4302.61685,4302.34724,4302.40686
2025-12-13 19:00:00,4302.42438,4302.61544,4302.35526,4302.39279
2025-12-13 23:00:00,4302.41915,4302.61383,4302.35747,4302.40463
