datetime,open,high,low,close
2025-08-09 03:00:00,3389.5,3390.0,3388.4,3388.46
2025-08-09 03:30:00,3388.87,3389.98,3379.38,3379.8
2025-08-09 04:00:00,3379.63,3389.64,3375.19,3381.45
2025-08-09 04:30:00,3381.45,3389.18,3381.0,3386.26
2025-08-09 05:00:00,3386.24,3389.11,3384.31,3387.8
2025-08-09 05:30:00,3387.8,3388.93,3386.4,3388.92
2025-08-09 06:00:00,3388.92,3388.93,3383.35,3383.95
2025-08-09 06:30:00,3383.95,3387.21,3383.41,3387.21
2025-08-09 07:00:00,3387.21,3387.79,3385.35,3386.6
2025-08-09 07:30:00,3386.6,3387.67,3383.97,3384.78
2025-08-09 08:00:00,3385.25,3387.87,3384.17,3386.81
2025-08-09 08:30:00,3386.81,3388.88,3386.08,3388.76
2025-08-09 09:00:00,3388.77,3388.77,3386.67,3386.67
2025-08-09 09:30:00,3386.68,3386.68,3383.96,3385.75
2025-08-09 10:00:00,3385.76,3386.58,3384.9,3384.95
2025-08-09 10:30:00,3384.95,3385.16,3384.61,3385.16
2025-08-09 11:00:00,3385.16,3385.95,3385.11,3385.91
2025-08-09 11:30:00,3386.0,3393.8,3386.0,3388.02
2025-08-09 12:00:00,3388.02,3388.02,3387.33,3387.38
2025-08-09 12:30:00,3387.39,3388.14,3386.88,3387.49
2025-08-09 13:00:00,3387.49,3387.82,3387.28,3387.28
2025-08-09 13:30:00,3387.28,3387.55,3387.28,3387.55
2025-08-09 14:00:00,3387.55,3389.57,3387.54,3389.36
2025-08-09 14:30:00,3389.36,3389.59,3375.0,3385.47
2025-08-09 15:00:00,3385.47,3386.0,3376.93,3386.0
2025-08-09 15:30:00,3385.99,3386.89,3384.6,3385.68
2025-08-09 16:00:00,3385.67,3386.03,3382.43,3384.13
2025-08-09 16:30:00,3384.02,3384.98,3380.22,3383.59
2025-08-09 17:00:00,3383.58,3383.76,3382.8,3383.62
2025-08-09 17:30:00,3383.49,3383.8,3382.64,3383.75
2025-08-09 18:00:00,3383.75,3384.06,3383.75,3384.0
2025-08-09 18:30:00,3383.99,3384.0,3380.11,3380.89
2025-08-09 19:00:00,3380.95,3386.12,3380.95,3386.11
2025-08-09 19:30:00,3386.12,3387.48,3385.47,3387.48
2025-08-09 20:00:00,3387.49,3390.0,3387.3,3387.35
2025-08-09 20:30:00,3387.36,3387.36,3385.46,3386.14
2025-08-09 21:00:00,3386.13,3390.0,3386.05,3389.59
2025-08-09 21:30:00,3389.59,3389.63,3387.45,3387.45
2025-08-09 22:00:00,3387.45,3389.63,3386.48,3389.45
2025-08-09 22:30:00,3389.45,3389.46,3388.36,3388.59
2025-08-09 23:00:00,3388.58,3388.59,3387.73,3387.8
2025-08-09 23:30:00,3387.8,3389.32,3387.4,3389.32
2025-08-11 07:30:00,3386.51,3386.51,3386.51,3386.51
2025-08-11 08:00:00,3386.51,3391.7,3382.85,3385.51
2025-08-11 08:30:00,3385.59,3387.48,3384.95,3387.48
2025-08-11 09:00:00,3387.47,3387.56,3385.56,3387.54
2025-08-11 09:30:00,3387.54,3387.54,3382.52,3382.52
2025-08-11 10:00:00,3382.53,3382.54,3378.26,3381.12
2025-08-11 10:30:00,3381.11,3385.04,3377.93,3377.93
2025-08-11 11:00:00,3377.78,3377.78,3366.71,3369.34
2025-08-11 11:30:00,3369.74,3373.08,3365.56,3371.01
2025-08-11 12:00:00,3370.73,3375.0,3366.58,3370.85
2025-08-11 12:30:00,3371.67,3375.18,3369.0,3373.18
2025-08-11 13:00:00,3372.73,3373.53,3368.18,3372.94
2025-08-11 13:30:00,3372.93,3374.38,3370.95,3374.38
2025-08-11 14:00:00,3374.38,3375.18,3371.0,3372.3
2025-08-11 14:30:00,3372.31,3372.67,3371.33,3371.62
2025-08-11 15:00:00,3371.61,3374.32,3369.24,3372.87
2025-08-11 15:30:00,3372.87,3373.65,3371.0,3371.0
2025-08-11 16:00:00,3371.01,3371.01,3362.87,3362.88
2025-08-11 16:30:00,3362.88,3365.71,3362.1,3362.24
2025-08-11 17:00:00,3362.23,3362.23,3353.95,3359.16
2025-08-11 17:30:00,3359.15,3359.16,3352.61,3356.15
2025-08-11 18:00:00,3356.2,3360.92,3354.65,3360.52
2025-08-11 18:30:00,3360.51,3360.96,3357.66,3358.1
2025-08-11 19:00:00,3358.1,3358.1,3352.7,3356.29
2025-08-11 19:30:00,3356.55,3359.88,3344.99,3348.39
2025-08-11 20:00:00,3348.76,3357.86,3348.76,3355.07
2025-08-11 20:30:00,3354.87,3360.0,3353.98,3354.01
2025-08-11 21:00:00,3354.01,3354.57,3345.91,3346.47
2025-08-11 21:30:00,3346.47,3349.95,3343.24,3349.62
2025-08-11 22:00:00,3349.62,3352.95,3344.41,3344.84
2025-08-11 22:30:00,3344.41,3351.75,3342.05,3351.75
2025-08-11 23:00:00,3351.74,3352.7,3345.14,3346.48
2025-08-11 23:30:00,3347.25,3358.92,3346.65,3355.21
2025-08-12 00:00:00,3355.2,3355.2,3349.35,3349.41
2025-08-12 00:30:00,3349.52,3349.52,3340.4,3343.84
2025-08-12 01:00:00,3344.88,3347.12,3343.01,3346.84
2025-08-12 01:30:00,3347.3,3348.88,3345.71,3346.04
2025-08-12 02:00:00,3346.04,3347.18,3343.76,3344.03
2025-08-12 02:30:00,3344.02,3344.02,3340.98,3340.98
2025-08-12 03:00:00,3340.98,3341.63,3339.63,3341.63
2025-08-12 03:30:00,3341.64,3354.74,3340.41,3354.47
2025-08-12 04:00:00,3354.41,3373.85,3350.26,3355.36
2025-08-12 04:30:00,3355.35,3358.45,3354.22,3356.17
2025-08-12 05:00:00,3356.17,3357.58,3352.05,3352.29
2025-08-12 05:30:00,3352.3,3353.88,3351.13,3352.1
2025-08-12 06:00:00,3351.7,3351.7,3349.54,3349.99
2025-08-12 06:30:00,3350.0,3350.01,3344.0,3344.13
2025-08-12 07:00:00,3344.14,3345.45,3341.33,3341.33
2025-08-12 07:30:00,3341.68,3343.13,3338.72,3339.31
2025-08-12 08:00:00,3339.73,3346.07,3339.46,3342.97
2025-08-12 08:30:00,3342.97,3344.16,3340.64,3343.83
2025-08-12 09:00:00,3343.83,3346.05,3342.0,3343.38
2025-08-12 09:30:00,3343.38,3346.18,3343.23,3345.71
2025-08-12 10:00:00,3345.71,3349.62,3344.15,3347.75
2025-08-12 10:30:00,3347.69,3353.23,3347.57,3352.04
2025-08-12 11:00:00,3352.04,3354.82,3348.95,3349.49
2025-08-12 11:30:00,3349.5,3357.09,3347.17,3348.77
2025-08-12 12:00:00,3348.77,3352.09,3348.4,3350.48
2025-08-12 12:30:00,3350.48,3351.45,3347.51,3350.46
2025-08-12 13:00:00,3350.45,3352.89,3348.42,3348.91
2025-08-12 13:30:00,3348.92,3349.04,3345.54,3346.65
2025-08-12 14:00:00,3346.66,3348.7,3345.96,3347.9
2025-08-12 14:30:00,3347.9,3351.09,3346.14,3349.54
2025-08-12 15:00:00,3349.9,3350.31,3347.96,3347.96
2025-08-12 15:30:00,3347.96,3349.19,3345.57,3348.87
2025-08-12 16:00:00,3348.87,3357.52,3339.74,3341.37
2025-08-12 16:30:00,3341.17,3345.48,3339.33,3342.29
2025-08-12 17:00:00,3342.29,3345.45,3341.95,3345.45
2025-08-12 17:30:00,3345.72,3353.0,3345.72,3350.73
2025-08-12 18:00:00,3350.74,3353.04,3347.33,3347.52
2025-08-12 18:30:00,3347.75,3351.0,3346.82,3349.03
2025-08-12 19:00:00,3349.05,3351.09,3347.17,3348.48
2025-08-12 19:30:00,3348.48,3348.48,3344.48,3345.05
2025-08-12 20:00:00,3345.03,3348.32,3343.73,3347.33
2025-08-12 20:30:00,3347.53,3347.54,3341.0,3343.5
2025-08-12 21:00:00,3343.5,3343.5,3339.25,3342.96
2025-08-12 21:30:00,3342.96,3346.7,3338.51,3344.9
2025-08-12 22:00:00,3344.9,3346.62,3340.19,3340.2
2025-08-12 22:30:00,3340.2,3354.19,3340.19,3347.92
2025-08-12 23:00:00,3347.93,3351.15,3341.79,3345.48
2025-08-12 23:30:00,3345.5,3352.25,3340.26,3342.71
2025-08-13 00:00:00,3342.3,3343.24,3332.0,3334.33
2025-08-13 00:30:00,3333.87,3336.98,3332.27,3335.76
2025-08-13 01:00:00,3335.67,3357.21,3335.24,3353.35
2025-08-13 01:30:00,3353.36,3355.2,3346.4,3347.79
2025-08-13 02:00:00,3347.8,3352.28,3343.35,3346.39
2025-08-13 02:30:00,3346.39,3347.69,3343.53,3345.58
2025-08-13 03:00:00,3346.02,3346.02,3343.18,3343.82
2025-08-13 03:30:00,3343.82,3345.49,3342.04,3343.72
2025-08-13 04:00:00,3343.72,3345.39,3342.43,3343.18
2025-08-13 04:30:00,3343.18,3344.44,3342.33,3344.44
2025-08-13 05:00:00,3344.44,3344.47,3341.16,3342.12
2025-08-13 05:30:00,3342.12,3343.73,3341.72,3342.33
2025-08-13 06:00:00,3342.38,3343.75,3340.41,3342.93
2025-08-13 06:30:00,3342.92,3343.24,3341.58,3342.47
2025-08-13 07:00:00,3342.52,3343.42,3342.06,3343.03
2025-08-13 07:30:00,3343.03,3343.03,3340.0,3341.1
2025-08-13 08:00:00,3341.1,3347.79,3337.78,3345.59
2025-08-13 08:30:00,3345.59,3345.84,3344.18,3344.18
2025-08-13 09:00:00,3344.18,3351.42,3343.55,3344.15
2025-08-13 09:30:00,3344.15,3345.6,3340.94,3340.96
2025-08-13 10:00:00,3340.96,3340.97,3336.31,3338.37
2025-08-13 10:30:00,3338.37,3339.16,3336.1,3336.63
2025-08-13 11:00:00,3336.64,3340.78,3335.55,3337.21
2025-08-13 11:30:00,3337.4,3348.07,3337.36,3344.42
2025-08-13 12:00:00,3344.42,3344.83,3339.58,3343.69
2025-08-13 12:30:00,3343.7,3344.51,3342.3,3343.11
2025-08-13 13:00:00,3343.19,3343.19,3341.6,3343.01
2025-08-13 13:30:00,3343.02,3343.02,3340.29,3340.56
2025-08-13 14:00:00,3340.56,3343.4,3340.36,3342.36
2025-08-13 14:30:00,3342.36,3343.36,3342.08,3342.32
2025-08-13 15:00:00,3342.24,3342.35,3342.08,3342.08
2025-08-13 15:30:00,3342.08,3342.1,3342.04,3342.05
2025-08-13 16:00:00,3342.04,3347.32,3341.44,3347.1
2025-08-13 16:30:00,3347.1,3348.3,3347.09,3348.3
2025-08-13 17:00:00,3348.29,3350.51,3347.48,3350.51
2025-08-13 17:30:00,3350.51,3351.34,3346.04,3346.04
2025-08-13 18:00:00,3346.04,3346.48,3343.65,3345.15
2025-08-13 18:30:00,3345.15,3351.78,3344.85,3349.05
2025-08-13 19:00:00,3349.0,3351.77,3348.35,3351.0
2025-08-13 19:30:00,3351.0,3355.0,3350.71,3353.64
2025-08-13 20:00:00,3353.65,3354.91,3352.98,3353.08
2025-08-13 20:30:00,3353.07,3354.9,3352.67,3354.63
2025-08-13 21:00:00,3354.64,3355.0,3349.18,3350.48
2025-08-13 21:30:00,3351.01,3352.33,3345.99,3351.38
2025-08-13 22:00:00,3351.39,3353.27,3348.03,3350.48
2025-08-13 22:30:00,3350.48,3351.26,3347.07,3347.12
2025-08-13 23:00:00,3347.11,3347.49,3344.27,3345.47
2025-08-13 23:30:00,3345.46,3354.99,3344.87,3354.2
2025-08-14 00:00:00,3354.2,3358.6,3353.16,3355.1
2025-08-14 00:30:00,3355.1,3355.68,3353.29,3353.4
2025-08-14 01:00:00,3353.4,3355.78,3349.0,3349.0
2025-08-14 01:30:00,3349.0,3349.01,3347.9,3348.33
2025-08-14 02:00:00,3348.33,3355.84,3348.33,3352.9
2025-08-14 02:30:00,3352.91,3352.91,3350.89,3352.05
2025-08-14 03:00:00,3352.05,3352.06,3349.41,3349.82
2025-08-14 03:30:00,3349.82,3349.82,3346.01,3346.61
2025-08-14 04:00:00,3346.61,3346.89,3345.0,3345.0
2025-08-14 04:30:00,3345.01,3347.65,3345.0,3347.65
2025-08-14 05:00:00,3347.65,3349.93,3346.04,3349.25
2025-08-14 05:30:00,3349.25,3351.6,3348.35,3351.44
2025-08-14 06:00:00,3351.44,3351.44,3349.67,3349.9
2025-08-14 06:30:00,3349.91,3351.22,3349.07,3350.8
2025-08-14 07:00:00,3350.8,3357.68,3350.24,3353.0
2025-08-14 07:30:00,3353.0,3356.49,3351.22,3352.34
2025-08-14 08:00:00,3352.3,3352.47,3350.96,3352.46
2025-08-14 08:30:00,3352.46,3353.7,3349.49,3349.93
2025-08-14 09:00:00,3350.47,3353.37,3348.61,3352.47
2025-08-14 09:30:00,3352.75,3354.28,3352.75,3353.91
2025-08-14 10:00:00,3353.91,3361.0,3353.91,3358.88
2025-08-14 10:30:00,3359.13,3360.83,3349.15,3357.82
2025-08-14 11:00:00,3357.66,3358.55,3354.02,3355.11
2025-08-14 11:30:00,3355.12,3360.19,3354.08,3357.9
2025-08-14 12:00:00,3357.75,3359.44,3356.48,3357.02
2025-08-14 12:30:00,3357.02,3359.35,3353.75,3354.67
2025-08-14 13:00:00,3354.66,3354.66,3349.74,3350.32
2025-08-14 13:30:00,3350.16,3351.52,3348.72,3351.37
2025-08-14 14:00:00,3351.38,3356.08,3350.06,3352.54
2025-08-14 14:30:00,3352.6,3352.67,3350.0,3351.4
2025-08-14 15:00:00,3351.49,3351.77,3350.65,3350.65
2025-08-14 15:30:00,3350.65,3350.93,3350.0,3350.17
2025-08-14 16:00:00,3350.18,3351.51,3348.5,3349.07
2025-08-14 16:30:00,3349.22,3352.76,3349.03,3352.76
2025-08-14 17:00:00,3352.77,3355.61,3352.77,3354.9
2025-08-14 17:30:00,3354.89,3354.9,3340.0,3340.72
2025-08-14 18:00:00,3345.65,3345.99,3338.18,3344.24
2025-08-14 18:30:00,3344.25,3345.36,3340.28,3341.0
2025-08-14 19:00:00,3341.0,3350.0,3341.0,3348.83
2025-08-14 19:30:00,3348.83,3349.77,3345.71,3348.76
2025-08-14 20:00:00,3348.77,3349.74,3346.49,3349.72
2025-08-14 20:30:00,3349.73,3349.87,3344.96,3346.77
2025-08-14 21:00:00,3346.78,3349.0,3344.13,3345.63
2025-08-14 21:30:00,3345.63,3347.63,3344.0,3345.32
2025-08-14 22:00:00,3345.32,3347.49,3344.0,3344.22
2025-08-14 22:30:00,3344.21,3344.41,3335.01,3339.7
2025-08-14 23:00:00,3339.69,3343.41,3335.0,3335.0
2025-08-14 23:30:00,3335.0,3339.13,3335.0,3338.09
2025-08-15 00:00:00,3338.09,3338.11,3330.0,3337.54
2025-08-15 00:30:00,3337.54,3339.01,3333.34,3334.8
2025-08-15 01:00:00,3334.81,3334.81,3330.7,3332.71
2025-08-15 01:30:00,3332.71,3336.8,3332.01,3335.01
2025-08-15 02:00:00,3335.01,3335.61,3324.39,3326.92
2025-08-15 02:30:00,3326.92,3329.56,3324.6,3328.63
2025-08-15 03:00:00,3328.59,3333.26,3327.16,3332.0
2025-08-15 03:30:00,3332.01,3332.66,3331.31,3332.43
2025-08-15 04:00:00,3332.43,3332.43,3331.0,3331.56
2025-08-15 04:30:00,3331.56,3333.67,3331.55,3333.37
2025-08-15 05:00:00,3333.37,3334.07,3332.75,3333.78
2025-08-15 05:30:00,3333.78,3333.78,3331.58,3331.59
2025-08-15 06:00:00,3331.59,3331.59,3330.0,3330.02
2025-08-15 06:30:00,3330.02,3330.24,3330.0,3330.23
2025-08-15 07:00:00,3330.23,3330.54,3327.32,3328.89
2025-08-15 07:30:00,3328.89,3330.32,3326.01,3327.87
2025-08-15 08:00:00,3327.83,3329.86,3327.63,3328.03
2025-08-15 08:30:00,3328.03,3328.4,3326.67,3326.67
2025-08-15 09:00:00,3326.68,3328.27,3326.67,3327.43
2025-08-15 09:30:00,3327.43,3329.82,3327.42,3329.67
2025-08-15 10:00:00,3329.67,3329.75,3327.48,3327.97
2025-08-15 10:30:00,3327.98,3329.4,3327.01,3329.4
2025-08-15 11:00:00,3329.4,3329.44,3328.12,3329.18
2025-08-15 11:30:00,3329.18,3333.46,3329.17,3333.46
2025-08-15 12:00:00,3333.46,3333.51,3330.23,3330.81
2025-08-15 12:30:00,3330.81,3332.61,3330.81,3332.59
2025-08-15 13:00:00,3332.6,3333.8,3332.59,3333.71
2025-08-15 13:30:00,3333.71,3335.5,3333.71,3335.5
2025-08-15 14:00:00,3335.5,3337.13,3335.49,3337.12
2025-08-15 14:30:00,3337.13,3338.0,3337.1,3337.11
2025-08-15 15:00:00,3337.11,3339.62,3336.55,3337.32
2025-08-15 15:30:00,3337.31,3338.55,3335.34,3337.36
2025-08-15 16:00:00,3337.36,3337.36,3334.59,3334.75
2025-08-15 16:30:00,3334.4,3336.01,3334.08,3334.84
2025-08-15 17:00:00,3334.83,3338.0,3334.74,3338.0
2025-08-15 17:30:00,3338.01,3339.48,3336.66,3339.2
2025-08-15 18:00:00,3339.43,3341.09,3335.74,3335.74
2025-08-15 18:30:00,3335.73,3336.97,3334.03,3336.06
2025-08-15 19:00:00,3335.88,3339.22,3334.01,3339.21
2025-08-15 19:30:00,3339.21,3339.22,3337.22,3337.7
2025-08-15 20:00:00,3337.7,3338.48,3333.88,3333.88
2025-08-15 20:30:00,3333.87,3335.61,3333.13,3333.17
2025-08-15 21:00:00,3333.16,3336.69,3332.88,3336.02
2025-08-15 21:30:00,3336.02,3340.03,3336.02,3338.87
2025-08-15 22:00:00,3338.73,3338.73,3331.11,3332.17
2025-08-15 22:30:00,3332.17,3338.1,3330.13,3336.66
2025-08-15 23:00:00,3336.82,3339.51,3332.15,3333.76
2025-08-15 23:30:00,3333.76,3334.36,3329.72,3330.81
2025-08-16 00:00:00,3330.81,3335.36,3330.31,3332.43
2025-08-16 00:30:00,3332.43,3335.8,3332.19,3335.15
2025-08-16 01:00:00,3335.15,3336.82,3333.94,3334.84
2025-08-16 01:30:00,3334.83,3336.94,3333.35,3333.4
2025-08-16 02:00:00,3333.4,3333.41,3328.2,3329.07
2025-08-16 02:30:00,3329.07,3329.81,3328.2,3329.38
2025-08-16 03:00:00,3329.38,3331.44,3328.9,3331.11
2025-08-16 03:30:00,3330.82,3331.0,3329.54,3329.54
2025-08-16 04:00:00,3329.62,3333.51,3329.55,3332.23
2025-08-16 04:30:00,3332.42,3333.9,3330.63,3330.93
2025-08-16 05:00:00,3330.93,3331.6,3329.87,3331.59
2025-08-16 05:30:00,3331.59,3332.44,3330.72,3331.84
2025-08-16 06:00:00,3331.84,3331.99,3329.98,3330.0
2025-08-16 06:30:00,3330.0,3330.0,3329.17,3329.36
2025-08-16 07:00:00,3329.35,3332.51,3329.13,3331.47
2025-08-16 07:30:00,3331.81,3331.81,3328.97,3330.15
2025-08-16 08:00:00,3330.15,3330.21,3328.96,3329.36
2025-08-16 08:30:00,3329.36,3335.0,3329.21,3334.09
2025-08-16 09:00:00,3334.08,3334.08,3331.44,3331.57
2025-08-16 09:30:00,3331.58,3331.58,3330.0,3330.31
2025-08-16 10:00:00,3330.3,3334.0,3330.3,3333.98
2025-08-16 10:30:00,3333.98,3333.99,3332.28,3332.28
2025-08-16 11:00:00,3332.28,3332.41,3331.65,3331.65
2025-08-16 11:30:00,3331.65,3331.87,3331.2,3331.7
2025-08-16 12:00:00,3331.74,3333.93,3331.74,3333.67
2025-08-16 12:30:00,3333.67,3336.01,3333.29,3333.89
2025-08-16 13:00:00,3333.88,3334.88,3333.03,3333.66
2025-08-16 13:30:00,3333.58,3334.16,3332.25,3332.28
2025-08-16 14:00:00,3332.26,3332.26,3331.41,3331.79
2025-08-16 14:30:00,3331.79,3333.36,3331.71,3333.32
2025-08-16 15:00:00,3333.31,3333.32,3332.98,3333.19
2025-08-16 15:30:00,3333.19,3334.97,3333.19,3333.68
2025-08-16 16:00:00,3333.61,3333.77,3332.28,3333.57
2025-08-16 16:30:00,3333.58,3334.64,3332.34,3333.54
2025-08-16 17:00:00,3333.79,3333.83,3333.44,3333.82
2025-08-16 17:30:00,3333.83,3333.83,3333.68,3333.8
2025-08-16 18:00:00,3333.8,3333.8,3327.21,3330.41
2025-08-16 18:30:00,3330.42,3330.45,3330.0,3330.01
2025-08-16 19:00:00,3330.0,3331.11,3330.0,3331.11
2025-08-16 19:30:00,3331.1,3331.11,3330.13,3330.95
2025-08-16 20:00:00,3330.95,3331.05,3330.01,3330.02
2025-08-16 20:30:00,3330.01,3330.02,3328.81,3328.88
2025-08-16 21:00:00,3328.88,3329.87,3328.87,3329.7
2025-08-16 21:30:00,3329.71,3329.71,3328.91,3329.03
2025-08-16 22:00:00,3329.02,3329.73,3328.98,3329.04
2025-08-16 22:30:00,3329.03,3329.24,3328.84,3328.85
2025-08-16 23:00:00,3328.85,3330.81,3327.95,3329.28
2025-08-16 23:30:00,3329.28,3331.25,3329.28,3331.25
2025-08-18 07:30:00,3330.09,3330.78,3330.09,3330.78
2025-08-18 08:00:00,3330.79,3330.79,3328.06,3329.37
2025-08-18 08:30:00,3329.4,3329.86,3328.89,3329.1
2025-08-18 09:00:00,3329.1,3329.11,3322.0,3325.21
2025-08-18 09:30:00,3325.2,3325.69,3322.7,3323.69
2025-08-18 10:00:00,3323.7,3335.4,3323.7,3333.76
2025-08-18 10:30:00,3333.76,3337.86,3333.14,3333.98
2025-08-18 11:00:00,3333.98,3337.31,3333.8,3334.34
2025-08-18 11:30:00,3334.33,3339.56,3333.74,3339.37
2025-08-18 12:00:00,3339.37,3339.6,3335.09,3335.42
2025-08-18 12:30:00,3335.41,3336.8,3333.4,3334.35
2025-08-18 13:00:00,3334.35,3338.76,3334.35,3337.72
2025-08-18 13:30:00,3337.74,3342.46,3337.74,3340.01
2025-08-18 14:00:00,3340.01,3353.64,3340.01,3347.01
2025-08-18 14:30:00,3347.02,3350.92,3347.02,3350.79
2025-08-18 15:00:00,3350.79,3380.0,3346.29,3346.3
2025-08-18 15:30:00,3346.3,3346.3,3341.67,3345.25
2025-08-18 16:00:00,3345.24,3345.99,3342.0,3343.36
2025-08-18 16:30:00,3343.44,3349.89,3341.69,3346.01
2025-08-18 17:00:00,3346.44,3350.94,3346.01,3347.48
2025-08-18 17:30:00,3347.47,3347.47,3343.05,3344.16
2025-08-18 18:00:00,3344.26,3344.27,3340.39,3341.46
2025-08-18 18:30:00,3341.47,3348.29,3341.47,3346.35
2025-08-18 19:00:00,3346.35,3346.84,3345.03,3345.57
2025-08-18 19:30:00,3345.58,3353.2,3342.09,3344.87
2025-08-18 20:00:00,3344.88,3345.63,3344.47,3345.42
2025-08-18 20:30:00,3345.41,3345.89,3342.77,3343.71
2025-08-18 21:00:00,3343.7,3344.57,3343.7,3343.81
2025-08-18 21:30:00,3343.81,3343.82,3342.0,3342.0
2025-08-18 22:00:00,3342.0,3342.01,3341.75,3341.98
2025-08-18 22:30:00,3341.98,3347.13,3339.57,3339.64
2025-08-18 23:00:00,3339.64,3339.64,3337.24,3338.99
2025-08-18 23:30:00,3339.0,3339.47,3333.47,3334.04
2025-08-19 00:00:00,3334.05,3334.89,3331.0,3333.16
2025-08-19 00:30:00,3332.87,3335.06,3331.43,3331.66
2025-08-19 01:00:00,3332.16,3332.6,3331.39,3332.48
2025-08-19 01:30:00,3332.47,3334.17,3332.47,3333.28
2025-08-19 02:00:00,3333.27,3333.27,3330.0,3330.0
2025-08-19 02:30:00,3330.01,3332.87,3328.25,3332.7
2025-08-19 03:00:00,3332.76,3333.14,3326.63,3330.33
2025-08-19 03:30:00,3330.33,3331.52,3330.05,3330.76
2025-08-19 04:00:00,3330.71,3330.71,3328.76,3330.53
2025-08-19 04:30:00,3330.53,3330.75,3330.52,3330.75
2025-08-19 05:00:00,3330.75,3331.23,3329.87,3330.46
2025-08-19 05:30:00,3330.46,3331.6,3330.46,3331.6
2025-08-19 06:00:00,3331.55,3332.4,3331.35,3332.3
2025-08-19 06:30:00,3332.3,3332.32,3331.65,3331.75
2025-08-19 07:00:00,3331.76,3334.55,3331.76,3334.55
2025-08-19 07:30:00,3334.55,3336.57,3334.55,3335.55
2025-08-19 08:00:00,3335.4,3335.4,3332.27,3333.28
2025-08-19 08:30:00,3333.27,3333.27,3331.87,3331.92
2025-08-19 09:00:00,3331.82,3333.07,3331.51,3331.52
2025-08-19 09:30:00,3331.54,3332.82,3330.47,3330.97
2025-08-19 10:00:00,3330.96,3337.46,3326.51,3335.59
2025-08-19 10:30:00,3335.59,3335.66,3332.06,3332.7
2025-08-19 11:00:00,3332.7,3334.14,3330.23,3332.22
2025-08-19 11:30:00,3332.21,3334.02,3331.33,3331.72
2025-08-19 12:00:00,3331.95,3332.6,3329.25,3332.04
2025-08-19 12:30:00,3332.03,3336.04,3331.39,3336.04
2025-08-19 13:00:00,3336.04,3337.8,3335.69,3337.73
2025-08-19 13:30:00,3337.73,3337.98,3332.62,3335.35
2025-08-19 14:00:00,3335.35,3335.35,3331.66,3331.67
2025-08-19 14:30:00,3331.66,3334.3,3331.51,3334.29
2025-08-19 15:00:00,3334.3,3337.96,3334.3,3337.21
2025-08-19 15:30:00,3336.87,3337.2,3335.19,3335.3
2025-08-19 16:00:00,3335.22,3336.02,3335.1,3335.1
2025-08-19 16:30:00,3335.11,3335.48,3335.1,3335.1
2025-08-19 17:00:00,3335.1,3337.75,3335.1,3336.12
2025-08-19 17:30:00,3336.13,3336.72,3335.51,3336.16
2025-08-19 18:00:00,3336.17,3336.52,3332.4,3335.97
2025-08-19 18:30:00,3335.96,3337.03,3335.08,3335.08
2025-08-19 19:00:00,3335.08,3337.58,3333.01,3333.47
2025-08-19 19:30:00,3333.47,3334.74,3332.56,3333.77
2025-08-19 20:00:00,3334.12,3339.95,3334.12,3337.32
2025-08-19 20:30:00,3337.32,3337.36,3335.7,3336.84
2025-08-19 21:00:00,3336.86,3337.85,3335.5,3335.5
2025-08-19 21:30:00,3335.51,3335.51,3333.54,3334.81
2025-08-19 22:00:00,3334.71,3336.11,3333.0,3333.64
2025-08-19 22:30:00,3333.69,3333.69,3331.73,3331.73
2025-08-19 23:00:00,3331.7,3331.7,3324.59,3329.36
2025-08-19 23:30:00,3329.06,3342.06,3329.06,3331.35
2025-08-20 00:00:00,3331.37,3333.02,3330.09,3330.5
2025-08-20 00:30:00,3330.49,3330.55,3320.34,3321.86
2025-08-20 01:00:00,3321.86,3323.23,3320.0,3322.41
2025-08-20 01:30:00,3322.26,3323.39,3317.0,3319.32
2025-08-20 02:00:00,3319.33,3321.54,3317.09,3317.24
2025-08-20 02:30:00,3317.25,3318.59,3317.0,3317.0
2025-08-20 03:00:00,3317.0,3317.01,3315.29,3315.29
2025-08-20 03:30:00,3315.29,3317.65,3315.05,3317.47
2025-08-20 04:00:00,3317.46,3318.17,3316.23,3318.17
2025-08-20 04:30:00,3318.17,3318.79,3316.87,3317.05
2025-08-20 05:00:00,3317.04,3317.24,3316.16,3316.42
2025-08-20 05:30:00,3316.43,3316.56,3308.01,3314.35
2025-08-20 06:00:00,3314.35,3315.85,3313.67,3315.33
2025-08-20 06:30:00,3315.31,3317.24,3314.65,3314.82
2025-08-20 07:00:00,3314.84,3315.52,3314.7,3314.71
2025-08-20 07:30:00,3314.7,3315.33,3314.7,3315.33
2025-08-20 08:00:00,3315.33,3315.78,3314.65,3315.76
2025-08-20 08:30:00,3315.76,3316.56,3315.76,3316.55
2025-08-20 09:00:00,3316.55,3316.7,3314.24,3314.6
2025-08-20 09:30:00,3314.6,3315.12,3307.58,3312.7
2025-08-20 10:00:00,3312.71,3313.9,3311.79,3312.43
2025-08-20 10:30:00,3312.44,3314.29,3311.78,3312.4
2025-08-20 11:00:00,3312.38,3312.83,3307.23,3312.69
2025-08-20 11:30:00,3312.69,3316.2,3312.69,3312.75
2025-08-20 12:00:00,3312.75,3315.41,3301.77,3307.66
2025-08-20 12:30:00,3307.67,3308.8,3306.19,3308.67
2025-08-20 13:00:00,3308.68,3310.19,3307.9,3308.65
2025-08-20 13:30:00,3308.65,3309.28,3307.36,3307.44
2025-08-20 14:00:00,3307.36,3312.09,3307.32,3312.02
2025-08-20 14:30:00,3312.02,3313.51,3312.0,3312.38
2025-08-20 15:00:00,3312.47,3313.57,3312.05,3312.3
2025-08-20 15:30:00,3312.29,3315.38,3312.0,3315.38
2025-08-20 16:00:00,3315.38,3318.32,3315.15,3315.32
2025-08-20 16:30:00,3315.33,3318.04,3315.09,3316.58
2025-08-20 17:00:00,3316.58,3319.11,3315.62,3317.94
2025-08-20 17:30:00,3317.94,3318.96,3316.67,3318.06
2025-08-20 18:00:00,3318.05,3318.15,3314.41,3315.1
2025-08-20 18:30:00,3315.19,3320.69,3315.09,3319.6
2025-08-20 19:00:00,3319.65,3320.69,3318.66,3320.28
2025-08-20 19:30:00,3320.28,3320.33,3317.89,3317.89
2025-08-20 20:00:00,3317.9,3318.0,3317.08,3317.99
2025-08-20 20:30:00,3318.0,3318.0,3317.44,3317.87
2025-08-20 21:00:00,3317.88,3320.69,3317.88,3320.69
2025-08-20 21:30:00,3320.69,3324.23,3320.28,3324.18
2025-08-20 22:00:00,3324.18,3328.57,3324.02,3328.56
2025-08-20 22:30:00,3328.56,3333.78,3328.56,3333.76
2025-08-20 23:00:00,3333.75,3333.76,3330.74,3330.75
2025-08-20 23:30:00,3330.75,3336.17,3330.47,3334.43
2025-08-21 00:00:00,3334.19,3335.32,3330.84,3333.53
2025-08-21 00:30:00,3333.53,3338.13,3333.53,3338.13
2025-08-21 01:00:00,3338.13,3338.19,3331.1,3331.77
2025-08-21 01:30:00,3331.78,3332.26,3331.0,3331.01
2025-08-21 02:00:00,3331.01,3334.79,3331.0,3332.66
2025-08-21 02:30:00,3332.66,3337.14,3332.65,3334.26
2025-08-21 03:00:00,3334.27,3336.98,3334.27,3336.8
2025-08-21 03:30:00,3336.8,3336.8,3335.26,3335.97
2025-08-21 04:00:00,3335.97,3336.28,3334.0,3334.03
2025-08-21 04:30:00,3334.03,3337.19,3334.03,3335.74
2025-08-21 05:00:00,3335.74,3336.91,3334.0,3335.94
2025-08-21 05:30:00,3335.95,3338.62,3335.94,3338.62
2025-08-21 06:00:00,3338.63,3339.04,3337.79,3338.82
2025-08-21 06:30:00,3338.82,3339.91,3338.82,3339.88
2025-08-21 07:00:00,3339.88,3340.02,3339.79,3340.02
2025-08-21 07:30:00,3340.01,3341.85,3339.88,3341.84
2025-08-21 08:00:00,3341.85,3342.56,3340.83,3341.56
2025-08-21 08:30:00,3341.61,3341.63,3340.8,3340.8
2025-08-21 09:00:00,3340.82,3340.82,3339.87,3340.57
2025-08-21 09:30:00,3340.56,3340.57,3339.92,3339.92
2025-08-21 10:00:00,3339.92,3339.93,3336.93,3336.94
2025-08-21 10:30:00,3336.93,3337.42,3336.56,3336.56
2025-08-21 11:00:00,3336.57,3337.17,3335.59,3336.85
2025-08-21 11:30:00,3336.85,3339.15,3336.85,3336.87
2025-08-21 12:00:00,3336.87,3337.25,3335.31,3335.31
2025-08-21 12:30:00,3335.31,3337.15,3335.31,3337.15
2025-08-21 13:00:00,3337.14,3337.15,3337.08,3337.08
2025-08-21 13:30:00,3337.08,3337.09,3334.32,3334.33
2025-08-21 14:00:00,3334.32,3334.99,3334.32,3334.35
2025-08-21 14:30:00,3334.35,3334.49,3333.0,3333.12
2025-08-21 15:00:00,3333.13,3333.13,3332.0,3333.04
2025-08-21 15:30:00,3333.04,3334.45,3333.04,3333.08
2025-08-21 16:00:00,3333.08,3333.08,3330.13,3330.14
2025-08-21 16:30:00,3330.13,3331.19,3330.0,3330.01
2025-08-21 17:00:00,3330.01,3333.6,3330.0,3332.33
2025-08-21 17:30:00,3332.32,3334.78,3332.22,3334.36
2025-08-21 18:00:00,3334.36,3335.58,3334.35,3335.17
2025-08-21 18:30:00,3335.17,3335.58,3334.84,3335.29
2025-08-21 19:00:00,3335.26,3335.26,3334.84,3334.84
2025-08-21 19:30:00,3334.85,3336.28,3334.84,3336.07
2025-08-21 20:00:00,3336.32,3336.32,3330.1,3330.36
2025-08-21 20:30:00,3330.35,3330.67,3318.25,3323.96
2025-08-21 21:00:00,3324.09,3325.94,3321.76,3325.93
2025-08-21 21:30:00,3325.94,3328.22,3325.53,3327.65
2025-08-21 22:00:00,3327.66,3335.5,3327.65,3329.86
2025-08-21 22:30:00,3329.85,3336.25,3329.52,3333.72
2025-08-21 23:00:00,3333.73,3335.84,3332.21,3335.13
2025-08-21 23:30:00,3335.13,3338.1,3329.4,3331.62
2025-08-22 00:00:00,3331.62,3337.14,3331.62,3336.59
2025-08-22 00:30:00,3336.74,3338.38,3333.89,3335.71
2025-08-22 01:00:00,3335.71,3337.84,3331.0,3336.51
2025-08-22 01:30:00,3336.61,3337.51,3334.88,3335.84
2025-08-22 02:00:00,3335.84,3336.25,3333.55,3334.14
2025-08-22 02:30:00,3334.14,3334.3,3331.99,3332.0
2025-08-22 03:00:00,3332.0,3334.0,3332.0,3332.83
2025-08-22 03:30:00,3332.67,3333.25,3331.52,3331.74
2025-08-22 04:00:00,3331.75,3332.54,3331.44,3332.33
2025-08-22 04:30:00,3332.09,3332.85,3331.93,3332.81
2025-08-22 05:00:00,3332.81,3333.79,3332.81,3333.78
2025-08-22 05:30:00,3333.78,3334.0,3331.0,3332.07
2025-08-22 06:00:00,3332.08,3332.5,3331.11,3332.35
2025-08-22 06:30:00,3332.36,3332.36,3331.95,3332.14
2025-08-22 07:00:00,3332.13,3332.65,3330.54,3332.65
2025-08-22 07:30:00,3332.5,3335.22,3332.5,3335.22
2025-08-22 08:00:00,3335.27,3335.28,3331.97,3333.15
2025-08-22 08:30:00,3333.15,3333.32,3333.0,3333.31
2025-08-22 09:00:00,3333.31,3333.32,3331.36,3331.36
2025-08-22 09:30:00,3331.36,3331.87,3331.35,3331.5
2025-08-22 10:00:00,3331.5,3331.5,3330.76,3331.33
2025-08-22 10:30:00,3331.33,3333.0,3331.33,3332.82
2025-08-22 11:00:00,3332.82,3333.16,3331.45,3331.46
2025-08-22 11:30:00,3331.45,3331.46,3329.33,3329.35
2025-08-22 12:00:00,3329.34,3331.29,3329.3,3330.63
2025-08-22 12:30:00,3330.62,3330.66,3329.15,3329.16
2025-08-22 13:00:00,3329.16,3329.4,3327.02,3329.4
2025-08-22 13:30:00,3329.4,3330.62,3328.49,3328.54
2025-08-22 14:00:00,3328.55,3332.38,3325.54,3326.32
2025-08-22 14:30:00,3326.33,3326.59,3324.74,3325.0
2025-08-22 15:00:00,3325.0,3325.91,3324.35,3325.51
2025-08-22 15:30:00,3325.5,3327.47,3325.5,3325.61
2025-08-22 16:00:00,3325.61,3325.72,3323.33,3324.49
2025-08-22 16:30:00,3324.5,3324.65,3323.28,3324.65
2025-08-22 17:00:00,3324.79,3332.0,3324.79,3329.92
2025-08-22 17:30:00,3330.06,3330.06,3323.9,3323.99
2025-08-22 18:00:00,3324.0,3326.65,3324.0,3324.91
2025-08-22 18:30:00,3325.74,3325.74,3323.06,3325.07
2025-08-22 19:00:00,3325.23,3326.34,3324.84,3324.84
2025-08-22 19:30:00,3324.84,3328.02,3324.84,3326.92
2025-08-22 20:00:00,3326.92,3327.25,3326.16,3326.54
2025-08-22 20:30:00,3326.54,3327.24,3326.19,3326.71
2025-08-22 21:00:00,3326.72,3326.72,3323.61,3325.22
2025-08-22 21:30:00,3325.28,3326.23,3323.32,3324.32
2025-08-22 22:00:00,3324.32,3324.92,3321.94,3322.13
2025-08-22 22:30:00,3322.13,3323.38,3318.28,3319.71
2025-08-22 23:00:00,3319.71,3323.72,3319.7,3323.69
2025-08-22 23:30:00,3323.69,3328.75,3323.69,3327.29
2025-08-23 00:00:00,3327.29,3351.13,3327.29,3350.58
2025-08-23 00:30:00,3350.53,3360.68,3350.53,3359.73
2025-08-23 01:00:00,3359.73,3363.43,3358.92,3362.23
2025-08-23 01:30:00,3362.24,3362.71,3351.0,3351.95
2025-08-23 02:00:00,3352.19,3356.38,3352.01,3354.17
2025-08-23 02:30:00,3354.17,3356.82,3354.17,3354.69
2025-08-23 03:00:00,3354.69,3361.44,3354.69,3361.11
2025-08-23 03:30:00,3361.12,3361.25,3356.0,3360.43
2025-08-23 04:00:00,3360.44,3363.27,3360.16,3360.44
2025-08-23 04:30:00,3360.43,3363.35,3360.09,3361.12
2025-08-23 05:00:00,3361.13,3362.49,3361.13,3361.4
2025-08-23 05:30:00,3361.41,3361.99,3360.29,3361.37
2025-08-23 06:00:00,3361.36,3362.64,3361.13,3362.63
2025-08-23 06:30:00,3362.63,3363.42,3362.63,3363.42
2025-08-23 07:00:00,3363.43,3364.57,3359.53,3363.27
2025-08-23 07:30:00,3363.27,3365.5,3363.27,3364.66
2025-08-23 08:00:00,3364.64,3364.64,3360.48,3360.59
2025-08-23 08:30:00,3360.58,3363.44,3360.0,3363.44
2025-08-23 09:00:00,3363.6,3365.06,3363.6,3364.95
2025-08-23 09:30:00,3364.95,3365.0,3363.33,3364.74
2025-08-23 10:00:00,3364.74,3366.18,3360.0,3360.51
2025-08-23 10:30:00,3360.51,3360.68,3360.0,3360.67
2025-08-23 11:00:00,3360.67,3360.73,3360.0,3360.33
2025-08-23 11:30:00,3360.33,3360.69,3358.58,3358.79
2025-08-23 12:00:00,3358.79,3360.09,3358.59,3358.94
2025-08-23 12:30:00,3358.93,3359.2,3358.66,3358.87
2025-08-23 13:00:00,3358.86,3360.56,3358.86,3360.14
2025-08-23 13:30:00,3360.14,3360.42,3359.86,3360.17
2025-08-23 14:00:00,3360.11,3360.11,3345.51,3355.09
2025-08-23 14:30:00,3355.09,3356.08,3355.08,3356.08
2025-08-23 15:00:00,3356.09,3357.23,3355.0,3357.15
2025-08-23 15:30:00,3357.15,3357.6,3354.35,3357.6
2025-08-23 16:00:00,3357.6,3358.88,3357.37,3358.81
2025-08-23 16:30:00,3358.81,3358.81,3357.77,3357.78
2025-08-23 17:00:00,3357.77,3357.77,3357.26,3357.32
2025-08-23 17:30:00,3357.33,3358.31,3356.92,3358.31
2025-08-23 18:00:00,3358.3,3358.91,3357.87,3358.9
2025-08-23 18:30:00,3358.91,3359.76,3358.9,3359.75
2025-08-23 19:00:00,3359.76,3359.99,3359.75,3359.98
2025-08-23 19:30:00,3359.98,3360.69,3359.98,3360.42
2025-08-23 20:00:00,3360.43,3360.69,3360.42,3360.68
2025-08-23 20:30:00,3360.68,3360.69,3360.68,3360.69
2025-08-23 21:00:00,3360.69,3360.69,3360.67,3360.67
2025-08-23 21:30:00,3360.67,3360.68,3360.49,3360.67
2025-08-23 22:00:00,3360.68,3360.68,3357.02,3360.33
2025-08-23 22:30:00,3360.33,3360.42,3358.83,3358.83
2025-08-23 23:00:00,3358.82,3359.26,3358.82,3359.09
2025-08-23 23:30:00,3359.1,3360.69,3358.74,3359.72
2025-08-25 07:30:00,3358.02,3358.02,3355.32,3356.81
2025-08-25 08:00:00,3356.8,3358.25,3356.04,3357.47
2025-08-25 08:30:00,3357.45,3357.65,3356.5,3357.49
2025-08-25 09:00:00,3357.54,3358.27,3357.06,3357.71
2025-08-25 09:30:00,3357.71,3361.5,3357.55,3360.81
2025-08-25 10:00:00,3360.81,3360.81,3356.79,3357.65
2025-08-25 10:30:00,3357.65,3357.65,3354.83,3355.54
2025-08-25 11:00:00,3355.76,3358.21,3355.59,3356.91
2025-08-25 11:30:00,3356.91,3356.91,3353.14,3353.23
2025-08-25 12:00:00,3353.29,3354.52,3352.54,3353.7
2025-08-25 12:30:00,3353.7,3356.78,3353.7,3356.56
2025-08-25 13:00:00,3356.56,3366.68994,3356.56,3366.36011
2025-08-25 13:30:00,3366.33,3366.57,3357.75,3358.87
2025-08-25 14:00:00,3358.88,3358.88,3356.77,3357.4
2025-08-25 14:30:00,3357.39,3357.4,3357.39,3357.4
2025-08-25 15:00:00,3357.39,3357.4,3356.16,3356.61
2025-08-25 15:30:00,3356.61,3356.63,3356.02,3356.23
2025-08-25 16:00:00,3356.23,3358.81,3356.1,3358.78
2025-08-25 16:30:00,3358.78,3358.85,3356.61,3357.95
2025-08-25 17:00:00,3357.94,3357.95,3357.54,3357.62
2025-08-25 17:30:00,3357.61,3358.56,3355.16,3356.0
2025-08-25 18:00:00,3356.0,3356.17,3351.99,3353.76
2025-08-25 18:30:00,3353.75,3353.84,3352.8,3353.31
2025-08-25 19:00:00,3353.28,3353.66,3353.27,3353.63
2025-08-25 19:30:00,3353.62,3356.09,3353.3,3356.08
2025-08-25 20:00:00,3356.09,3359.14,3355.89,3356.09
2025-08-25 20:30:00,3356.1,3357.42,3355.16,3356.68
2025-08-25 21:00:00,3356.69,3357.64,3356.67,3357.64
2025-08-25 21:30:00,3357.64,3361.5,3357.64,3361.24
2025-08-25 22:00:00,3361.24,3362.71,3360.55,3361.2
2025-08-25 22:30:00,3361.2,3361.2,3358.75,3358.76
2025-08-25 23:00:00,3358.75,3359.96,3355.97,3356.72
2025-08-25 23:30:00,3356.72,3360.3,3355.48,3359.95
2025-08-26 00:00:00,3359.95,3361.5,3359.86,3360.62
2025-08-26 00:30:00,3360.69,3361.89,3360.69,3361.88
2025-08-26 01:00:00,3361.88,3363.18,3361.87,3363.18
2025-08-26 01:30:00,3363.17,3363.18,3360.05,3361.37
2025-08-26 02:00:00,3361.22,3362.38,3360.64,3361.92
2025-08-26 02:30:00,3361.92,3363.3,3359.99,3362.95
2025-08-26 03:00:00,3362.95,3363.3,3361.68,3362.58
2025-08-26 03:30:00,3362.72,3362.72,3361.24,3361.95
2025-08-26 04:00:00,3361.95,3362.85,3359.64,3362.63
2025-08-26 04:30:00,3362.62,3362.76,3360.55,3361.8
2025-08-26 05:00:00,3361.81,3362.58,3358.91,3359.55
2025-08-26 05:30:00,3359.55,3360.0,3353.96,3353.96
2025-08-26 06:00:00,3353.97,3355.0,3352.8,3353.72
2025-08-26 06:30:00,3353.72,3354.81,3349.12,3349.54
2025-08-26 07:00:00,3349.54,3349.54,3336.0,3337.67
2025-08-26 07:30:00,3337.67,3345.83,3336.92,3345.78
2025-08-26 08:00:00,3345.6,3350.57,3345.0,3347.85
2025-08-26 08:30:00,3347.86,3350.06,3347.28,3350.05
2025-08-26 09:00:00,3350.05,3350.06,3341.25,3342.31
2025-08-26 09:30:00,3342.3,3344.03,3339.76,3343.11
2025-08-26 10:00:00,3343.04,3361.18,3339.64,3359.6
2025-08-26 10:30:00,3359.6,3370.66,3359.6,3367.02
2025-08-26 11:00:00,3366.1,3366.1,3357.65,3361.32
2025-08-26 11:30:00,3361.32,3363.2,3359.36,3362.77
2025-08-26 12:00:00,3362.77,3367.98,3362.77,3366.91
2025-08-26 12:30:00,3366.91,3366.92,3360.6,3362.2
2025-08-26 13:00:00,3362.08,3371.43994,3359.0,3361.24
2025-08-26 13:30:00,3361.25,3362.89,3360.72,3360.73
2025-08-26 14:00:00,3360.73,3363.07,3360.73,3362.58
2025-08-26 14:30:00,3362.57,3366.72,3361.47,3364.44
2025-08-26 15:00:00,3364.47,3365.86,3360.66,3361.12
2025-08-26 15:30:00,3361.12,3367.67,3360.71,3365.42
2025-08-26 16:00:00,3365.42,3369.06,3362.42,3362.88
2025-08-26 16:30:00,3362.87,3365.39,3362.85,3364.08
2025-08-26 17:00:00,3363.82,3364.29,3358.48,3359.38
2025-08-26 17:30:00,3359.38,3365.95,3359.38,3364.03
2025-08-26 18:00:00,3364.52,3366.32,3363.84,3364.97
2025-08-26 18:30:00,3364.97,3366.59,3364.89,3366.07
2025-08-26 19:00:00,3366.07,3366.07,3363.2,3363.25
2025-08-26 19:30:00,3363.25,3363.26,3359.28,3362.59
2025-08-26 20:00:00,3362.59,3363.3,3359.75,3359.75
2025-08-26 20:30:00,3359.75,3363.98,3357.69,3362.69
2025-08-26 21:00:00,3362.69,3366.5,3362.15,3366.5
2025-08-26 21:30:00,3366.57,3367.35,3364.59,3364.6
2025-08-26 22:00:00,3364.5,3366.39,3362.37,3364.78
2025-08-26 22:30:00,3364.03,3366.63,3361.0,3361.34
2025-08-26 23:00:00,3361.0,3361.58,3358.17,3360.4
2025-08-26 23:30:00,3360.42,3365.88,3360.42,3364.01
2025-08-27 00:00:00,3364.01,3364.06,3360.0,3361.77
2025-08-27 00:30:00,3361.93,3365.89,3361.92,3365.69
2025-08-27 01:00:00,3365.7,3369.01,3365.7,3369.0
2025-08-27 01:30:00,3369.0,3374.03,3368.76,3371.56
2025-08-27 02:00:00,3371.55,3373.69,3370.76,3371.91
2025-08-27 02:30:00,3371.91,3372.46,3370.06,3372.13
2025-08-27 03:00:00,3372.13,3373.36,3370.99,3372.47
2025-08-27 03:30:00,3372.42,3372.42,3368.71,3369.85
2025-08-27 04:00:00,3369.85,3369.99,3368.44,3369.99
2025-08-27 04:30:00,3369.99,3372.81,3369.7,3372.63
2025-08-27 05:00:00,3372.62,3375.63,3372.62,3375.63
2025-08-27 05:30:00,3375.63,3376.84,3373.25,3374.29
2025-08-27 06:00:00,3374.3,3378.25,3374.3,3377.54
2025-08-27 06:30:00,3377.55,3379.98,3376.9,3379.95
2025-08-27 07:00:00,3379.9,3379.9,3379.75,3379.82
2025-08-27 07:30:00,3379.82,3382.01,3379.82,3382.01
2025-08-27 08:00:00,3382.0,3382.93,3375.78,3377.2
2025-08-27 08:30:00,3377.2,3379.63,3377.2,3377.97
2025-08-27 09:00:00,3377.97,3380.1,3377.93,3380.09
2025-08-27 09:30:00,3380.1,3380.1,3377.69,3378.0
2025-08-27 10:00:00,3378.0,3380.67,3378.0,3380.32
2025-08-27 10:30:00,3380.32,3380.84,3378.2,3379.23
2025-08-27 11:00:00,3379.24,3379.24,3374.4,3374.74
2025-08-27 11:30:00,3374.74,3376.85,3374.74,3375.99
2025-08-27 12:00:00,3375.99,3386.1001,3374.57,3375.76
2025-08-27 12:30:00,3375.76,3375.86,3373.57,3373.92
2025-08-27 13:00:00,3373.91,3382.75,3373.85,3374.03
2025-08-27 13:30:00,3374.03,3374.88,3373.51,3373.52
2025-08-27 14:00:00,3373.52,3377.5,3365.0,3368.09
2025-08-27 14:30:00,3367.89,3377.18,3365.56,3365.84
2025-08-27 15:00:00,3365.84,3368.38,3365.83,3367.82
2025-08-27 15:30:00,3367.42,3369.72,3367.3,3368.81
2025-08-27 16:00:00,3369.19,3372.21,3369.19,3371.33
2025-08-27 16:30:00,3371.33,3371.6,3368.19,3368.33
2025-08-27 17:00:00,3368.33,3368.4,3366.61,3367.03
2025-08-27 17:30:00,3367.03,3371.83,3367.02,3371.83
2025-08-27 18:00:00,3371.83,3375.66,3371.83,3374.59
2025-08-27 18:30:00,3374.4,3374.4,3372.17,3373.81
2025-08-27 19:00:00,3373.82,3374.9,3373.76,3373.77
2025-08-27 19:30:00,3373.76,3373.77,3369.11,3369.77
2025-08-27 20:00:00,3369.76,3369.97,3368.89,3369.08
2025-08-27 20:30:00,3369.09,3369.09,3367.47,3367.57
2025-08-27 21:00:00,3367.57,3369.66,3367.15,3367.8
2025-08-27 21:30:00,3367.8,3370.22,3367.8,3369.79
2025-08-27 22:00:00,3369.79,3371.76,3367.92,3371.75
2025-08-27 22:30:00,3371.71,3372.0,3369.76,3370.89
2025-08-27 23:00:00,3371.34,3372.62,3370.47,3371.34
2025-08-27 23:30:00,3371.33,3371.34,3366.67,3367.95
2025-08-28 00:00:00,3367.95,3373.22,3366.93,3373.21
2025-08-28 00:30:00,3373.21,3374.71,3371.75,3374.57
2025-08-28 01:00:00,3374.57,3377.27,3374.57,3376.07
2025-08-28 01:30:00,3376.07,3378.23,3375.2,3376.84
2025-08-28 02:00:00,3377.07,3380.0,3376.92,3379.56
2025-08-28 02:30:00,3379.76,3384.92,3379.75,3382.58
2025-08-28 03:00:00,3382.44,3383.95,3382.24,3383.76
2025-08-28 03:30:00,3383.76,3384.68,3382.92,3384.56
2025-08-28 04:00:00,3384.57,3385.0,3381.9,3385.0
2025-08-28 04:30:00,3384.99,3385.75,3384.79,3384.8
2025-08-28 05:00:00,3384.8,3388.12,3384.79,3388.11
2025-08-28 05:30:00,3388.11,3388.12,3386.5,3387.58
2025-08-28 06:00:00,3387.58,3388.1,3385.91,3388.0
2025-08-28 06:30:00,3388.0,3388.82,3388.0,3388.82
2025-08-28 07:00:00,3388.81,3390.0,3386.81,3388.11
2025-08-28 07:30:00,3387.85,3387.86,3384.83,3384.83
2025-08-28 08:00:00,3384.84,3388.6,3384.84,3385.96
2025-08-28 08:30:00,3385.95,3388.07,3385.52,3386.98
2025-08-28 09:00:00,3386.97,3390.0,3386.97,3389.8
2025-08-28 09:30:00,3389.79,3390.77,3385.94,3387.82
2025-08-28 10:00:00,3387.82,3389.47,3387.11,3388.99
2025-08-28 10:30:00,3388.99,3390.0,3384.65,3384.65
2025-08-28 11:00:00,3384.65,3389.92,3380.93,3383.57
2025-08-28 11:30:00,3383.58,3389.97,3381.04,3381.59
2025-08-28 12:00:00,3381.6,3382.36,3380.74,3380.97
2025-08-28 12:30:00,3380.97,3385.31,3380.34,3385.31
2025-08-28 13:00:00,3385.31,3385.79,3384.7,3385.76
2025-08-28 13:30:00,3385.76,3385.77,3383.04,3383.67
2025-08-28 14:00:00,3383.67,3383.68,3378.0,3380.92
2025-08-28 14:30:00,3380.92,3382.98,3379.11,3381.7
2025-08-28 15:00:00,3381.71,3382.69,3380.87,3382.69
2025-08-28 15:30:00,3382.69,3383.09,3380.64,3382.67
2025-08-28 16:00:00,3382.67,3384.6,3382.32,3383.98
2025-08-28 16:30:00,3383.84,3388.98,3383.7,3388.06
2025-08-28 17:00:00,3388.05,3389.55,3387.18,3388.81
2025-08-28 17:30:00,3388.81,3390.83,3388.8,3390.62
2025-08-28 18:00:00,3390.62,3391.57,3388.6,3391.25
2025-08-28 18:30:00,3391.25,3397.51,3391.25,3396.35
2025-08-28 19:00:00,3396.35,3397.82,3395.45,3396.16
2025-08-28 19:30:00,3396.15,3397.43,3395.74,3395.77
2025-08-28 20:00:00,3395.74,3396.48,3390.97,3392.07
2025-08-28 20:30:00,3392.07,3393.58,3390.96,3392.31
2025-08-28 21:00:00,3392.32,3397.78,3392.32,3397.78
2025-08-28 21:30:00,3397.78,3399.76,3397.68,3397.87
2025-08-28 22:00:00,3397.88,3402.32,3397.62,3400.72
2025-08-28 22:30:00,3400.72,3400.72,3393.01,3394.31
2025-08-28 23:00:00,3394.09,3399.07,3392.2,3397.76
2025-08-28 23:30:00,3397.77,3403.3,3397.77,3402.07
2025-08-29 00:00:00,3402.06,3408.85,3400.58,3406.9
2025-08-29 00:30:00,3406.9,3408.16,3405.01,3407.04
2025-08-29 01:00:00,3407.04,3408.37,3403.36,3404.02
2025-08-29 01:30:00,3404.01,3407.0,3403.0,3406.99
2025-08-29 02:00:00,3407.0,3414.07,3406.56,3413.2
2025-08-29 02:30:00,3413.21,3415.37,3412.55,3413.76
2025-08-29 03:00:00,3413.75,3423.25,3413.13,3415.2
2025-08-29 03:30:00,3415.2,3422.55,3414.92,3419.02
2025-08-29 04:00:00,3419.03,3419.9,3417.83,3418.97
2025-08-29 04:30:00,3418.97,3423.11,3418.27,3423.1
2025-08-29 05:00:00,3423.1,3423.11,3419.08,3419.84
2025-08-29 05:30:00,3419.95,3421.92,3419.64,3421.23
2025-08-29 06:00:00,3421.22,3421.23,3418.28,3418.28
2025-08-29 06:30:00,3418.28,3419.91,3416.26,3419.78
2025-08-29 07:00:00,3419.77,3420.48,3419.77,3420.18
2025-08-29 07:30:00,3420.23,3420.61,3420.23,3420.58
2025-08-29 08:00:00,3420.58,3420.58,3419.0,3419.01
2025-08-29 08:30:00,3419.0,3419.01,3418.0,3418.24
2025-08-29 09:00:00,3418.24,3420.08,3418.0,3419.14
2025-08-29 09:30:00,3419.14,3419.14,3414.03,3415.8
2025-08-29 10:00:00,3415.81,3416.99,3414.0,3415.55
2025-08-29 10:30:00,3415.54,3416.28,3409.52,3414.3
2025-08-29 11:00:00,3414.3,3414.3,3411.1,3411.11
2025-08-29 11:30:00,3411.11,3412.0,3407.99,3411.0
2025-08-29 12:00:00,3411.79,3414.84,3411.29,3412.98
2025-08-29 12:30:00,3412.99,3415.16,3412.99,3414.2
2025-08-29 13:00:00,3414.21,3415.16,3411.99,3414.76
2025-08-29 13:30:00,3414.76,3415.06,3413.78,3414.07
2025-08-29 14:00:00,3414.01,3414.01,3411.05,3411.06
2025-08-29 14:30:00,3411.05,3419.96,3411.05,3411.94
2025-08-29 15:00:00,3411.95,3414.0,3411.0,3411.64
2025-08-29 15:30:00,3411.64,3412.16,3411.63,3412.1
2025-08-29 16:00:00,3412.09,3413.96,3412.08,3413.35
2025-08-29 16:30:00,3413.35,3413.86,3411.04,3412.19
2025-08-29 17:00:00,3412.18,3414.31,3411.0,3411.01
2025-08-29 17:30:00,3411.0,3412.99,3408.69,3411.36
2025-08-29 18:00:00,3411.4,3426.91,3411.28,3413.78
2025-08-29 18:30:00,3413.68,3414.2,3410.52,3410.82
2025-08-29 19:00:00,3410.82,3412.04,3408.69,3410.8
2025-08-29 19:30:00,3410.43,3412.26,3408.59,3409.28
2025-08-29 20:00:00,3409.28,3410.48,3407.8,3408.71
2025-08-29 20:30:00,3408.72,3413.0,3408.06,3410.0
2025-08-29 21:00:00,3410.0,3410.44,3408.05,3409.66
2025-08-29 21:30:00,3409.66,3413.73,3409.66,3413.4
2025-08-29 22:00:00,3412.99,3414.51,3410.56,3412.03
2025-08-29 22:30:00,3412.04,3418.67,3412.0,3418.16
2025-08-29 23:00:00,3418.17,3420.66,3415.97,3419.08
2025-08-29 23:30:00,3419.29,3431.86,3418.61,3431.69
2025-08-30 00:00:00,3431.68,3437.09,3430.4,3436.81
2025-08-30 00:30:00,3436.83,3449.78,3436.29,3444.39
2025-08-30 01:00:00,3444.41,3453.0,3441.2,3448.26
2025-08-30 01:30:00,3448.26,3452.0,3444.24,3451.08
2025-08-30 02:00:00,3451.07,3453.59,3449.0,3450.9
2025-08-30 02:30:00,3450.9,3455.71,3450.9,3455.6
2025-08-30 03:00:00,3455.48,3457.0,3453.22,3453.22
2025-08-30 03:30:00,3453.06,3454.55,3449.33,3451.82
2025-08-30 04:00:00,3451.94,3455.0,3445.98,3450.18
2025-08-30 04:30:00,3450.18,3452.39,3449.0,3450.63
2025-08-30 05:00:00,3450.33,3452.18,3449.42,3451.09
2025-08-30 05:30:00,3451.08,3463.0,3450.1,3460.81
2025-08-30 06:00:00,3460.82,3464.7,3453.53,3457.73
2025-08-30 06:30:00,3457.73,3458.47,3448.23,3455.59
2025-08-30 07:00:00,3455.6,3458.46,3451.04,3454.81
2025-08-30 07:30:00,3454.81,3459.54,3453.25,3458.2
2025-08-30 08:00:00,3458.2,3462.42,3457.52,3462.12
2025-08-30 08:30:00,3462.11,3463.02,3460.44,3461.39
2025-08-30 09:00:00,3461.39,3461.4,3458.85,3458.86
2025-08-30 09:30:00,3458.85,3463.32,3458.85,3461.84
2025-08-30 10:00:00,3461.83,3461.83,3458.46,3458.69
2025-08-30 10:30:00,3458.69,3459.77,3457.84,3458.99
2025-08-30 11:00:00,3458.99,3458.99,3458.44,3458.53
2025-08-30 11:30:00,3458.52,3458.87,3456.53,3457.43
2025-08-30 12:00:00,3457.43,3458.23,3452.71,3454.17
2025-08-30 12:30:00,3454.17,3459.91,3452.66,3459.76
2025-08-30 13:00:00,3459.76,3462.97,3459.75,3462.29
2025-08-30 13:30:00,3462.29,3463.0,3461.83,3463.0
2025-08-30 14:00:00,3463.0,3463.0,3462.88,3463.0
2025-08-30 14:30:00,3463.0,3463.0,3462.88,3462.88
2025-08-30 15:00:00,3462.89,3463.0,3462.89,3462.99
2025-08-30 15:30:00,3462.99,3463.0,3457.64,3458.01
2025-08-30 16:00:00,3458.01,3458.01,3455.6,3455.6
2025-08-30 16:30:00,3455.6,3455.61,3454.83,3455.37
2025-08-30 17:00:00,3455.37,3456.34,3455.36,3456.33
2025-08-30 17:30:00,3456.33,3462.4,3456.32,3461.04
2025-08-30 18:00:00,3461.05,3462.88,3459.78,3460.27
2025-08-30 18:30:00,3460.28,3462.98,3459.05,3462.25
2025-08-30 19:00:00,3462.26,3463.53,3459.89,3459.89
2025-08-30 19:30:00,3459.9,3465.65,3459.9,3465.61
2025-08-30 20:00:00,3465.61,3466.73,3462.41,3462.49
2025-08-30 20:30:00,3462.48,3462.49,3460.01,3460.09
2025-08-30 21:00:00,3460.08,3460.08,3457.06,3457.89
2025-08-30 21:30:00,3457.89,3458.44,3456.3,3457.16
2025-08-30 22:00:00,3457.16,3462.82,3457.16,3461.93
2025-08-30 22:30:00,3461.92,3463.43,3461.79,3463.35
2025-08-30 23:00:00,3463.35,3463.51,3459.13,3459.13
2025-08-30 23:30:00,3459.13,3463.81,3457.85,3463.81
2025-09-01 07:30:00,3467.33,3467.34,3464.37,3465.1
2025-09-01 08:00:00,3465.1,3465.1,3456.3,3460.3
2025-09-01 08:30:00,3460.3,3463.88,3460.29,3461.57
2025-09-01 09:00:00,3461.56,3462.0,3458.99,3460.46
2025-09-01 09:30:00,3460.67,3462.0,3457.73,3460.4
2025-09-01 10:00:00,3460.41,3461.19,3455.0,3458.83
2025-09-01 10:30:00,3458.84,3458.84,3455.81,3456.95
2025-09-01 11:00:00,3456.94,3458.25,3451.13,3452.84
2025-09-01 11:30:00,3452.84,3471.15,3452.73,3469.92
2025-09-01 12:00:00,3469.91,3482.24,3467.62,3477.31
2025-09-01 12:30:00,3477.31,3495.72,3476.17,3494.86
2025-09-01 13:00:00,3494.85,3498.02,3486.81,3490.11
2025-09-01 13:30:00,3490.11,3496.33,3490.11,3492.0
2025-09-01 14:00:00,3492.0,3494.37,3488.96,3488.96
2025-09-01 14:30:00,3488.81,3491.16,3486.81,3490.8
2025-09-01 15:00:00,3490.8,3494.01,3489.89,3493.62
2025-09-01 15:30:00,3493.61,3499.0,3492.01,3497.0
2025-09-01 16:00:00,3497.0,3500.0,3495.0,3499.0
2025-09-01 16:30:00,3499.0,3502.0,3497.91,3501.04
2025-09-01 17:00:00,3499.99,3500.0,3488.54,3488.61
2025-09-01 17:30:00,3488.61,3493.87,3486.84,3492.5
2025-09-01 18:00:00,3492.5,3495.96,3490.71,3494.78
2025-09-01 18:30:00,3494.79,3495.05,3491.45,3491.46
2025-09-01 19:00:00,3491.46,3491.96,3487.7,3487.71
2025-09-01 19:30:00,3487.71,3487.71,3483.19,3486.61
2025-09-01 20:00:00,3486.61,3489.0,3481.93,3487.64
2025-09-01 20:30:00,3487.64,3488.48,3481.0,3482.72
2025-09-01 21:00:00,3482.72,3484.0,3481.53,3484.0
2025-09-01 21:30:00,3484.0,3484.81,3482.55,3482.63
2025-09-01 22:00:00,3482.64,3484.0,3481.65,3481.87
2025-09-01 22:30:00,3481.87,3482.07,3480.73,3480.74
2025-09-01 23:00:00,3480.74,3489.0,3480.0,3488.98
2025-09-01 23:30:00,3488.99,3490.0,3486.64,3486.65
2025-09-02 00:00:00,3486.65,3491.84,3485.77,3491.14
2025-09-02 00:30:00,3491.08,3491.08,3485.0,3486.23
2025-09-02 01:00:00,3486.23,3491.73,3485.76,3489.02
2025-09-02 01:30:00,3488.94,3492.68,3488.07,3488.21
2025-09-02 02:00:00,3488.22,3489.0,3486.36,3488.17
2025-09-02 02:30:00,3488.18,3493.4,3487.87,3492.17
2025-09-02 03:00:00,3492.17,3492.42,3491.27,3492.07
2025-09-02 03:30:00,3492.08,3494.45,3492.07,3494.45
2025-09-02 04:00:00,3494.44,3494.44,3490.8,3491.09
2025-09-02 04:30:00,3491.09,3493.35,3489.92,3490.51
2025-09-02 05:00:00,3490.5,3490.5,3489.44,3489.44
2025-09-02 05:30:00,3489.42,3489.42,3488.71,3488.86
2025-09-02 06:00:00,3488.85,3490.4,3488.77,3490.37
2025-09-02 06:30:00,3490.37,3492.66,3489.57,3490.83
2025-09-02 07:00:00,3490.82,3492.86,3489.73,3491.95
2025-09-02 07:30:00,3491.99,3493.07,3489.37,3493.02
2025-09-02 08:00:00,3493.07,3494.3,3492.01,3494.3
2025-09-02 08:30:00,3494.29,3495.01,3493.39,3493.43
2025-09-02 09:00:00,3493.43,3498.0,3493.42,3497.28
2025-09-02 09:30:00,3497.28,3505.03,3497.28,3503.19
2025-09-02 10:00:00,3502.92,3506.0,3501.45,3504.05
2025-09-02 10:30:00,3504.05,3538.0,3504.04,3507.62
2025-09-02 11:00:00,3507.61,3531.48,3507.43,3529.01
2025-09-02 11:30:00,3529.01,3540.0,3525.47,3531.07
2025-09-02 12:00:00,3530.9,3532.27,3521.13,3522.09
2025-09-02 12:30:00,3522.09,3531.93,3520.0,3520.96
2025-09-02 13:00:00,3520.95,3521.39,3514.05,3516.07
2025-09-02 13:30:00,3516.17,3519.93,3512.61,3518.1
2025-09-02 14:00:00,3518.01,3518.17,3514.29,3516.6
2025-09-02 14:30:00,3516.6,3521.79,3514.99,3518.36
2025-09-02 15:00:00,3517.96,3518.39,3513.53,3513.97
2025-09-02 15:30:00,3513.97,3515.35,3511.27,3511.33
2025-09-02 16:00:00,3511.7,3513.72,3500.0,3503.22
2025-09-02 16:30:00,3503.22,3506.42,3495.5,3500.3
2025-09-02 17:00:00,3500.29,3502.22,3495.0,3498.51
2025-09-02 17:30:00,3498.79,3514.74,3490.6,3494.72
2025-09-02 18:00:00,3494.61,3495.62,3486.35,3493.3
2025-09-02 18:30:00,3493.3,3496.56,3490.0,3491.52
2025-09-02 19:00:00,3491.86,3501.42,3490.5,3498.68
2025-09-02 19:30:00,3498.68,3498.69,3492.5,3492.5
2025-09-02 20:00:00,3492.51,3497.09,3491.34,3494.74
2025-09-02 20:30:00,3494.74,3503.8,3494.74,3501.23
2025-09-02 21:00:00,3501.23,3501.59,3496.51,3497.24
2025-09-02 21:30:00,3497.23,3504.0,3496.36,3504.0
2025-09-02 22:00:00,3504.0,3508.99,3497.2,3498.41
2025-09-02 22:30:00,3498.42,3503.79,3490.02,3497.0
2025-09-02 23:00:00,3497.64,3499.67,3493.84,3499.58
2025-09-02 23:30:00,3499.6,3506.37,3495.92,3502.74
2025-09-03 00:00:00,3502.55,3516.57,3502.55,3514.14
2025-09-03 00:30:00,3514.13,3525.75,3509.36,3523.78
2025-09-03 01:00:00,3523.78,3532.16,3521.99,3524.94
2025-09-03 01:30:00,3524.93,3538.42,3524.93,3534.52
2025-09-03 02:00:00,3534.53,3538.46,3532.0,3537.71
2025-09-03 02:30:00,3537.72,3545.62,3537.72,3545.02
2025-09-03 03:00:00,3545.01,3548.0,3543.11,3545.42
2025-09-03 03:30:00,3545.42,3546.83,3543.11,3546.0
2025-09-03 04:00:00,3546.4,3547.09,3543.11,3545.06
2025-09-03 04:30:00,3545.06,3549.87,3541.14,3542.91
2025-09-03 05:00:00,3542.91,3556.69,3542.91,3553.14
2025-09-03 05:30:00,3553.14,3556.39,3551.38,3554.0
2025-09-03 06:00:00,3554.01,3555.41,3550.4,3552.6
2025-09-03 06:30:00,3552.59,3552.82,3550.4,3550.4
2025-09-03 07:00:00,3550.4,3552.62,3550.4,3551.05
2025-09-03 07:30:00,3551.06,3551.9,3550.4,3551.59
2025-09-03 08:00:00,3551.58,3552.14,3549.44,3551.07
2025-09-03 08:30:00,3551.07,3551.07,3544.88,3545.43
2025-09-03 09:00:00,3545.44,3549.91,3544.0,3544.3
2025-09-03 09:30:00,3544.31,3550.49,3543.21,3548.15
2025-09-03 10:00:00,3548.15,3560.0,3545.06,3551.63
2025-09-03 10:30:00,3551.51,3559.49,3551.33,3558.15
2025-09-03 11:00:00,3558.15,3561.06,3550.7,3554.07
2025-09-03 11:30:00,3554.07,3560.0,3553.4,3558.04
2025-09-03 12:00:00,3558.04,3562.3,3549.81,3556.13
2025-09-03 12:30:00,3555.92,3555.92,3546.99,3546.99
2025-09-03 13:00:00,3546.98,3547.38,3543.44,3544.09
2025-09-03 13:30:00,3544.08,3546.77,3542.4,3544.91
2025-09-03 14:00:00,3544.9,3547.03,3544.78,3545.95
2025-09-03 14:30:00,3545.95,3551.68,3545.94,3550.71
2025-09-03 15:00:00,3550.72,3553.31,3549.51,3551.82
2025-09-03 15:30:00,3551.83,3551.83,3546.04,3546.62
2025-09-03 16:00:00,3546.62,3552.45,3546.61,3548.91
2025-09-03 16:30:00,3548.9,3552.97,3548.9,3551.33
2025-09-03 17:00:00,3551.64,3552.1,3547.64,3550.25
2025-09-03 17:30:00,3550.25,3553.74,3550.25,3550.66
2025-09-03 18:00:00,3550.45,3558.79,3550.44,3556.86
2025-09-03 18:30:00,3556.86,3556.86,3552.87,3555.2
2025-09-03 19:00:00,3555.29,3557.98,3555.29,3555.47
2025-09-03 19:30:00,3555.42,3555.76,3550.89,3551.27
2025-09-03 20:00:00,3551.18,3552.55,3549.0,3551.78
2025-09-03 20:30:00,3551.77,3556.33,3551.77,3555.52
2025-09-03 21:00:00,3555.52,3562.0,3555.52,3561.7
2025-09-03 21:30:00,3561.99,3564.9,3561.28,3564.9
2025-09-03 22:00:00,3564.22,3565.26,3558.49,3560.69
2025-09-03 22:30:00,3560.69,3567.43,3558.75,3566.41
2025-09-03 23:00:00,3566.31,3572.6,3565.99,3572.6
2025-09-03 23:30:00,3572.6,3574.2,3563.24,3567.39
2025-09-04 00:00:00,3567.45,3577.26,3565.62,3575.6
2025-09-04 00:30:00,3575.61,3576.05,3569.22,3571.71
2025-09-04 01:00:00,3571.71,3574.84,3568.92,3574.48
2025-09-04 01:30:00,3574.47,3575.35,3572.69,3574.38
2025-09-04 02:00:00,3574.38,3578.31,3573.2,3577.98
2025-09-04 02:30:00,3577.72,3583.3,3577.65,3583.3
2025-09-04 03:00:00,3583.3,3587.44,3581.19,3582.59
2025-09-04 03:30:00,3582.58,3586.49,3582.44,3583.75
2025-09-04 04:00:00,3583.74,3587.5,3583.54,3585.93
2025-09-04 04:30:00,3585.93,3585.93,3580.0,3581.29
2025-09-04 05:00:00,3580.86,3582.15,3577.0,3578.73
2025-09-04 05:30:00,3579.02,3579.02,3574.33,3574.76
2025-09-04 06:00:00,3574.76,3578.04,3573.71,3578.03
2025-09-04 06:30:00,3578.03,3578.03,3573.01,3573.33
2025-09-04 07:00:00,3573.33,3573.34,3570.01,3573.01
2025-09-04 07:30:00,3573.05,3577.13,3572.3,3577.13
2025-09-04 08:00:00,3577.13,3578.25,3573.08,3574.84
2025-09-04 08:30:00,3574.84,3577.4,3574.84,3576.13
2025-09-04 09:00:00,3576.14,3576.18,3570.08,3570.75
2025-09-04 09:30:00,3570.74,3575.0,3569.57,3574.99
2025-09-04 10:00:00,3574.99,3576.38,3569.08,3575.9
2025-09-04 10:30:00,3575.9,3576.55,3572.98,3575.14
2025-09-04 11:00:00,3575.64,3577.09,3566.06,3566.31
2025-09-04 11:30:00,3566.31,3566.98,3556.8,3559.18
2025-09-04 12:00:00,3559.27,3562.58,3554.57,3556.68
2025-09-04 12:30:00,3556.69,3558.55,3542.01,3544.22
2025-09-04 13:00:00,3544.22,3545.27,3527.55,3544.55
2025-09-04 13:30:00,3544.3,3544.73,3540.0,3541.99
2025-09-04 14:00:00,3541.99,3548.0,3541.51,3544.89
2025-09-04 14:30:00,3544.89,3545.12,3542.06,3543.99
2025-09-04 15:00:00,3544.0,3545.89,3537.63,3540.96
2025-09-04 15:30:00,3540.97,3546.08,3535.0,3535.99
2025-09-04 16:00:00,3536.0,3545.99,3534.03,3545.15
2025-09-04 16:30:00,3545.14,3551.9,3544.44,3547.03
2025-09-04 17:00:00,3547.04,3554.77,3543.49,3547.1
2025-09-04 17:30:00,3547.11,3553.97,3546.51,3553.04
2025-09-04 18:00:00,3553.04,3560.97,3553.03,3554.92
2025-09-04 18:30:00,3554.92,3555.27,3549.01,3551.41
2025-09-04 19:00:00,3551.41,3554.67,3550.97,3551.14
2025-09-04 19:30:00,3551.14,3552.71,3547.9,3547.9
2025-09-04 20:00:00,3547.91,3556.16,3547.91,3551.72
2025-09-04 20:30:00,3551.72,3552.65,3546.99,3548.77
2025-09-04 21:00:00,3548.77,3550.58,3546.6,3548.6
2025-09-04 21:30:00,3548.6,3556.66,3548.2,3552.51
2025-09-04 22:00:00,3552.52,3558.03,3552.07,3552.58
2025-09-04 22:30:00,3552.93,3556.0,3550.01,3553.23
2025-09-04 23:00:00,3553.23,3563.0,3549.37,3562.4
2025-09-04 23:30:00,3562.4,3565.66,3555.0,3555.79
2025-09-05 00:00:00,3555.79,3555.79,3544.8,3549.82
2025-09-05 00:30:00,3550.07,3555.16,3549.17,3554.62
2025-09-05 01:00:00,3554.64,3558.98,3545.57,3553.42
2025-09-05 01:30:00,3553.43,3560.43,3552.4,3560.11
2025-09-05 02:00:00,3560.0,3563.97,3558.86,3559.96
2025-09-05 02:30:00,3559.85,3561.66,3557.44,3560.3
2025-09-05 03:00:00,3560.31,3562.5,3555.41,3556.45
2025-09-05 03:30:00,3556.78,3557.48,3551.27,3551.38
2025-09-05 04:00:00,3551.39,3554.94,3551.38,3553.2
2025-09-05 04:30:00,3553.2,3555.22,3552.87,3552.88
2025-09-05 05:00:00,3552.88,3559.32,3552.35,3558.87
2025-09-05 05:30:00,3558.86,3559.93,3555.66,3557.43
2025-09-05 06:00:00,3557.35,3557.98,3555.64,3555.67
2025-09-05 06:30:00,3555.66,3555.67,3551.38,3553.16
2025-09-05 07:00:00,3553.16,3555.67,3550.92,3553.72
2025-09-05 07:30:00,3553.71,3556.67,3552.1,3554.58
2025-09-05 08:00:00,3554.57,3554.58,3550.1,3550.86
2025-09-05 08:30:00,3550.86,3554.01,3548.64,3549.55
2025-09-05 09:00:00,3549.56,3551.81,3549.13,3551.12
2025-09-05 09:30:00,3551.13,3559.8,3551.12,3559.09
2025-09-05 10:00:00,3559.1,3562.24,3556.69,3559.86
2025-09-05 10:30:00,3559.63,3562.37,3558.32,3558.96
2025-09-05 11:00:00,3558.96,3564.27,3558.96,3563.58
2025-09-05 11:30:00,3563.85,3564.72,3558.46,3560.56
2025-09-05 12:00:00,3560.73,3563.7,3560.0,3560.19
2025-09-05 12:30:00,3560.48,3560.48,3555.9,3558.31
2025-09-05 13:00:00,3558.74,3563.67,3557.79,3563.67
2025-09-05 13:30:00,3563.67,3565.2,3563.48,3564.97
2025-09-05 14:00:00,3564.98,3565.38,3564.57,3564.97
2025-09-05 14:30:00,3564.97,3565.6,3562.3,3564.88
2025-09-05 15:00:00,3564.66,3566.2,3561.41,3563.4
2025-09-05 15:30:00,3563.41,3566.45,3562.95,3564.7
2025-09-05 16:00:00,3564.71,3566.78,3558.0,3559.15
2025-09-05 16:30:00,3559.14,3561.81,3559.14,3561.41
2025-09-05 17:00:00,3561.42,3561.62,3557.33,3557.44
2025-09-05 17:30:00,3557.44,3557.44,3551.77,3552.99
2025-09-05 18:00:00,3552.98,3553.92,3550.0,3553.49
2025-09-05 18:30:00,3553.48,3554.74,3550.56,3550.56
2025-09-05 19:00:00,3550.55,3554.85,3550.55,3554.82
2025-09-05 19:30:00,3554.82,3561.59,3554.82,3560.0
2025-09-05 20:00:00,3560.01,3560.01,3555.44,3557.23
2025-09-05 20:30:00,3557.22,3559.33,3556.61,3558.82
2025-09-05 21:00:00,3558.56,3560.9,3557.43,3557.44
2025-09-05 21:30:00,3557.34,3558.92,3555.36,3558.1
2025-09-05 22:00:00,3558.09,3559.8,3555.5,3559.59
2025-09-05 22:30:00,3559.6,3587.36,3559.6,3581.93
2025-09-05 23:00:00,3581.94,3582.7,3572.8,3579.21
2025-09-05 23:30:00,3579.21,3593.46,3577.57,3593.45
2025-09-06 00:00:00,3593.46,3598.53,3578.08,3579.73
2025-09-06 00:30:00,3579.54,3590.33,3572.0,3590.33
2025-09-06 01:00:00,3590.38,3591.48,3583.87,3588.99
2025-09-06 01:30:00,3588.98,3596.29,3588.89,3593.72
2025-09-06 02:00:00,3593.29,3598.78,3591.81,3598.07
2025-09-06 02:30:00,3598.07,3599.0,3592.37,3595.29
2025-09-06 03:00:00,3595.41,3597.08,3590.03,3596.95
2025-09-06 03:30:00,3596.83,3599.09,3596.0,3598.45
2025-09-06 04:00:00,3598.44,3599.1,3594.33,3597.76
2025-09-06 04:30:00,3597.76,3598.35,3595.36,3597.72
2025-09-06 05:00:00,3597.98,3598.56,3595.61,3596.29
2025-09-06 05:30:00,3596.28,3599.0,3595.26,3598.29
2025-09-06 06:00:00,3598.29,3598.29,3592.04,3593.43
2025-09-06 06:30:00,3593.44,3594.07,3590.0,3590.01
2025-09-06 07:00:00,3590.0,3592.49,3590.0,3590.69
2025-09-06 07:30:00,3590.69,3599.0,3590.69,3597.45
2025-09-06 08:00:00,3597.45,3597.45,3592.04,3597.31
2025-09-06 08:30:00,3597.31,3598.81,3596.96,3598.14
2025-09-06 09:00:00,3598.13,3598.14,3595.14,3596.42
2025-09-06 09:30:00,3596.43,3596.43,3591.44,3593.64
2025-09-06 10:00:00,3593.65,3593.65,3590.51,3591.29
2025-09-06 10:30:00,3591.29,3591.96,3590.92,3591.59
2025-09-06 11:00:00,3591.66,3596.51,3591.58,3596.34
2025-09-06 11:30:00,3596.34,3596.67,3593.63,3595.94
2025-09-06 12:00:00,3595.94,3596.58,3594.46,3594.74
2025-09-06 12:30:00,3594.74,3595.72,3591.6,3595.72
2025-09-06 13:00:00,3595.72,3595.98,3592.95,3595.31
2025-09-06 13:30:00,3595.85,3597.99,3595.84,3597.51
2025-09-06 14:00:00,3597.5,3598.99,3596.49,3598.54
2025-09-06 14:30:00,3598.54,3598.71,3598.08,3598.7
2025-09-06 15:00:00,3598.7,3598.88,3595.7,3596.9
2025-09-06 15:30:00,3596.9,3599.1,3596.2,3598.46
2025-09-06 16:00:00,3598.45,3599.06,3598.14,3598.89
2025-09-06 16:30:00,3598.88,3599.9,3598.58,3599.44
2025-09-06 17:00:00,3599.47,3599.86,3599.47,3599.85
2025-09-06 17:30:00,3599.86,3601.12,3599.85,3600.9
2025-09-06 18:00:00,3600.9,3603.6,3600.9,3603.08
2025-09-06 18:30:00,3603.08,3609.73,3603.07,3607.01
2025-09-06 19:00:00,3607.0,3611.68,3605.0,3610.64
2025-09-06 19:30:00,3610.65,3611.02,3606.92,3606.92
2025-09-06 20:00:00,3606.89,3609.99,3603.63,3604.07
2025-09-06 20:30:00,3604.07,3605.41,3603.02,3604.21
2025-09-06 21:00:00,3604.21,3605.24,3600.91,3605.24
2025-09-06 21:30:00,3605.24,3607.65,3605.24,3607.55
2025-09-06 22:00:00,3607.55,3608.87,3606.61,3608.4
2025-09-06 22:30:00,3608.39,3610.03,3608.1,3609.86
2025-09-06 23:00:00,3609.86,3611.2,3607.8,3608.96
2025-09-06 23:30:00,3608.97,3608.97,3603.19,3606.64
2025-09-08 07:30:00,3609.59,3611.29,3609.31,3609.53
2025-09-08 08:00:00,3609.52,3611.57,3602.0,3606.75
2025-09-08 08:30:00,3606.74,3608.0,3602.0,3602.58
2025-09-08 09:00:00,3602.58,3604.97,3598.31,3598.33
2025-09-08 09:30:00,3598.33,3604.03,3598.06,3602.37
2025-09-08 10:00:00,3602.37,3602.37,3597.0,3597.27
2025-09-08 10:30:00,3597.1,3603.44,3595.04,3602.37
2025-09-08 11:00:00,3602.37,3604.9,3593.78,3595.33
2025-09-08 11:30:00,3595.33,3598.46,3594.47,3597.98
2025-09-08 12:00:00,3597.98,3601.39,3596.0,3597.89
2025-09-08 12:30:00,3597.88,3599.88,3596.0,3598.0
2025-09-08 13:00:00,3598.0,3598.36,3593.75,3594.18
2025-09-08 13:30:00,3594.18,3594.19,3589.74,3590.19
2025-09-08 14:00:00,3590.19,3598.27,3588.12,3592.13
2025-09-08 14:30:00,3592.13,3592.14,3591.27,3591.32
2025-09-08 15:00:00,3591.32,3593.38,3590.8,3592.14
2025-09-08 15:30:00,3592.14,3598.41,3592.01,3597.97
2025-09-08 16:00:00,3597.96,3602.53,3594.19,3600.97
2025-09-08 16:30:00,3600.97,3604.65,3600.1,3604.25
2025-09-08 17:00:00,3604.25,3618.08,3604.0,3614.81
2025-09-08 17:30:00,3615.28,3622.15,3614.07,3618.78
2025-09-08 18:00:00,3618.91,3623.44,3615.96,3620.22
2025-09-08 18:30:00,3620.28,3622.02,3616.83,3618.1
2025-09-08 19:00:00,3618.1,3622.62,3616.81,3620.19
2025-09-08 19:30:00,3620.18,3620.89,3616.84,3620.75
2025-09-08 20:00:00,3620.7,3627.6,3618.72,3623.19
2025-09-08 20:30:00,3623.49,3623.87,3617.09,3622.42
2025-09-08 21:00:00,3622.42,3622.42,3618.88,3620.57
2025-09-08 21:30:00,3620.57,3628.11,3620.57,3627.17
2025-09-08 22:00:00,3627.25,3628.02,3622.17,3625.16
2025-09-08 22:30:00,3625.17,3629.99,3623.97,3629.19
2025-09-08 23:00:00,3629.18,3636.64,3627.22,3630.55
2025-09-08 23:30:00,3630.27,3641.24,3626.34,3638.68
2025-09-09 00:00:00,3638.24,3642.71,3635.96,3636.53
2025-09-09 00:30:00,3636.53,3645.13,3636.27,3645.01
2025-09-09 01:00:00,3645.0,3649.32,3640.82,3641.52
2025-09-09 01:30:00,3641.41,3643.58,3637.61,3642.43
2025-09-09 02:00:00,3642.43,3645.0,3638.99,3643.45
2025-09-09 02:30:00,3643.45,3648.16,3640.32,3645.82
2025-09-09 03:00:00,3645.97,3646.06,3638.88,3641.26
2025-09-09 03:30:00,3641.27,3642.24,3638.61,3638.61
2025-09-09 04:00:00,3638.61,3641.87,3638.31,3638.33
2025-09-09 04:30:00,3638.34,3641.32,3638.13,3640.98
2025-09-09 05:00:00,3640.98,3642.25,3638.58,3639.06
2025-09-09 05:30:00,3639.05,3643.54,3639.05,3641.46
2025-09-09 06:00:00,3641.46,3642.44,3639.47,3639.55
2025-09-09 06:30:00,3639.55,3643.39,3639.54,3641.18
2025-09-09 07:00:00,3641.12,3641.82,3638.8,3640.28
2025-09-09 07:30:00,3640.29,3640.29,3638.1,3638.49
2025-09-09 08:00:00,3638.49,3643.77,3636.0,3637.19
2025-09-09 08:30:00,3637.44,3638.49,3633.36,3634.78
2025-09-09 09:00:00,3634.87,3639.87,3634.8,3637.1
2025-09-09 09:30:00,3637.23,3641.49,3635.54,3640.8
2025-09-09 10:00:00,3640.8,3647.01,3640.06,3644.7
2025-09-09 10:30:00,3644.7,3646.96,3644.4,3645.82
2025-09-09 11:00:00,3645.82,3653.39,3645.75,3651.23
2025-09-09 11:30:00,3651.36,3660.03,3650.87,3656.03
2025-09-09 12:00:00,3655.93,3665.51,3653.88,3663.11
2025-09-09 12:30:00,3663.12,3670.0,3656.38,3658.41
2025-09-09 13:00:00,3658.41,3662.82,3656.08,3658.89
2025-09-09 13:30:00,3658.89,3663.33,3653.59,3655.47
2025-09-09 14:00:00,3655.46,3659.88,3655.12,3659.26
2025-09-09 14:30:00,3659.25,3665.08,3659.25,3663.13
2025-09-09 15:00:00,3663.14,3667.56,3660.42,3662.47
2025-09-09 15:30:00,3662.47,3668.24,3662.46,3666.52
2025-09-09 16:00:00,3666.51,3666.51,3646.34,3648.28
2025-09-09 16:30:00,3648.29,3660.42,3647.98,3656.63
2025-09-09 17:00:00,3656.43,3657.36,3650.0,3657.04
2025-09-09 17:30:00,3657.03,3658.75,3650.21,3651.59
2025-09-09 18:00:00,3651.27,3654.49,3650.66,3653.94
2025-09-09 18:30:00,3653.94,3657.81,3652.3,3655.52
2025-09-09 19:00:00,3655.8,3664.72,3655.61,3661.47
2025-09-09 19:30:00,3660.89,3661.86,3658.26,3660.64
2025-09-09 20:00:00,3660.63,3662.17,3659.42,3659.62
2025-09-09 20:30:00,3659.62,3659.93,3657.17,3658.79
2025-09-09 21:00:00,3658.79,3661.28,3658.79,3660.11
2025-09-09 21:30:00,3660.12,3662.46,3656.38,3656.92
2025-09-09 22:00:00,3657.1,3664.65,3657.01,3658.86
2025-09-09 22:30:00,3658.87,3660.07,3653.65,3657.91
2025-09-09 23:00:00,3657.91,3670.6,3656.92,3669.91
2025-09-09 23:30:00,3669.93,3678.45,3667.78,3673.38
2025-09-10 00:00:00,3673.84,3681.7,3657.0,3664.04
2025-09-10 00:30:00,3664.04,3664.28,3648.0,3653.92
2025-09-10 01:00:00,3654.05,3654.69,3639.09,3651.71
2025-09-10 01:30:00,3651.72,3656.0,3648.84,3656.0
2025-09-10 02:00:00,3655.99,3661.07,3654.54,3657.48
2025-09-10 02:30:00,3657.48,3661.88,3656.7,3657.71
2025-09-10 03:00:00,3657.72,3661.1,3655.64,3657.22
2025-09-10 03:30:00,3657.22,3659.66,3654.88,3655.5
2025-09-10 04:00:00,3655.51,3660.66,3655.51,3657.42
2025-09-10 04:30:00,3657.43,3661.18,3653.43,3653.57
2025-09-10 05:00:00,3653.58,3654.27,3647.8,3648.68
2025-09-10 05:30:00,3648.68,3648.87,3641.19,3641.68
2025-09-10 06:00:00,3641.69,3647.73,3641.4,3644.65
2025-09-10 06:30:00,3644.63,3644.63,3638.7,3638.7
2025-09-10 07:00:00,3638.48,3642.88,3635.2,3640.82
2025-09-10 07:30:00,3640.42,3640.6,3632.55,3632.85
2025-09-10 08:00:00,3632.85,3639.14,3632.85,3633.76
2025-09-10 08:30:00,3633.76,3642.74,3632.79,3642.17
2025-09-10 09:00:00,3641.96,3648.36,3641.77,3646.85
2025-09-10 09:30:00,3646.85,3647.71,3642.69,3643.12
2025-09-10 10:00:00,3643.12,3643.69,3636.44,3636.44
2025-09-10 10:30:00,3636.91,3640.02,3630.0,3632.8
2025-09-10 11:00:00,3632.79,3637.23,3630.11,3630.75
2025-09-10 11:30:00,3630.39,3639.83,3630.39,3638.05
2025-09-10 12:00:00,3638.18,3642.25,3637.8,3640.42
2025-09-10 12:30:00,3640.41,3644.41,3638.56,3642.67
2025-09-10 13:00:00,3642.67,3642.68,3639.03,3640.28
2025-09-10 13:30:00,3640.28,3641.6,3639.41,3641.29
2025-09-10 14:00:00,3641.29,3647.38,3641.29,3646.44
2025-09-10 14:30:00,3646.45,3648.23,3645.15,3647.75
2025-09-10 15:00:00,3647.76,3649.78,3646.62,3648.4
2025-09-10 15:30:00,3648.4,3649.08,3644.09,3646.47
2025-09-10 16:00:00,3646.48,3650.93,3645.06,3647.39
2025-09-10 16:30:00,3647.3,3649.55,3644.82,3646.77
2025-09-10 17:00:00,3647.19,3650.93,3645.28,3647.54
2025-09-10 17:30:00,3647.54,3651.29,3646.24,3648.02
2025-09-10 18:00:00,3648.0,3651.17,3646.73,3648.33
2025-09-10 18:30:00,3648.81,3651.34,3648.12,3650.13
2025-09-10 19:00:00,3650.04,3651.51,3649.32,3651.24
2025-09-10 19:30:00,3651.24,3660.8,3651.17,3659.95
2025-09-10 20:00:00,3659.95,3659.95,3655.82,3658.12
2025-09-10 20:30:00,3658.12,3660.9,3657.57,3658.86
2025-09-10 21:00:00,3658.81,3660.81,3654.54,3658.32
2025-09-10 21:30:00,3658.33,3658.36,3652.0,3652.55
2025-09-10 22:00:00,3652.5,3655.6,3651.32,3653.46
2025-09-10 22:30:00,3653.46,3664.0,3644.73,3647.22
2025-09-10 23:00:00,3647.21,3650.14,3644.52,3648.38
2025-09-10 23:30:00,3648.52,3653.83,3647.82,3650.67
2025-09-11 00:00:00,3650.68,3654.69,3649.22,3651.71
2025-09-11 00:30:00,3651.71,3655.55,3645.54,3649.1
2025-09-11 01:00:00,3649.09,3649.09,3638.18,3644.79
2025-09-11 01:30:00,3644.95,3648.6,3644.95,3645.19
2025-09-11 02:00:00,3645.19,3646.93,3644.22,3644.51
2025-09-11 02:30:00,3644.51,3647.29,3643.12,3645.68
2025-09-11 03:00:00,3645.33,3646.89,3640.72,3641.36
2025-09-11 03:30:00,3641.22,3645.13,3641.22,3645.07
2025-09-11 04:00:00,3645.08,3647.31,3644.36,3646.6
2025-09-11 04:30:00,3646.6,3647.28,3639.99,3642.57
2025-09-11 05:00:00,3642.58,3643.24,3639.61,3639.76
2025-09-11 05:30:00,3639.77,3643.32,3636.67,3643.31
2025-09-11 06:00:00,3643.31,3644.6,3641.89,3642.51
2025-09-11 06:30:00,3642.51,3642.52,3639.27,3641.3
2025-09-11 07:00:00,3641.3,3641.94,3640.66,3640.81
2025-09-11 07:30:00,3640.8,3640.83,3639.29,3639.31
2025-09-11 08:00:00,3639.32,3644.52,3638.0,3639.34
2025-09-11 08:30:00,3639.34,3640.08,3639.05,3639.43
2025-09-11 09:00:00,3639.43,3641.18,3637.92,3640.88
2025-09-11 09:30:00,3640.88,3646.92,3639.34,3642.26
2025-09-11 10:00:00,3642.26,3643.59,3639.77,3642.27
2025-09-11 10:30:00,3642.02,3643.11,3640.41,3640.94
2025-09-11 11:00:00,3640.94,3644.46,3640.26,3644.46
2025-09-11 11:30:00,3644.46,3644.72,3637.02,3637.02
2025-09-11 12:00:00,3637.02,3640.46,3636.0,3636.17
2025-09-11 12:30:00,3636.17,3638.38,3634.03,3635.5
2025-09-11 13:00:00,3635.5,3636.72,3634.0,3634.65
2025-09-11 13:30:00,3634.53,3634.53,3630.97,3632.73
2025-09-11 14:00:00,3632.73,3639.18,3631.81,3633.61
2025-09-11 14:30:00,3633.61,3633.61,3627.12,3628.02
2025-09-11 15:00:00,3628.02,3628.02,3624.22,3626.37
2025-09-11 15:30:00,3626.36,3629.9,3621.14,3621.93
2025-09-11 16:00:00,3621.93,3630.44,3621.13,3630.09
2025-09-11 16:30:00,3630.08,3632.84,3627.09,3627.42
2025-09-11 17:00:00,3627.67,3628.16,3621.03,3623.27
2025-09-11 17:30:00,3623.28,3627.25,3622.04,3626.33
2025-09-11 18:00:00,3626.34,3627.92,3624.25,3625.58
2025-09-11 18:30:00,3625.58,3626.59,3622.31,3622.99
2025-09-11 19:00:00,3623.3,3623.35,3614.09,3617.34
2025-09-11 19:30:00,3617.21,3624.95,3617.07,3621.5
2025-09-11 20:00:00,3621.5,3623.76,3620.12,3621.57
2025-09-11 20:30:00,3621.57,3627.34,3621.44,3622.58
2025-09-11 21:00:00,3622.57,3622.96,3619.12,3620.22
2025-09-11 21:30:00,3620.26,3620.55,3615.73,3615.73
2025-09-11 22:00:00,3615.73,3627.58,3615.73,3626.1
2025-09-11 22:30:00,3626.12,3643.19,3616.7,3627.53
2025-09-11 23:00:00,3627.54,3634.93,3620.09,3621.48
2025-09-11 23:30:00,3621.17,3633.46,3618.39,3628.79
2025-09-12 00:00:00,3628.7,3641.83,3624.83,3634.11
2025-09-12 00:30:00,3633.67,3633.78,3624.9,3627.08
2025-09-12 01:00:00,3627.08,3635.46,3627.08,3633.0
2025-09-12 01:30:00,3633.0,3634.36,3629.47,3632.43
2025-09-12 02:00:00,3632.44,3645.81,3632.27,3636.45
2025-09-12 02:30:00,3636.44,3638.11,3633.0,3634.72
2025-09-12 03:00:00,3634.72,3635.49,3631.38,3635.01
2025-09-12 03:30:00,3635.0,3636.68,3633.64,3634.87
2025-09-12 04:00:00,3634.88,3636.67,3632.72,3632.72
2025-09-12 04:30:00,3632.48,3633.37,3630.7,3633.06
2025-09-12 05:00:00,3633.06,3637.34,3633.06,3634.01
2025-09-12 05:30:00,3634.0,3639.29,3633.67,3636.46
2025-09-12 06:00:00,3636.16,3637.43,3635.68,3635.69
2025-09-12 06:30:00,3635.7,3635.7,3633.86,3634.06
2025-09-12 07:00:00,3634.01,3637.98,3632.1,3637.98
2025-09-12 07:30:00,3637.97,3639.19,3637.76,3639.03
2025-09-12 08:00:00,3639.03,3639.03,3635.2,3636.58
2025-09-12 08:30:00,3636.59,3636.59,3632.79,3634.64
2025-09-12 09:00:00,3634.64,3634.93,3633.04,3634.5
2025-09-12 09:30:00,3634.5,3634.98,3632.1,3632.1
2025-09-12 10:00:00,3632.1,3632.99,3632.1,3632.11
2025-09-12 10:30:00,3632.11,3635.88,3630.53,3635.01
2025-09-12 11:00:00,3635.02,3639.5,3635.02,3639.45
2025-09-12 11:30:00,3639.5,3642.99,3639.5,3642.15
2025-09-12 12:00:00,3642.06,3648.48,3639.91,3645.99
2025-09-12 12:30:00,3646.0,3646.03,3641.88,3644.38
2025-09-12 13:00:00,3644.47,3647.21,3644.0,3646.6
2025-09-12 13:30:00,3646.59,3648.52,3646.09,3648.52
2025-09-12 14:00:00,3648.52,3651.92,3648.28,3651.92
2025-09-12 14:30:00,3651.92,3653.43,3651.69,3652.99
2025-09-12 15:00:00,3652.99,3655.89,3651.54,3651.54
2025-09-12 15:30:00,3651.5,3653.79,3649.75,3651.46
2025-09-12 16:00:00,3651.21,3651.39,3648.0,3648.51
2025-09-12 16:30:00,3648.5,3649.89,3646.67,3649.32
2025-09-12 17:00:00,3649.57,3653.21,3648.75,3651.18
2025-09-12 17:30:00,3651.01,3651.02,3647.72,3647.78
2025-09-12 18:00:00,3647.78,3650.12,3642.01,3644.34
2025-09-12 18:30:00,3644.33,3645.45,3640.45,3641.0
2025-09-12 19:00:00,3640.99,3645.7,3639.07,3645.7
2025-09-12 19:30:00,3645.7,3647.46,3642.46,3647.46
2025-09-12 20:00:00,3647.46,3651.13,3644.98,3649.97
2025-09-12 20:30:00,3649.97,3650.08,3648.49,3650.07
2025-09-12 21:00:00,3650.06,3650.08,3647.35,3647.47
2025-09-12 21:30:00,3647.47,3647.78,3646.63,3647.76
2025-09-12 22:00:00,3647.76,3647.77,3642.65,3643.32
2025-09-12 22:30:00,3643.35,3646.02,3640.0,3645.91
2025-09-12 23:00:00,3645.91,3648.87,3643.99,3647.38
2025-09-12 23:30:00,3647.37,3650.65,3646.18,3648.47
2025-09-13 00:00:00,3648.48,3652.14,3647.31,3650.88
2025-09-13 00:30:00,3650.88,3651.51,3645.87,3647.33
2025-09-13 01:00:00,3647.23,3647.23,3642.53,3644.21
2025-09-13 01:30:00,3644.22,3647.04,3643.47,3643.47
2025-09-13 02:00:00,3643.47,3645.53,3641.34,3644.77
2025-09-13 02:30:00,3644.77,3647.39,3643.78,3647.39
2025-09-13 03:00:00,3646.9,3648.53,3645.57,3645.99
2025-09-13 03:30:00,3645.99,3648.84,3645.6,3648.77
2025-09-13 04:00:00,3648.87,3648.87,3644.94,3646.38
2025-09-13 04:30:00,3646.38,3646.39,3645.54,3645.97
2025-09-13 05:00:00,3645.97,3645.97,3644.49,3644.63
2025-09-13 05:30:00,3644.63,3644.63,3641.53,3641.54
2025-09-13 06:00:00,3641.54,3642.54,3640.37,3640.38
2025-09-13 06:30:00,3640.38,3642.12,3640.37,3642.08
2025-09-13 07:00:00,3642.08,3643.92,3641.69,3642.99
2025-09-13 07:30:00,3643.0,3643.78,3642.99,3643.78
2025-09-13 08:00:00,3643.78,3646.34,3643.78,3646.33
2025-09-13 08:30:00,3646.33,3646.34,3633.4,3640.73
2025-09-13 09:00:00,3640.73,3643.23,3640.73,3642.53
2025-09-13 09:30:00,3642.53,3642.54,3640.0,3641.99
2025-09-13 10:00:00,3641.99,3642.18,3637.52,3637.99
2025-09-13 10:30:00,3637.98,3640.93,3637.85,3639.89
2025-09-13 11:00:00,3639.89,3639.89,3635.61,3635.61
2025-09-13 11:30:00,3635.6,3635.6,3629.98,3630.86
2025-09-13 12:00:00,3630.87,3635.06,3630.86,3634.43
2025-09-13 12:30:00,3634.43,3634.83,3634.26,3634.58
2025-09-13 13:00:00,3634.59,3635.07,3632.38,3632.78
2025-09-13 13:30:00,3632.79,3635.49,3631.12,3631.15
2025-09-13 14:00:00,3631.13,3633.31,3625.47,3632.4
2025-09-13 14:30:00,3632.39,3632.4,3629.17,3629.18
2025-09-13 15:00:00,3629.17,3633.91,3628.56,3632.03
2025-09-13 15:30:00,3632.04,3634.86,3630.0,3630.78
2025-09-13 16:00:00,3630.78,3634.16,3629.6,3629.6
2025-09-13 16:30:00,3629.6,3633.63,3629.36,3633.63
2025-09-13 17:00:00,3633.62,3636.9,3633.52,3633.88
2025-09-13 17:30:00,3633.88,3637.37,3633.88,3637.37
2025-09-13 18:00:00,3637.43,3637.43,3633.51,3633.52
2025-09-13 18:30:00,3633.51,3636.98,3628.0,3634.12
2025-09-13 19:00:00,3634.12,3634.16,3630.25,3631.93
2025-09-13 19:30:00,3631.93,3635.0,3631.93,3635.0
2025-09-13 20:00:00,3635.0,3635.01,3632.64,3632.65
2025-09-13 20:30:00,3632.64,3636.62,3632.64,3635.44
2025-09-13 21:00:00,3635.44,3635.44,3632.12,3632.93
2025-09-13 21:30:00,3632.94,3638.37,3631.94,3631.95
2025-09-13 22:00:00,3631.95,3633.34,3631.46,3632.52
2025-09-13 22:30:00,3632.53,3635.49,3631.02,3635.1
2025-09-13 23:00:00,3635.1,3635.1,3632.6,3633.34
2025-09-13 23:30:00,3633.34,3633.35,3631.21,3632.77
2025-09-15 07:30:00,3652.38,3652.38,3652.02,3652.03
2025-09-15 08:00:00,3652.02,3652.02,3644.21,3645.65
2025-09-15 08:30:00,3645.77,3647.28,3644.93,3646.64
2025-09-15 09:00:00,3646.64,3647.38,3643.15,3645.26
2025-09-15 09:30:00,3645.26,3646.75,3642.31,3644.54
2025-09-15 10:00:00,3644.54,3650.25,3642.0,3646.31
2025-09-15 10:30:00,3646.27,3646.27,3640.0,3641.14
2025-09-15 11:00:00,3640.95,3641.62,3635.07,3639.93
2025-09-15 11:30:00,3640.02,3643.06,3637.84,3643.06
2025-09-15 12:00:00,3643.06,3651.27,3643.06,3650.74
2025-09-15 12:30:00,3650.54,3653.78,3647.84,3647.98
2025-09-15 13:00:00,3647.98,3651.18,3647.68,3651.12
2025-09-15 13:30:00,3651.13,3653.86,3650.8,3652.65
2025-09-15 14:00:00,3652.74,3653.61,3649.85,3650.83
2025-09-15 14:30:00,3651.06,3651.06,3649.19,3650.92
2025-09-15 15:00:00,3651.01,3651.49,3647.77,3649.17
2025-09-15 15:30:00,3649.5,3649.95,3641.23,3646.58
2025-09-15 16:00:00,3646.58,3646.58,3643.29,3645.26
2025-09-15 16:30:00,3645.01,3646.08,3641.01,3641.01
2025-09-15 17:00:00,3641.01,3642.87,3638.89,3641.84
2025-09-15 17:30:00,3641.83,3652.0,3641.83,3649.32
2025-09-15 18:00:00,3649.32,3650.72,3646.2,3648.65
2025-09-15 18:30:00,3648.65,3651.82,3646.79,3651.47
2025-09-15 19:00:00,3651.47,3654.18,3644.41,3647.09
2025-09-15 19:30:00,3647.09,3649.63,3644.0,3649.3
2025-09-15 20:00:00,3649.31,3653.66,3649.31,3652.36
2025-09-15 20:30:00,3652.45,3652.64,3646.3,3647.6
2025-09-15 21:00:00,3647.61,3653.91,3647.09,3651.8
2025-09-15 21:30:00,3651.8,3653.9,3650.98,3651.81
2025-09-15 22:00:00,3651.82,3651.82,3643.3,3647.35
2025-09-15 22:30:00,3647.36,3659.5,3647.34,3658.38
2025-09-15 23:00:00,3658.47,3662.36,3656.77,3662.09
2025-09-15 23:30:00,3662.09,3670.56,3661.06,3663.8
2025-09-16 00:00:00,3663.99,3668.05,3661.84,3666.67
2025-09-16 00:30:00,3666.67,3672.1,3665.98,3671.23
2025-09-16 01:00:00,3671.24,3678.36,3671.23,3677.16
2025-09-16 01:30:00,3677.19,3688.96,3675.21,3685.98
2025-09-16 02:00:00,3685.99,3691.48,3682.0,3691.19
2025-09-16 02:30:00,3691.18,3692.79,3682.0,3688.36
2025-09-16 03:00:00,3688.36,3691.42,3688.06,3689.82
2025-09-16 03:30:00,3689.82,3692.51,3689.65,3692.04
2025-09-16 04:00:00,3691.63,3692.27,3683.44,3688.03
2025-09-16 04:30:00,3688.03,3688.47,3680.02,3683.85
2025-09-16 05:00:00,3683.86,3686.88,3682.82,3684.85
2025-09-16 05:30:00,3684.85,3687.56,3684.1,3685.95
2025-09-16 06:00:00,3685.74,3689.53,3684.14,3685.01
2025-09-16 06:30:00,3685.01,3686.55,3682.2,3683.47
2025-09-16 07:00:00,3683.47,3683.47,3677.77,3677.77
2025-09-16 07:30:00,3677.77,3684.52,3677.61,3684.41
2025-09-16 08:00:00,3684.41,3684.41,3680.45,3682.22
2025-09-16 08:30:00,3682.28,3684.29,3682.28,3684.21
2025-09-16 09:00:00,3684.17,3687.46,3684.16,3686.24
2025-09-16 09:30:00,3686.25,3686.47,3683.88,3683.89
2025-09-16 10:00:00,3683.88,3689.03,3683.88,3689.03
2025-09-16 10:30:00,3689.2,3694.42,3689.09,3693.64
2025-09-16 11:00:00,3693.64,3695.94,3686.24,3687.85
2025-09-16 11:30:00,3687.85,3690.52,3686.93,3688.45
2025-09-16 12:00:00,3688.46,3690.18,3687.96,3688.88
2025-09-16 12:30:00,3688.88,3689.33,3684.46,3686.29
2025-09-16 13:00:00,3686.3,3691.11,3686.09,3690.07
2025-09-16 13:30:00,3690.07,3691.08,3688.86,3689.87
2025-09-16 14:00:00,3689.87,3692.92,3689.87,3691.66
2025-09-16 14:30:00,3691.48,3693.37,3688.63,3692.06
2025-09-16 15:00:00,3692.05,3692.87,3689.07,3691.72
2025-09-16 15:30:00,3691.72,3692.98,3688.3,3691.92
2025-09-16 16:00:00,3691.91,3697.86,3691.91,3695.95
2025-09-16 16:30:00,3695.95,3704.42,3694.92,3703.07
2025-09-16 17:00:00,3702.98,3705.7,3700.32,3701.81
2025-09-16 17:30:00,3701.81,3704.53,3695.78,3696.38
2025-09-16 18:00:00,3696.37,3705.79,3696.37,3702.6
2025-09-16 18:30:00,3702.6,3704.99,3701.39,3704.75
2025-09-16 19:00:00,3704.76,3707.53,3702.81,3705.77
2025-09-16 19:30:00,3705.77,3705.97,3703.85,3705.82
2025-09-16 20:00:00,3705.83,3706.09,3703.55,3705.8
2025-09-16 20:30:00,3705.89,3706.82,3705.35,3705.35
2025-09-16 21:00:00,3705.35,3705.47,3703.0,3704.25
2025-09-16 21:30:00,3704.24,3710.53,3703.27,3708.85
2025-09-16 22:00:00,3708.85,3708.85,3704.12,3704.19
2025-09-16 22:30:00,3704.19,3705.44,3696.02,3701.68
2025-09-16 23:00:00,3701.69,3704.94,3697.4,3704.94
2025-09-16 23:30:00,3704.94,3709.03,3702.8,3706.2
2025-09-17 00:00:00,3706.2,3712.69,3703.0,3704.01
2025-09-17 00:30:00,3704.18,3707.13,3698.52,3698.53
2025-09-17 01:00:00,3698.53,3700.7,3692.63,3693.54
2025-09-17 01:30:00,3693.54,3696.75,3688.62,3696.25
2025-09-17 02:00:00,3696.26,3699.26,3694.42,3699.1
2025-09-17 02:30:00,3699.1,3700.25,3697.0,3700.24
2025-09-17 03:00:00,3700.24,3700.84,3697.34,3698.68
2025-09-17 03:30:00,3698.69,3700.32,3695.88,3696.84
2025-09-17 04:00:00,3696.81,3697.56,3696.0,3697.28
2025-09-17 04:30:00,3697.7,3698.32,3692.66,3698.31
2025-09-17 05:00:00,3698.31,3698.31,3695.54,3695.54
2025-09-17 05:30:00,3695.48,3696.52,3695.0,3695.01
2025-09-17 06:00:00,3695.0,3700.16,3695.0,3699.36
2025-09-17 06:30:00,3699.36,3699.81,3696.77,3696.78
2025-09-17 07:00:00,3696.78,3698.79,3695.54,3698.79
2025-09-17 07:30:00,3698.69,3699.1,3695.86,3699.06
2025-09-17 08:00:00,3699.06,3700.75,3698.28,3700.08
2025-09-17 08:30:00,3700.08,3703.06,3700.08,3700.33
2025-09-17 09:00:00,3700.19,3705.24,3700.18,3704.21
2025-09-17 09:30:00,3704.21,3705.4,3703.76,3705.04
2025-09-17 10:00:00,3705.05,3705.31,3702.32,3702.46
2025-09-17 10:30:00,3702.45,3702.83,3700.7,3700.7
2025-09-17 11:00:00,3700.71,3700.71,3696.25,3696.3
2025-09-17 11:30:00,3696.3,3696.3,3688.91,3690.92
2025-09-17 12:00:00,3691.31,3691.65,3688.72,3688.85
2025-09-17 12:30:00,3688.73,3693.73,3684.66,3692.26
2025-09-17 13:00:00,3692.25,3692.69,3689.2,3690.0
2025-09-17 13:30:00,3690.0,3691.55,3689.73,3690.21
2025-09-17 14:00:00,3690.21,3691.23,3688.68,3688.68
2025-09-17 14:30:00,3688.67,3689.46,3688.08,3688.44
2025-09-17 15:00:00,3688.44,3693.24,3687.98,3688.01
2025-09-17 15:30:00,3688.66,3692.42,3686.21,3689.38
2025-09-17 16:00:00,3689.57,3690.09,3686.14,3686.58
2025-09-17 16:30:00,3686.51,3687.07,3682.75,3685.84
2025-09-17 17:00:00,3686.47,3687.68,3679.39,3679.68
2025-09-17 17:30:00,3679.67,3682.11,3677.71,3678.83
2025-09-17 18:00:00,3678.83,3678.83,3674.09,3676.91
2025-09-17 18:30:00,3676.77,3678.16,3673.05,3675.1
2025-09-17 19:00:00,3675.0,3685.6,3674.28,3680.35
2025-09-17 19:30:00,3680.34,3681.62,3678.0,3680.19
2025-09-17 20:00:00,3680.0,3681.35,3674.09,3677.84
2025-09-17 20:30:00,3677.84,3678.69,3673.35,3674.36
2025-09-17 21:00:00,3674.46,3679.82,3671.58,3678.74
2025-09-17 21:30:00,3678.92,3681.45,3677.11,3678.14
2025-09-17 22:00:00,3678.14,3683.97,3678.14,3683.02
2025-09-17 22:30:00,3683.03,3690.69,3683.02,3690.69
2025-09-17 23:00:00,3690.68,3690.69,3686.16,3688.06
2025-09-17 23:30:00,3688.34,3693.61,3688.34,3689.37
2025-09-18 00:00:00,3689.37,3695.77,3688.67,3693.15
2025-09-18 00:30:00,3693.16,3695.9,3692.56,3694.66
2025-09-18 01:00:00,3694.66,3697.47,3694.34,3694.41
2025-09-18 01:30:00,3694.42,3696.18,3691.65,3693.54
2025-09-18 02:00:00,3693.54,3698.17,3693.54,3697.85
2025-09-18 02:30:00,3697.85,3697.85,3693.28,3693.55
2025-09-18 03:00:00,3693.55,3693.84,3687.2,3691.13
2025-09-18 03:30:00,3691.14,3695.64,3690.74,3694.87
2025-09-18 04:00:00,3694.87,3708.49,3671.74,3687.18
2025-09-18 04:30:00,3687.18,3687.85,3657.59,3663.02
2025-09-18 05:00:00,3663.25,3673.77,3659.84,3671.66
2025-09-18 05:30:00,3671.5,3671.5,3660.0,3666.3
2025-09-18 06:00:00,3666.3,3666.37,3661.67,3663.6
2025-09-18 06:30:00,3663.83,3665.04,3662.77,3664.37
2025-09-18 07:00:00,3664.38,3669.94,3662.53,3666.72
2025-09-18 07:30:00,3666.67,3666.67,3661.8,3662.58
2025-09-18 08:00:00,3662.58,3668.56,3660.1,3668.15
2025-09-18 08:30:00,3668.14,3668.14,3664.04,3665.75
2025-09-18 09:00:00,3665.74,3674.27,3665.34,3673.54
2025-09-18 09:30:00,3673.79,3673.99,3669.86,3671.86
2025-09-18 10:00:00,3671.86,3671.87,3665.0,3665.01
2025-09-18 10:30:00,3665.0,3669.38,3661.91,3668.89
2025-09-18 11:00:00,3668.88,3671.85,3659.3,3660.19
2025-09-18 11:30:00,3660.0,3662.01,3657.72,3660.77
2025-09-18 12:00:00,3660.77,3665.51,3659.34,3664.99
2025-09-18 12:30:00,3664.99,3669.23,3662.95,3667.83
2025-09-18 13:00:00,3667.82,3668.46,3661.83,3663.77
2025-09-18 13:30:00,3663.78,3664.42,3662.01,3662.88
2025-09-18 14:00:00,3662.88,3663.7,3660.0,3663.13
2025-09-18 14:30:00,3663.14,3663.71,3659.3,3659.3
2025-09-18 15:00:00,3659.3,3664.42,3656.43,3661.51
2025-09-18 15:30:00,3661.5,3662.0,3655.03,3655.23
2025-09-18 16:00:00,3655.22,3655.23,3639.54,3643.08
2025-09-18 16:30:00,3643.09,3644.54,3639.5,3641.01
2025-09-18 17:00:00,3641.01,3650.0,3639.64,3649.59
2025-09-18 17:30:00,3649.54,3666.71,3649.04,3659.04
2025-09-18 18:00:00,3658.87,3660.17,3651.07,3655.31
2025-09-18 18:30:00,3655.67,3664.9,3653.82,3664.9
2025-09-18 19:00:00,3664.89,3670.68,3664.7,3670.5
2025-09-18 19:30:00,3670.5,3671.25,3663.71,3669.84
2025-09-18 20:00:00,3669.84,3670.0,3664.01,3667.3
2025-09-18 20:30:00,3667.3,3668.07,3665.44,3666.61
2025-09-18 21:00:00,3666.53,3670.4,3665.58,3665.58
2025-09-18 21:30:00,3665.47,3669.24,3664.15,3668.9
2025-09-18 22:00:00,3668.91,3674.14,3668.91,3672.76
2025-09-18 22:30:00,3672.76,3672.76,3666.11,3666.11
2025-09-18 23:00:00,3665.95,3666.4,3659.03,3659.35
2025-09-18 23:30:00,3659.34,3659.71,3638.08,3650.64
2025-09-19 00:00:00,3650.69,3654.35,3640.01,3643.27
2025-09-19 00:30:00,3643.27,3653.21,3643.24,3645.0
2025-09-19 01:00:00,3644.99,3648.13,3640.58,3643.94
2025-09-19 01:30:00,3643.94,3645.99,3643.23,3645.75
2025-09-19 02:00:00,3645.76,3649.09,3645.7,3648.0
2025-09-19 02:30:00,3648.01,3651.71,3648.0,3650.35
2025-09-19 03:00:00,3650.35,3651.53,3648.48,3648.49
2025-09-19 03:30:00,3648.49,3648.96,3645.65,3646.53
2025-09-19 04:00:00,3646.53,3646.53,3644.04,3645.59
2025-09-19 04:30:00,3645.59,3647.76,3645.49,3647.1
2025-09-19 05:00:00,3647.1,3647.81,3645.66,3646.07
2025-09-19 05:30:00,3646.22,3650.24,3646.22,3650.23
2025-09-19 06:00:00,3650.23,3650.31,3645.69995,3649.89
2025-09-19 06:30:00,3649.88,3649.88,3647.07,3647.61
2025-09-19 07:00:00,3647.62,3647.62,3646.0,3647.42
2025-09-19 07:30:00,3647.43,3648.89,3647.42,3648.88
2025-09-19 08:00:00,3648.88,3649.55,3646.06,3646.14
2025-09-19 08:30:00,3646.15,3647.12,3644.5,3644.5
2025-09-19 09:00:00,3644.5,3646.65,3644.08,3644.1
2025-09-19 09:30:00,3644.09,3645.57,3643.2,3645.24
2025-09-19 10:00:00,3645.24,3647.94,3644.43,3644.51
2025-09-19 10:30:00,3644.52,3648.09,3643.56,3646.93
2025-09-19 11:00:00,3646.84,3653.86,3646.84,3650.96
2025-09-19 11:30:00,3650.96,3650.97,3641.01,3644.73
2025-09-19 12:00:00,3644.77,3650.01,3644.37,3648.99
2025-09-19 12:30:00,3649.45,3651.09,3648.11,3650.0
2025-09-19 13:00:00,3649.99,3654.89,3648.54,3654.88
2025-09-19 13:30:00,3654.88,3658.94,3654.88,3657.46
2025-09-19 14:00:00,3657.52,3665.46,3657.52,3664.01
2025-09-19 14:30:00,3664.01,3664.74,3658.61,3661.22
2025-09-19 15:00:00,3661.12,3689.99,3661.12,3663.33
2025-09-19 15:30:00,3663.34,3663.89,3657.51,3658.35
2025-09-19 16:00:00,3658.34,3660.08,3653.99,3657.3
2025-09-19 16:30:00,3657.0,3657.37,3650.72,3652.82
2025-09-19 17:00:00,3652.82,3658.7,3650.27,3658.54
2025-09-19 17:30:00,3658.21,3661.0,3656.35,3659.06
2025-09-19 18:00:00,3658.93,3661.86,3655.78,3657.82
2025-09-19 18:30:00,3657.77,3661.49,3657.77,3660.88
2025-09-19 19:00:00,3660.94,3665.14,3660.94,3663.13
2025-09-19 19:30:00,3663.13,3665.37,3662.57,3665.37
2025-09-19 20:00:00,3665.38,3666.25,3663.85,3664.48
2025-09-19 20:30:00,3664.46,3664.46,3661.47,3661.7
2025-09-19 21:00:00,3661.84,3662.11,3657.69,3657.78
2025-09-19 21:30:00,3657.78,3658.1,3653.76,3655.05
2025-09-19 22:00:00,3655.05,3659.97,3654.75,3656.27
2025-09-19 22:30:00,3656.71,3658.1,3653.63,3657.95
2025-09-19 23:00:00,3657.67,3661.0,3652.75,3660.78
2025-09-19 23:30:00,3660.78,3665.28,3660.01,3665.27
2025-09-20 00:00:00,3665.28,3665.67,3657.96,3665.56
2025-09-20 00:30:00,3665.52,3672.93,3664.61,3670.0
2025-09-20 01:00:00,3670.0,3677.29,3669.45,3674.06
2025-09-20 01:30:00,3674.1,3675.4,3671.11,3675.29
2025-09-20 02:00:00,3675.3,3682.99,3672.0,3672.76
2025-09-20 02:30:00,3672.77,3675.58,3672.77,3673.87
2025-09-20 03:00:00,3673.88,3677.62,3673.87,3677.41
2025-09-20 03:30:00,3677.42,3682.54,3677.36,3681.83
2025-09-20 04:00:00,3681.83,3684.84,3681.82,3683.52
2025-09-20 04:30:00,3683.52,3685.0,3683.42,3685.0
2025-09-20 05:00:00,3685.0,3685.57,3683.09,3684.75
2025-09-20 05:30:00,3684.75,3687.51,3682.54,3685.8
2025-09-20 06:00:00,3685.51,3685.51,3681.17,3684.49
2025-09-20 06:30:00,3684.49,3690.09,3684.48,3688.92
2025-09-20 07:00:00,3688.92,3691.07,3684.46,3688.56
2025-09-20 07:30:00,3688.56,3690.45,3688.27,3689.7
2025-09-20 08:00:00,3689.95,3690.06,3687.9,3688.33
2025-09-20 08:30:00,3688.33,3691.6,3686.81,3691.59
2025-09-20 09:00:00,3691.59,3692.88,3691.47,3691.48
2025-09-20 09:30:00,3691.48,3691.48,3686.67,3690.16
2025-09-20 10:00:00,3690.16,3692.99,3690.16,3692.99
2025-09-20 10:30:00,3692.99,3693.0,3691.41,3692.56
2025-09-20 11:00:00,3692.56,3693.04,3691.69,3692.83
2025-09-20 11:30:00,3692.83,3692.84,3687.15,3687.28
2025-09-20 12:00:00,3687.28,3687.63,3683.66,3684.85
2025-09-20 12:30:00,3684.85,3684.85,3683.4,3683.42
2025-09-20 13:00:00,3683.41,3689.63,3683.41,3689.62
2025-09-20 13:30:00,3689.62,3690.66,3688.28,3689.93
2025-09-20 14:00:00,3689.94,3692.33,3689.55,3689.56
2025-09-20 14:30:00,3689.55,3689.56,3687.03,3687.49
2025-09-20 15:00:00,3687.54,3688.27,3685.63,3686.9
2025-09-20 15:30:00,3686.9,3686.9,3683.34,3685.28
2025-09-20 16:00:00,3685.29,3688.61,3685.29,3688.61
2025-09-20 16:30:00,3688.81,3688.94,3687.9,3688.88
2025-09-20 17:00:00,3688.87,3688.88,3684.18,3685.7
2025-09-20 17:30:00,3685.7,3686.09,3683.46,3685.89
2025-09-20 18:00:00,3685.9,3685.9,3684.64,3685.14
2025-09-20 18:30:00,3685.14,3688.18,3684.39,3687.78
2025-09-20 19:00:00,3687.79,3690.88,3687.79,3690.87
2025-09-20 19:30:00,3690.77,3690.78,3687.44,3687.44
2025-09-20 20:00:00,3687.44,3690.05,3687.44,3689.59
2025-09-20 20:30:00,3689.6,3689.6,3684.0,3684.6
2025-09-20 21:00:00,3684.8,3689.15,3684.79,3688.16
2025-09-20 21:30:00,3688.15,3688.75,3686.6,3688.72
2025-09-20 22:00:00,3688.71,3688.72,3686.6,3687.34
2025-09-20 22:30:00,3687.69,3689.0,3686.14,3688.99
2025-09-20 23:00:00,3688.99,3691.96,3687.03,3690.12
2025-09-20 23:30:00,3690.23,3691.71,3689.81,3691.44
2025-09-22 07:30:00,3689.63,3689.72,3689.63,3689.72
2025-09-22 08:00:00,3689.72,3693.0,3686.83,3692.99
2025-09-22 08:30:00,3693.0,3695.34,3691.76,3691.81
2025-09-22 09:00:00,3691.8,3693.8,3689.93,3693.54
2025-09-22 09:30:00,3693.54,3694.82,3690.71,3691.63
2025-09-22 10:00:00,3691.59,3695.87,3691.28,3695.2
2025-09-22 10:30:00,3695.21,3696.72,3691.79,3695.18
2025-09-22 11:00:00,3695.18,3700.0,3693.19,3695.48
2025-09-22 11:30:00,3695.46,3696.73,3692.0,3693.71
2025-09-22 12:00:00,3693.71,3697.14,3693.0,3696.29
2025-09-22 12:30:00,3696.3,3697.79,3690.01,3690.12
2025-09-22 13:00:00,3690.01,3695.99,3690.0,3694.74
2025-09-22 13:30:00,3694.75,3698.93,3693.29,3696.49
2025-09-22 14:00:00,3696.63,3696.88,3694.15,3694.32
2025-09-22 14:30:00,3694.33,3695.38,3693.97,3695.29
2025-09-22 15:00:00,3695.29,3701.63,3693.0,3700.55
2025-09-22 15:30:00,3700.55,3705.0,3700.44,3703.02
2025-09-22 16:00:00,3703.02,3711.3,3699.75,3711.3
2025-09-22 16:30:00,3711.31,3723.4,3710.42,3719.72
2025-09-22 17:00:00,3719.74,3720.37,3714.01,3719.1
2025-09-22 17:30:00,3718.96,3734.0,3718.95,3720.56
2025-09-22 18:00:00,3720.55,3727.25,3719.99,3725.45
2025-09-22 18:30:00,3725.45,3727.89,3725.28,3725.79
2025-09-22 19:00:00,3725.79,3733.99,3725.3,3733.0
2025-09-22 19:30:00,3733.01,3733.01,3728.35,3731.1
2025-09-22 20:00:00,3731.14,3734.63,3730.7,3734.31
2025-09-22 20:30:00,3734.31,3738.99,3731.95,3738.7
2025-09-22 21:00:00,3738.71,3742.62,3736.98,3737.9
2025-09-22 21:30:00,3737.89,3739.42,3730.7,3733.88
2025-09-22 22:00:00,3733.88,3735.2,3724.06,3725.71
2025-09-22 22:30:00,3725.71,3733.24,3724.17,3728.95
2025-09-22 23:00:00,3728.96,3733.0,3727.25,3728.85
2025-09-22 23:30:00,3728.85,3730.02,3722.34,3728.37
2025-09-23 00:00:00,3728.37,3733.32,3725.93,3729.39
2025-09-23 00:30:00,3729.57,3734.52,3726.69,3733.42
2025-09-23 01:00:00,3733.41,3740.0,3732.46,3740.0
2025-09-23 01:30:00,3740.0,3747.68,3739.99,3746.56
2025-09-23 02:00:00,3746.57,3746.93,3742.04,3744.2
2025-09-23 02:30:00,3744.2,3746.6,3742.08,3743.15
2025-09-23 03:00:00,3743.16,3748.61,3743.15,3747.32
2025-09-23 03:30:00,3747.33,3753.88,3747.33,3753.39
2025-09-23 04:00:00,3753.38,3753.39,3749.29,3751.65
2025-09-23 04:30:00,3751.65,3758.83,3750.04,3757.7
2025-09-23 05:00:00,3757.7,3759.29,3752.63,3752.82
2025-09-23 05:30:00,3753.03,3757.6,3751.74,3757.36
2025-09-23 06:00:00,3757.52,3760.77,3755.8,3759.79
2025-09-23 06:30:00,3759.79,3762.62,3759.16,3760.41
2025-09-23 07:00:00,3760.42,3761.89,3760.05,3761.44
2025-09-23 07:30:00,3761.45,3766.4,3761.44,3764.83
2025-09-23 08:00:00,3764.84,3764.84,3755.95,3756.01
2025-09-23 08:30:00,3756.02,3757.55,3750.64,3750.7
2025-09-23 09:00:00,3750.71,3758.17,3750.55,3756.11
2025-09-23 09:30:00,3756.11,3758.55,3754.87,3757.71
2025-09-23 10:00:00,3757.74,3760.78,3757.21,3759.89
2025-09-23 10:30:00,3759.89,3760.92,3756.59,3759.23
2025-09-23 11:00:00,3759.22,3771.0,3757.26,3761.8
2025-09-23 11:30:00,3761.79,3769.2,3759.45,3763.74
2025-09-23 12:00:00,3763.74,3764.63,3749.5,3752.09
2025-09-23 12:30:00,3752.01,3753.57,3748.89,3751.02
2025-09-23 13:00:00,3751.02,3754.03,3749.22,3753.4
2025-09-23 13:30:00,3753.48,3757.95,3752.6,3756.33
2025-09-23 14:00:00,3756.33,3758.13,3752.14,3753.0
2025-09-23 14:30:00,3753.0,3754.8,3752.47,3753.05
2025-09-23 15:00:00,3753.04,3757.38,3753.04,3757.19
2025-09-23 15:30:00,3757.19,3768.17,3757.19,3763.04
2025-09-23 16:00:00,3763.05,3767.22,3761.49,3765.77
2025-09-23 16:30:00,3765.76,3765.76,3763.0,3763.82
2025-09-23 17:00:00,3763.82,3763.82,3759.09,3762.66
2025-09-23 17:30:00,3762.66,3765.0,3761.46,3761.56
2025-09-23 18:00:00,3761.57,3764.81,3761.57,3764.79
2025-09-23 18:30:00,3764.78,3787.92,3764.78,3783.75
2025-09-23 19:00:00,3783.74,3800.0,3783.74,3797.51
2025-09-23 19:30:00,3797.51,3798.01,3787.72,3797.06
2025-09-23 20:00:00,3797.07,3800.0,3792.99,3793.0
2025-09-23 20:30:00,3793.0,3796.14,3790.44,3792.56
2025-09-23 21:00:00,3792.33,3797.69,3790.4,3796.82
2025-09-23 21:30:00,3796.83,3796.83,3790.09,3792.28
2025-09-23 22:00:00,3791.66,3792.34,3784.44,3788.31
2025-09-23 22:30:00,3788.33,3795.13,3787.05,3793.07
2025-09-23 23:00:00,3793.07,3795.27,3788.4,3790.9
2025-09-23 23:30:00,3790.97,3794.81,3780.36,3789.75
2025-09-24 00:00:00,3789.87,3790.3,3773.0,3776.66
2025-09-24 00:30:00,3776.81,3780.86,3775.61,3779.9
2025-09-24 01:00:00,3779.91,3789.49,3779.81,3788.83
2025-09-24 01:30:00,3789.0,3791.48,3780.99,3785.14
2025-09-24 02:00:00,3785.57,3787.2,3778.57,3780.64
2025-09-24 02:30:00,3780.65,3788.34,3772.45,3785.28
2025-09-24 03:00:00,3785.29,3791.89,3784.88,3788.48
2025-09-24 03:30:00,3788.47,3789.31,3782.07,3783.73
2025-09-24 04:00:00,3783.74,3788.47,3783.27,3787.18
2025-09-24 04:30:00,3787.17,3788.86,3767.8,3767.8
2025-09-24 05:00:00,3767.81,3774.92,3763.57,3769.99
2025-09-24 05:30:00,3769.99,3780.51,3769.99,3777.42
2025-09-24 06:00:00,3777.41,3778.86,3774.75,3777.72
2025-09-24 06:30:00,3777.73,3778.8,3774.51,3777.03
2025-09-24 07:00:00,3777.11,3778.02,3774.71,3776.95
2025-09-24 07:30:00,3776.95,3778.37,3774.19,3777.65
2025-09-24 08:00:00,3777.64,3777.81,3773.36,3773.36
2025-09-24 08:30:00,3773.37,3777.82,3773.36,3774.78
2025-09-24 09:00:00,3774.77,3781.74,3774.21,3780.84
2025-09-24 09:30:00,3780.84,3780.85,3772.0,3774.33
2025-09-24 10:00:00,3774.34,3776.31,3768.66,3773.28
2025-09-24 10:30:00,3773.29,3774.68,3771.82,3773.37
2025-09-24 11:00:00,3773.37,3779.69,3768.18,3768.18
2025-09-24 11:30:00,3768.19,3769.83,3764.35,3766.06
2025-09-24 12:00:00,3766.06,3766.06,3760.57,3760.6
2025-09-24 12:30:00,3760.6,3768.05,3759.0,3765.83
2025-09-24 13:00:00,3765.84,3771.38,3761.04,3771.15
2025-09-24 13:30:00,3771.15,3783.84,3770.6,3777.79
2025-09-24 14:00:00,3777.79,3779.79,3772.34,3775.83
2025-09-24 14:30:00,3775.83,3779.33,3775.82,3778.72
2025-09-24 15:00:00,3778.72,3784.68,3778.72,3783.56
2025-09-24 15:30:00,3783.57,3787.79,3775.31,3785.3
2025-09-24 16:00:00,3785.3,3786.36,3783.23,3783.24
2025-09-24 16:30:00,3783.23,3784.5,3783.23,3783.59
2025-09-24 17:00:00,3783.59,3785.83,3783.23,3783.48
2025-09-24 17:30:00,3783.47,3788.79,3783.47,3786.2
2025-09-24 18:00:00,3786.31,3786.72,3780.43,3780.56
2025-09-24 18:30:00,3780.43,3780.62,3778.0,3778.87
2025-09-24 19:00:00,3778.88,3778.99,3776.02,3776.26
2025-09-24 19:30:00,3776.26,3777.2,3770.0,3774.03
2025-09-24 20:00:00,3774.02,3774.19,3767.76,3770.62
2025-09-24 20:30:00,3770.62,3771.99,3767.3,3769.82
2025-09-24 21:00:00,3769.83,3772.42,3768.24,3771.48
2025-09-24 21:30:00,3771.47,3776.37,3770.72,3776.1
2025-09-24 22:00:00,3776.1,3779.24,3773.92,3776.33
2025-09-24 22:30:00,3776.33,3779.03,3774.36,3777.84
2025-09-24 23:00:00,3777.83,3780.0,3776.53,3776.53
2025-09-24 23:30:00,3776.27,3776.52,3766.14,3769.48
2025-09-25 00:00:00,3769.16,3771.45,3762.52,3766.58
2025-09-25 00:30:00,3766.66,3767.02,3756.3,3760.12
2025-09-25 01:00:00,3760.14,3763.14,3758.0,3758.01
2025-09-25 01:30:00,3758.01,3758.97,3746.9,3746.98
2025-09-25 02:00:00,3747.29,3751.9,3743.48,3747.34
2025-09-25 02:30:00,3747.35,3748.27,3737.82,3740.33
2025-09-25 03:00:00,3740.23,3742.12,3738.07,3738.95
2025-09-25 03:30:00,3738.68,3739.55,3737.79,3738.44
2025-09-25 04:00:00,3738.44,3738.44,3729.46,3732.68
2025-09-25 04:30:00,3732.67,3738.32,3731.01,3731.16
2025-09-25 05:00:00,3731.15,3731.15,3720.78,3726.06
2025-09-25 05:30:00,3726.13,3743.0,3726.13,3740.47
2025-09-25 06:00:00,3740.47,3743.33,3740.03,3741.47
2025-09-25 06:30:00,3741.47,3754.36,3739.35,3747.29
2025-09-25 07:00:00,3747.29,3748.82,3745.72,3748.78
2025-09-25 07:30:00,3748.78,3748.82,3746.18,3746.7
2025-09-25 08:00:00,3746.7,3755.35,3745.75,3754.75
2025-09-25 08:30:00,3754.75,3754.75,3749.69,3750.49
2025-09-25 09:00:00,3750.49,3751.44,3748.32,3750.63
2025-09-25 09:30:00,3750.72,3757.19,3749.22,3754.88
2025-09-25 10:00:00,3754.88,3760.76,3753.52,3760.15
2025-09-25 10:30:00,3760.16,3761.0,3757.18,3759.19
2025-09-25 11:00:00,3759.2,3760.35,3740.74,3749.3
2025-09-25 11:30:00,3749.3,3753.04,3739.0,3741.02
2025-09-25 12:00:00,3741.02,3741.02,3735.0,3740.97
2025-09-25 12:30:00,3741.27,3748.7,3741.27,3744.52
2025-09-25 13:00:00,3744.52,3744.52,3739.09,3741.05
2025-09-25 13:30:00,3741.04,3744.52,3740.95,3744.0
2025-09-25 14:00:00,3744.01,3744.01,3738.69,3741.16
2025-09-25 14:30:00,3741.16,3748.0,3740.73,3746.57
2025-09-25 15:00:00,3746.17,3747.14,3743.35,3745.45
2025-09-25 15:30:00,3745.46,3750.38,3745.45,3749.19
2025-09-25 16:00:00,3749.19,3755.0,3748.9,3754.49
2025-09-25 16:30:00,3754.49,3755.0,3750.62,3752.05
2025-09-25 17:00:00,3752.04,3755.92,3750.9,3755.56
2025-09-25 17:30:00,3755.56,3764.15,3753.75,3762.22
2025-09-25 18:00:00,3762.21,3773.55,3762.05,3766.22
2025-09-25 18:30:00,3766.21,3767.04,3756.0,3763.67
2025-09-25 19:00:00,3763.56,3763.58,3757.2,3757.2
2025-09-25 19:30:00,3757.2,3766.68,3756.83,3760.84
2025-09-25 20:00:00,3761.02,3765.14,3760.77,3761.45
2025-09-25 20:30:00,3761.46,3765.48,3761.29,3761.89
2025-09-25 21:00:00,3761.89,3761.9,3747.52,3756.3
2025-09-25 21:30:00,3756.29,3761.44,3755.33,3761.44
2025-09-25 22:00:00,3761.52,3765.07,3757.2,3762.83
2025-09-25 22:30:00,3762.83,3762.83,3739.96,3747.7
2025-09-25 23:00:00,3747.71,3754.3,3742.67,3751.34
2025-09-25 23:30:00,3751.8,3752.0,3730.0,3742.5
2025-09-26 00:00:00,3742.5,3744.6,3732.42,3741.55
2025-09-26 00:30:00,3741.54,3741.54,3732.34,3739.21
2025-09-26 01:00:00,3739.2,3745.36,3735.91,3738.56
2025-09-26 01:30:00,3738.57,3744.28,3737.06,3741.69
2025-09-26 02:00:00,3741.69,3747.0,3740.57,3742.71
2025-09-26 02:30:00,3742.71,3743.59,3737.88,3739.48
2025-09-26 03:00:00,3739.48,3746.64,3738.68,3744.59
2025-09-26 03:30:00,3744.6,3753.34,3743.71,3747.06
2025-09-26 04:00:00,3747.05,3756.07,3743.82,3756.06
2025-09-26 04:30:00,3756.07,3765.05,3754.38,3762.27
2025-09-26 05:00:00,3762.27,3763.27,3757.34,3758.04
2025-09-26 05:30:00,3758.03,3758.03,3751.03,3753.19
2025-09-26 06:00:00,3753.19,3758.76,3753.19,3757.69
2025-09-26 06:30:00,3757.7,3760.0,3757.67,3757.69
2025-09-26 07:00:00,3757.68,3764.08,3757.41,3762.17
2025-09-26 07:30:00,3762.18,3762.18,3759.65,3760.88
2025-09-26 08:00:00,3760.87,3760.88,3755.06,3758.05
2025-09-26 08:30:00,3758.05,3759.5,3757.74,3757.75
2025-09-26 09:00:00,3757.74,3759.32,3748.28,3753.02
2025-09-26 09:30:00,3753.03,3754.01,3748.73,3753.29
2025-09-26 10:00:00,3753.29,3757.48,3748.35,3749.87
2025-09-26 10:30:00,3749.87,3756.82,3749.87,3756.65
2025-09-26 11:00:00,3756.66,3759.99,3747.9,3750.03
2025-09-26 11:30:00,3750.03,3752.45,3746.25,3746.98
2025-09-26 12:00:00,3746.98,3749.01,3744.75,3747.37
2025-09-26 12:30:00,3747.38,3749.41,3745.14,3745.46
2025-09-26 13:00:00,3745.45,3747.79,3742.04,3747.79
2025-09-26 13:30:00,3747.79,3751.75,3747.79,3751.61
2025-09-26 14:00:00,3751.62,3753.48,3750.77,3751.3
2025-09-26 14:30:00,3751.31,3754.01,3751.22,3753.19
2025-09-26 15:00:00,3753.19,3753.93,3752.58,3753.33
2025-09-26 15:30:00,3753.34,3755.8,3747.14,3747.61
2025-09-26 16:00:00,3747.6,3759.48,3746.27,3757.83
2025-09-26 16:30:00,3757.83,3758.74,3748.28,3748.48
2025-09-26 17:00:00,3748.48,3751.1,3745.69,3751.09
2025-09-26 17:30:00,3751.09,3755.16,3751.09,3754.29
2025-09-26 18:00:00,3754.18,3757.62,3753.47,3756.98
2025-09-26 18:30:00,3756.97,3760.06,3755.18,3759.11
2025-09-26 19:00:00,3759.11,3761.1,3755.34,3755.34
2025-09-26 19:30:00,3755.35,3758.25,3754.55,3758.25
2025-09-26 20:00:00,3758.26,3761.98,3755.75,3755.8
2025-09-26 20:30:00,3755.8,3755.86,3749.23,3750.97
2025-09-26 21:00:00,3751.06,3757.57,3746.07,3757.57
2025-09-26 21:30:00,3757.62,3760.82,3757.17,3757.71
2025-09-26 22:00:00,3757.71,3760.1,3753.76,3756.95
2025-09-26 22:30:00,3756.99,3763.96,3755.12,3760.48
2025-09-26 23:00:00,3760.48,3775.06,3760.28,3767.48
2025-09-26 23:30:00,3767.49,3772.7,3762.64,3772.09
2025-09-27 00:00:00,3772.08,3790.0,3772.08,3785.54
2025-09-27 00:30:00,3785.54,3790.03,3780.45,3788.54
2025-09-27 01:00:00,3788.54,3793.12,3783.23,3787.07
2025-09-27 01:30:00,3787.07,3788.35,3783.93,3788.0
2025-09-27 02:00:00,3788.01,3788.14,3777.94,3779.49
2025-09-27 02:30:00,3779.61,3784.51,3779.49,3780.12
2025-09-27 03:00:00,3780.13,3786.96,3780.13,3786.53
2025-09-27 03:30:00,3786.53,3790.55,3786.51,3789.8
2025-09-27 04:00:00,3789.8,3799.0,3784.34,3786.43
2025-09-27 04:30:00,3786.44,3788.13,3785.0,3785.84
2025-09-27 05:00:00,3785.84,3785.84,3782.16,3782.42
2025-09-27 05:30:00,3782.42,3782.43,3775.11,3775.91
2025-09-27 06:00:00,3776.21,3779.24,3775.11,3775.63
2025-09-27 06:30:00,3775.63,3776.38,3771.5,3771.5
2025-09-27 07:00:00,3771.51,3774.85,3771.5,3774.5
2025-09-27 07:30:00,3774.5,3777.19,3774.21,3776.31
2025-09-27 08:00:00,3776.31,3777.77,3775.58,3777.77
2025-09-27 08:30:00,3777.78,3780.14,3777.11,3780.14
2025-09-27 09:00:00,3780.13,3780.13,3774.31,3774.67
2025-09-27 09:30:00,3774.66,3778.33,3764.5,3772.99
2025-09-27 10:00:00,3773.0,3773.0,3768.56,3771.9
2025-09-27 10:30:00,3771.89,3773.7,3769.25,3773.6
2025-09-27 11:00:00,3773.6,3775.39,3772.31,3774.37
2025-09-27 11:30:00,3774.36,3776.82,3773.41,3775.46
2025-09-27 12:00:00,3775.4,3777.27,3775.39,3776.45
2025-09-27 12:30:00,3776.45,3776.8,3776.27,3776.34
2025-09-27 13:00:00,3776.34,3777.42,3775.45,3775.45
2025-09-27 13:30:00,3775.45,3777.43,3774.33,3776.27
2025-09-27 14:00:00,3776.27,3779.22,3775.88,3775.88
2025-09-27 14:30:00,3775.88,3775.89,3772.32,3773.51
2025-09-27 15:00:00,3773.52,3773.56,3772.71,3773.04
2025-09-27 15:30:00,3773.04,3773.6,3770.81,3772.5
2025-09-27 16:00:00,3772.51,3772.55,3771.84,3772.16
2025-09-27 16:30:00,3772.15,3774.61,3772.14,3774.6
2025-09-27 17:00:00,3774.61,3774.74,3773.13,3773.74
2025-09-27 17:30:00,3773.74,3773.99,3772.56,3773.99
2025-09-27 18:00:00,3773.99,3778.44,3773.99,3778.44
2025-09-27 18:30:00,3778.44,3780.24,3777.77,3778.58
2025-09-27 19:00:00,3778.57,3778.58,3776.05,3776.05
2025-09-27 19:30:00,3776.05,3776.27,3773.37,3773.38
2025-09-27 20:00:00,3773.38,3777.29,3773.21,3777.29
2025-09-27 20:30:00,3777.29,3779.03,3773.7,3778.14
2025-09-27 21:00:00,3778.13,3780.21,3775.44,3775.57
2025-09-27 21:30:00,3775.56,3776.15,3774.32,3775.97
2025-09-27 22:00:00,3775.96,3775.96,3774.97,3775.57
2025-09-27 22:30:00,3775.57,3783.79,3773.56,3783.71
2025-09-27 23:00:00,3783.72,3783.72,3777.54,3781.72
2025-09-27 23:30:00,3781.86,3784.69,3781.32,3783.35
2025-09-29 07:30:00,3770.0,3770.0,3769.8,3769.8
2025-09-29 08:00:00,3769.8,3779.0,3768.57,3776.54
2025-09-29 08:30:00,3776.53,3778.36,3770.0,3776.36
2025-09-29 09:00:00,3776.37,3777.41,3773.8,3776.39
2025-09-29 09:30:00,3776.39,3779.0,3775.98,3775.98
2025-09-29 10:00:00,3775.99,3785.53,3773.21,3785.53
2025-09-29 10:30:00,3785.53,3795.07,3784.98,3794.42
2025-09-29 11:00:00,3794.43,3795.84,3776.11,3782.25
2025-09-29 11:30:00,3782.25,3786.25,3779.41,3786.01
2025-09-29 12:00:00,3785.92,3803.28,3784.34,3800.54
2025-09-29 12:30:00,3800.54,3802.83,3796.98,3801.28
2025-09-29 13:00:00,3801.28,3805.29,3800.7,3801.14
2025-09-29 13:30:00,3801.15,3809.74,3801.15,3804.66
2025-09-29 14:00:00,3804.66,3805.87,3800.9,3805.86
2025-09-29 14:30:00,3805.87,3815.06,3805.41,3812.9
2025-09-29 15:00:00,3812.85,3817.87,3811.67,3814.26
2025-09-29 15:30:00,3814.26,3824.4,3813.0,3824.4
2025-09-29 16:00:00,3824.44,3829.49,3822.78,3823.17
2025-09-29 16:30:00,3823.18,3833.0,3821.41,3828.63
2025-09-29 17:00:00,3828.69,3829.99,3822.99,3825.8
2025-09-29 17:30:00,3825.81,3828.42,3812.02,3816.47
2025-09-29 18:00:00,3816.7,3825.87,3816.7,3820.71
2025-09-29 18:30:00,3820.71,3828.93,3820.71,3828.01
2025-09-29 19:00:00,3828.0,3828.24,3825.3,3825.77
2025-09-29 19:30:00,3825.77,3826.63,3820.0,3820.62
2025-09-29 20:00:00,3820.63,3826.85,3819.44,3825.12
2025-09-29 20:30:00,3825.03,3828.61,3823.9,3827.12
2025-09-29 21:00:00,3827.13,3835.91,3825.36,3834.61
2025-09-29 21:30:00,3834.62,3844.34,3834.61,3841.66
2025-09-29 22:00:00,3841.66,3842.19,3828.01,3828.52
2025-09-29 22:30:00,3828.52,3829.17,3819.48,3824.92
2025-09-29 23:00:00,3824.93,3834.64,3822.39,3832.51
2025-09-29 23:30:00,3832.51,3840.0,3830.45,3834.05
2025-09-30 00:00:00,3834.04,3840.93,3828.09,3836.94
2025-09-30 00:30:00,3836.86,3838.42,3833.12,3836.91
2025-09-30 01:00:00,3836.91,3840.67,3830.65,3837.03
2025-09-30 01:30:00,3837.04,3840.87,3830.91,3838.56
2025-09-30 02:00:00,3838.55,3841.89,3837.51,3840.45
2025-09-30 02:30:00,3840.45,3840.45,3835.56,3838.46
2025-09-30 03:00:00,3838.46,3841.91,3835.96,3837.55
2025-09-30 03:30:00,3837.18,3841.98,3836.44,3840.84
2025-09-30 04:00:00,3840.84,3844.78,3837.52,3843.92
2025-09-30 04:30:00,3843.91,3844.28,3838.27,3838.27
2025-09-30 05:00:00,3838.27,3841.49,3835.99,3838.4
2025-09-30 05:30:00,3838.4,3843.42,3836.64,3840.33
2025-09-30 06:00:00,3840.33,3842.26,3837.76,3839.06
2025-09-30 06:30:00,3839.05,3844.84,3832.9,3842.19
2025-09-30 07:00:00,3842.19,3859.48,3842.18,3852.66
2025-09-30 07:30:00,3852.4,3852.5,3846.36,3847.84
2025-09-30 08:00:00,3847.85,3847.97,3839.29,3840.45
2025-09-30 08:30:00,3840.44,3846.5,3840.43,3845.51
2025-09-30 09:00:00,3845.51,3845.98,3842.62,3842.62
2025-09-30 09:30:00,3842.61,3848.79,3841.78,3847.63
2025-09-30 10:00:00,3847.63,3857.71,3846.66,3855.75
2025-09-30 10:30:00,3855.75,3856.15,3850.83,3853.73
2025-09-30 11:00:00,3853.74,3860.0,3851.46,3859.49
2025-09-30 11:30:00,3859.48,3863.21,3859.48,3860.48
2025-09-30 12:00:00,3860.39,3863.35,3854.85,3856.89
2025-09-30 12:30:00,3856.9,3860.47,3855.36,3858.93
2025-09-30 13:00:00,3858.92,3872.24,3858.46,3870.72
2025-09-30 13:30:00,3870.71,3880.69,3869.71,3876.09
2025-09-30 14:00:00,3876.1,3877.06,3873.07,3874.44
2025-09-30 14:30:00,3874.44,3877.14,3872.94,3876.74
2025-09-30 15:00:00,3876.75,3878.84,3874.0,3877.48
2025-09-30 15:30:00,3877.47,3878.59,3875.0,3878.58
2025-09-30 16:00:00,3878.57,3880.23,3872.0,3873.94
2025-09-30 16:30:00,3873.94,3878.74,3865.46,3866.14
2025-09-30 17:00:00,3866.15,3869.54,3857.34,3861.55
2025-09-30 17:30:00,3861.56,3862.77,3850.94,3854.03
2025-09-30 18:00:00,3854.01,3857.19,3835.02,3837.93
2025-09-30 18:30:00,3837.93,3841.04,3821.31,3830.12
2025-09-30 19:00:00,3830.12,3837.0,3815.0,3817.57
2025-09-30 19:30:00,3817.58,3821.15,3806.92,3814.7
2025-09-30 20:00:00,3814.7,3828.93,3814.61,3821.69
2025-09-30 20:30:00,3821.69,3830.11,3821.18,3827.0
2025-09-30 21:00:00,3826.99,3828.08,3819.8,3822.02
2025-09-30 21:30:00,3822.02,3834.02,3820.96,3827.95
2025-09-30 22:00:00,3827.95,3827.95,3823.5,3826.02
2025-09-30 22:30:00,3826.01,3830.63,3820.97,3828.97
2025-09-30 23:00:00,3828.97,3830.49,3824.1,3826.68
2025-09-30 23:30:00,3826.68,3841.03,3824.59,3836.49
2025-10-01 00:00:00,3836.48,3861.07,3834.91,3854.04
2025-10-01 00:30:00,3854.03,3862.87,3850.34,3862.87
2025-10-01 01:00:00,3862.87,3862.87,3842.0,3845.92
2025-10-01 01:30:00,3845.92,3852.79,3845.92,3849.3
2025-10-01 02:00:00,3849.3,3855.84,3849.28,3855.41
2025-10-01 02:30:00,3855.42,3858.02,3844.14,3845.96
2025-10-01 03:00:00,3846.2,3848.61011,3843.76,3845.53
2025-10-01 03:30:00,3845.56,3849.27,3842.68,3844.03
2025-10-01 04:00:00,3844.38,3859.76,3839.9,3857.74
2025-10-01 04:30:00,3857.73,3860.38,3856.29,3859.47
2025-10-01 05:00:00,3859.25,3865.9,3859.23,3864.74
2025-10-01 05:30:00,3864.73,3869.99,3864.73,3869.97
2025-10-01 06:00:00,3869.97,3869.97,3859.31,3864.85
2025-10-01 06:30:00,3864.86,3871.8,3864.85,3869.18
2025-10-01 07:00:00,3869.18,3869.18,3863.93,3864.95
2025-10-01 07:30:00,3864.95,3870.18,3864.01,3870.18
2025-10-01 08:00:00,3870.17,3872.37,3866.05,3866.46
2025-10-01 08:30:00,3866.47,3871.63,3866.47,3871.63
2025-10-01 09:00:00,3871.62,3873.57,3871.62,3873.56
2025-10-01 09:30:00,3873.57,3875.76,3872.99,3875.76
2025-10-01 10:00:00,3875.75,3876.38,3873.04,3873.04
2025-10-01 10:30:00,3873.04,3875.46,3867.9,3872.23
2025-10-01 11:00:00,3872.22,3875.42,3870.55,3875.41
2025-10-01 11:30:00,3875.42,3880.0,3874.46,3879.22
2025-10-01 12:00:00,3879.22,3886.03,3873.55,3876.84
2025-10-01 12:30:00,3876.84,3877.9,3866.66,3873.46
2025-10-01 13:00:00,3873.46,3875.17,3868.06,3873.13
2025-10-01 13:30:00,3873.12,3873.85,3865.93,3870.78
2025-10-01 14:00:00,3870.77,3872.94,3867.13,3869.69
2025-10-01 14:30:00,3869.6,3872.89,3865.67,3872.87
2025-10-01 15:00:00,3872.87,3877.78,3871.65,3874.86
2025-10-01 15:30:00,3874.86,3877.13,3871.66,3872.2
2025-10-01 16:00:00,3872.2,3872.83,3863.63,3871.39
2025-10-01 16:30:00,3871.46,3875.18,3868.96,3870.48
2025-10-01 17:00:00,3870.48,3881.92,3870.48,3880.8
2025-10-01 17:30:00,3880.81,3889.71,3880.3,3889.66
2025-10-01 18:00:00,3889.74,3903.43,3889.74,3901.67
2025-10-01 18:30:00,3901.54,3904.55,3898.0,3904.49
2025-10-01 19:00:00,3904.48,3904.58,3894.93,3895.63
2025-10-01 19:30:00,3895.63,3901.77,3892.52,3899.52
2025-10-01 20:00:00,3899.52,3900.53,3894.99,3895.48
2025-10-01 20:30:00,3895.47,3897.33,3893.88,3895.21
2025-10-01 21:00:00,3895.22,3896.8,3890.4,3890.61
2025-10-01 21:30:00,3890.62,3894.78,3887.36,3893.85
2025-10-01 22:00:00,3894.3,3899.52,3886.91,3887.7
2025-10-01 22:30:00,3887.83,3890.57,3876.98,3881.5
2025-10-01 23:00:00,3881.5,3885.18,3875.72,3881.6
2025-10-01 23:30:00,3881.61,3887.69,3878.27,3881.4
2025-10-02 00:00:00,3882.3,3885.92,3879.45,3885.44
2025-10-02 00:30:00,3885.45,3887.59,3868.64,3882.72
2025-10-02 01:00:00,3882.72,3886.16,3871.67,3871.68
2025-10-02 01:30:00,3871.67,3878.67,3870.51,3878.33
2025-10-02 02:00:00,3878.32,3879.48,3871.01,3879.21
2025-10-02 02:30:00,3879.22,3881.32,3879.0,3880.54
2025-10-02 03:00:00,3880.54,3880.55,3877.32,3878.71
2025-10-02 03:30:00,3878.69,3878.69,3869.28,3869.99
2025-10-02 04:00:00,3869.98,3873.35,3865.09,3873.0
2025-10-02 04:30:00,3873.08,3874.7,3865.0,3868.09
2025-10-02 05:00:00,3868.09,3873.03,3866.75,3870.43
2025-10-02 05:30:00,3870.43,3876.63,3870.43,3873.53
2025-10-02 06:00:00,3873.53,3873.53,3868.08,3870.85
2025-10-02 06:30:00,3870.84,3875.49,3870.84,3875.49
2025-10-02 07:00:00,3875.48,3877.4,3875.09,3875.88
2025-10-02 07:30:00,3875.87,3878.19,3875.86,3877.44
2025-10-02 08:00:00,3877.45,3880.21,3868.83,3868.84
2025-10-02 08:30:00,3868.84,3874.12,3868.83,3871.63
2025-10-02 09:00:00,3871.63,3874.06,3871.62,3873.34
2025-10-02 09:30:00,3873.35,3873.86,3868.47,3870.01
2025-10-02 10:00:00,3870.49,3875.04,3859.99,3864.0
2025-10-02 10:30:00,3863.82,3864.85,3857.9,3860.06
2025-10-02 11:00:00,3860.06,3868.89,3856.01,3867.28
2025-10-02 11:30:00,3867.27,3871.38,3865.72,3867.93
2025-10-02 12:00:00,3867.93,3875.03,3866.92,3869.55
2025-10-02 12:30:00,3869.55,3875.55,3868.25,3873.76
2025-10-02 13:00:00,3873.76,3878.07,3873.62,3874.89
2025-10-02 13:30:00,3874.88,3874.88,3870.2,3871.84
2025-10-02 14:00:00,3871.85,3872.26,3869.4,3870.37
2025-10-02 14:30:00,3870.37,3870.37,3864.01,3867.07
2025-10-02 15:00:00,3867.07,3877.0,3864.77,3874.02
2025-10-02 15:30:00,3874.02,3874.04,3871.41,3872.87
2025-10-02 16:00:00,3872.86,3878.07,3872.5,3877.01
2025-10-02 16:30:00,3877.01,3878.54,3868.2,3869.0
2025-10-02 17:00:00,3869.0,3878.27,3869.0,3871.6
2025-10-02 17:30:00,3871.59,3875.1,3870.0,3875.09
2025-10-02 18:00:00,3875.1,3876.52,3873.25,3876.27
2025-10-02 18:30:00,3876.27,3884.32,3876.26,3880.46
2025-10-02 19:00:00,3880.45,3882.26,3878.1,3880.39
2025-10-02 19:30:00,3880.39,3882.67,3879.8,3882.45
2025-10-02 20:00:00,3882.44,3886.25,3879.54,3885.16
2025-10-02 20:30:00,3885.17,3886.13,3882.36,3885.28
2025-10-02 21:00:00,3885.29,3892.01,3883.39,3889.21
2025-10-02 21:30:00,3889.21,3890.13,3886.81,3889.98
2025-10-02 22:00:00,3889.98,3896.06,3881.55,3885.47
2025-10-02 22:30:00,3885.47,3891.55,3884.56,3887.39
2025-10-02 23:00:00,3887.4,3897.0,3887.4,3896.18
2025-10-02 23:30:00,3896.2,3899.0,3881.94,3882.96
2025-10-03 00:00:00,3882.96,3883.19,3870.0,3872.43
2025-10-03 00:30:00,3872.56,3875.04,3823.79,3851.29
2025-10-03 01:00:00,3851.01,3855.51,3830.98,3847.48
2025-10-03 01:30:00,3847.48,3847.48,3832.0,3839.02
2025-10-03 02:00:00,3839.01,3855.24,3838.03,3847.86
2025-10-03 02:30:00,3847.96,3854.72,3846.22,3854.71
2025-10-03 03:00:00,3854.72,3856.94,3851.84,3854.09
2025-10-03 03:30:00,3854.08,3860.0,3850.05,3855.8
2025-10-03 04:00:00,3855.8,3859.08,3855.44,3858.54
2025-10-03 04:30:00,3858.72,3860.28,3857.83,3859.31
2025-10-03 05:00:00,3859.32,3867.35,3859.31,3865.38
2025-10-03 05:30:00,3865.38,3866.73,3861.97,3863.9
2025-10-03 06:00:00,3864.1,3866.39,3860.02,3861.78
2025-10-03 06:30:00,3861.79,3863.1,3858.2,3861.5
2025-10-03 07:00:00,3861.5,3861.5,3854.58,3855.09
2025-10-03 07:30:00,3855.08,3855.09,3850.75,3850.75
2025-10-03 08:00:00,3850.76,3862.35,3850.76,3858.61
2025-10-03 08:30:00,3858.62,3861.74,3858.5,3860.2
2025-10-03 09:00:00,3860.2,3862.14,3859.44,3860.43
2025-10-03 09:30:00,3860.43,3866.46,3860.41,3865.37
2025-10-03 10:00:00,3865.38,3865.38,3859.92,3860.17
2025-10-03 10:30:00,3860.18,3861.64,3859.23,3859.61
2025-10-03 11:00:00,3859.61,3865.01,3853.78,3854.74
2025-10-03 11:30:00,3854.75,3862.82,3852.08,3861.62
2025-10-03 12:00:00,3861.62,3862.83,3858.52,3858.79
2025-10-03 12:30:00,3858.79,3858.79,3853.21,3853.31
2025-10-03 13:00:00,3853.31,3855.8,3845.69,3845.96
2025-10-03 13:30:00,3845.95,3849.18,3843.79,3848.85
2025-10-03 14:00:00,3848.85,3854.35,3848.48,3852.63
2025-10-03 14:30:00,3852.38,3853.15,3851.06,3851.83
2025-10-03 15:00:00,3851.84,3858.79,3851.84,3857.26
2025-10-03 15:30:00,3857.26,3863.28,3857.26,3860.58
2025-10-03 16:00:00,3860.59,3864.22,3856.64,3863.92
2025-10-03 16:30:00,3863.91,3864.74,3860.43,3862.45
2025-10-03 17:00:00,3862.45,3866.94,3862.45,3866.93
2025-10-03 17:30:00,3866.93,3870.94,3865.52,3870.76
2025-10-03 18:00:00,3870.75,3871.24,3866.41,3869.04
2025-10-03 18:30:00,3869.04,3871.19,3867.53,3870.56
2025-10-03 19:00:00,3870.55,3870.55,3863.14,3864.67
2025-10-03 19:30:00,3864.67,3871.13,3864.67,3871.12
2025-10-03 20:00:00,3871.12,3873.09,3868.22,3868.23
2025-10-03 20:30:00,3868.22,3872.78,3868.0,3871.22
2025-10-03 21:00:00,3871.23,3871.73,3864.0,3865.13
2025-10-03 21:30:00,3864.98,3869.42,3859.88,3867.07
2025-10-03 22:00:00,3867.08,3869.07,3865.44,3867.87
2025-10-03 22:30:00,3867.95,3876.47,3867.95,3876.45
2025-10-03 23:00:00,3876.45,3884.77,3872.44,3880.74
2025-10-03 23:30:00,3880.75,3888.68,3873.92,3882.21
2025-10-04 00:00:00,3882.21,3884.2,3867.04,3879.68
2025-10-04 00:30:00,3879.68,3881.23,3873.51,3880.04
2025-10-04 01:00:00,3880.04,3888.4,3875.17,3887.24
2025-10-04 01:30:00,3887.58,3889.44,3882.72,3888.41
2025-10-04 02:00:00,3888.4,3889.99,3881.15,3884.16
2025-10-04 02:30:00,3884.16,3888.71,3881.07,3885.88
2025-10-04 03:00:00,3885.88,3889.63,3882.37,3888.64
2025-10-04 03:30:00,3888.64,3888.64,3880.03,3884.21
2025-10-04 04:00:00,3884.22,3886.72,3883.09,3885.58
2025-10-04 04:30:00,3885.4,3889.02,3884.71,3885.15
2025-10-04 05:00:00,3885.14,3886.96,3883.67,3884.58
2025-10-04 05:30:00,3884.57,3887.01,3883.67,3883.68
2025-10-04 06:00:00,3883.68,3885.42,3881.18,3881.19
2025-10-04 06:30:00,3881.19,3885.26,3881.19,3885.26
2025-10-04 07:00:00,3885.25,3885.25,3881.87,3883.52
2025-10-04 07:30:00,3883.51,3884.01,3881.87,3882.43
2025-10-04 08:00:00,3882.43,3885.66,3882.0,3884.5
2025-10-04 08:30:00,3884.49,3884.49,3879.83,3879.83
2025-10-04 09:00:00,3879.84,3881.71,3877.25,3877.26
2025-10-04 09:30:00,3877.26,3886.56,3842.52,3883.56
2025-10-04 10:00:00,3883.57,3899.0,3883.21,3888.91
2025-10-04 10:30:00,3888.91,3889.58,3888.6,3889.42
2025-10-04 11:00:00,3889.42,3895.28,3887.95,3889.82
2025-10-04 11:30:00,3889.79,3889.79,3884.52,3885.01
2025-10-04 12:00:00,3885.01,3891.46,3885.0,3891.44
2025-10-04 12:30:00,3891.47,3892.2,3891.24,3891.67
2025-10-04 13:00:00,3891.68,3892.03,3890.73,3892.03
2025-10-04 13:30:00,3892.02,3892.03,3886.76,3890.49
2025-10-04 14:00:00,3890.48,3891.6,3890.48,3890.8
2025-10-04 14:30:00,3890.79,3890.8,3885.48,3886.02
2025-10-04 15:00:00,3886.01,3889.59,3885.73,3885.73
2025-10-04 15:30:00,3885.73,3890.15,3885.0,3889.65
2025-10-04 16:00:00,3889.65,3891.64,3887.87,3888.21
2025-10-04 16:30:00,3888.21,3892.92,3887.11,3889.41
2025-10-04 17:00:00,3889.6,3889.86,3885.08,3889.22
2025-10-04 17:30:00,3889.33,3889.33,3886.0,3886.01
2025-10-04 18:00:00,3886.01,3889.5,3886.01,3886.41
2025-10-04 18:30:00,3886.42,3889.17,3886.12,3888.88
2025-10-04 19:00:00,3888.89,3889.31,3886.55,3889.3
2025-10-04 19:30:00,3889.31,3890.19,3889.3,3889.84
2025-10-04 20:00:00,3889.84,3891.46,3888.55,3888.55
2025-10-04 20:30:00,3888.56,3889.79,3888.34,3889.32
2025-10-04 21:00:00,3889.31,3889.72,3888.27,3888.28
2025-10-04 21:30:00,3888.27,3890.27,3888.27,3890.18
2025-10-04 22:00:00,3890.18,3890.94,3888.83,3889.66
2025-10-04 22:30:00,3889.66,3900.72,3889.66,3895.0
2025-10-04 23:00:00,3895.01,3896.09,3895.0,3895.49
2025-10-04 23:30:00,3895.48,3895.49,3890.58,3893.47
2025-10-06 08:30:00,3891.88,3894.2,3891.88,3894.2
2025-10-06 09:00:00,3894.2,3898.34,3890.53,3897.42
2025-10-06 09:30:00,3897.42,3904.6,3895.37,3904.6
2025-10-06 10:00:00,3904.79,3922.65,3902.78,3916.7
2025-10-06 10:30:00,3916.69,3918.28,3913.95,3914.2
2025-10-06 11:00:00,3914.21,3914.21,3906.36,3907.15
2025-10-06 11:30:00,3907.42,3912.3,3907.39,3908.66
2025-10-06 12:00:00,3908.66,3915.55,3908.51,3911.15
2025-10-06 12:30:00,3911.15,3923.18,3911.15,3923.18
2025-10-06 13:00:00,3923.19,3930.79,3923.19,3927.69
2025-10-06 13:30:00,3927.69,3928.17,3924.83,3926.28
2025-10-06 14:00:00,3926.27,3931.93,3926.27,3928.92
2025-10-06 14:30:00,3928.93,3940.0,3928.93,3939.32
2025-10-06 15:00:00,3939.31,3940.0,3935.0,3939.03
2025-10-06 15:30:00,3939.03,3947.08,3938.94,3945.88
2025-10-06 16:00:00,3945.88,3953.09,3940.6,3944.23
2025-10-06 16:30:00,3944.23,3944.23,3934.39,3939.83
2025-10-06 17:00:00,3939.82,3939.82,3931.0,3934.53
2025-10-06 17:30:00,3934.54,3940.07,3932.13,3940.05
2025-10-06 18:00:00,3939.83,3943.01,3937.15,3939.83
2025-10-06 18:30:00,3939.82,3950.0,3939.41,3947.55
2025-10-06 19:00:00,3947.54,3956.36,3947.54,3952.94
2025-10-06 19:30:00,3952.94,3955.94,3946.0,3952.17
2025-10-06 20:00:00,3952.13,3953.53,3949.4,3953.52
2025-10-06 20:30:00,3953.53,3954.18,3947.15,3950.99
2025-10-06 21:00:00,3950.99,3952.0,3943.43,3948.49
2025-10-06 21:30:00,3948.49,3955.52,3948.49,3951.44
2025-10-06 22:00:00,3951.5,3951.51,3943.74,3948.48
2025-10-06 22:30:00,3948.48,3949.56,3942.0,3947.9
2025-10-06 23:00:00,3947.89,3949.47,3939.11,3940.67
2025-10-06 23:30:00,3940.66,3947.07,3936.75,3942.54
2025-10-07 00:00:00,3942.55,3945.73,3940.98,3943.02
2025-10-07 00:30:00,3943.03,3954.72,3937.0,3953.58
2025-10-07 01:00:00,3953.59,3957.99,3949.6,3956.84
2025-10-07 01:30:00,3956.83,3968.02,3955.57,3964.34
2025-10-07 02:00:00,3964.34,3966.59,3959.56,3960.16
2025-10-07 02:30:00,3960.15,3975.31,3959.16,3973.14
2025-10-07 03:00:00,3973.14,3979.0,3959.26,3963.54
2025-10-07 03:30:00,3963.55,3967.08,3962.73,3966.21
2025-10-07 04:00:00,3966.22,3970.78,3964.92,3964.99
2025-10-07 04:30:00,3964.99,3969.34,3958.64,3969.34
2025-10-07 05:00:00,3969.34,3971.45,3968.84,3971.41
2025-10-07 05:30:00,3971.4,3972.71,3969.08,3970.43
2025-10-07 06:00:00,3970.44,3975.98,3970.44,3975.97
2025-10-07 06:30:00,3975.97,3976.7,3970.74,3970.74
2025-10-07 07:00:00,3970.74,3972.76,3969.05,3970.6
2025-10-07 07:30:00,3970.6,3971.77,3967.88,3971.76
2025-10-07 08:00:00,3971.76,3975.82,3971.76,3975.45
2025-10-07 08:30:00,3975.44,3977.99,3975.44,3977.47
2025-10-07 09:00:00,3977.81,3989.89,3973.16,3986.32
2025-10-07 09:30:00,3986.32,3986.32,3972.19,3977.15
2025-10-07 10:00:00,3977.15,3982.33,3976.1,3982.32
2025-10-07 10:30:00,3982.32,3984.74,3981.12,3983.21
2025-10-07 11:00:00,3983.22,3990.0,3981.09,3988.21
2025-10-07 11:30:00,3988.22,3990.0,3977.0,3977.61
2025-10-07 12:00:00,3977.6,3978.18,3971.34,3974.26
2025-10-07 12:30:00,3974.26,3974.86,3966.67,3969.72
2025-10-07 13:00:00,3969.73,3977.09,3969.72,3975.86
2025-10-07 13:30:00,3975.87,3979.02,3975.61,3975.62
2025-10-07 14:00:00,3975.61,3979.02,3971.66,3973.45
2025-10-07 14:30:00,3973.46,3984.3,3973.46,3984.13
2025-10-07 15:00:00,3984.13,3985.84,3981.9,3983.17
2025-10-07 15:30:00,3983.16,3986.05,3982.51,3985.98
2025-10-07 16:00:00,3985.98,3986.17,3974.04,3975.79
2025-10-07 16:30:00,3975.78,3978.34,3965.61,3975.36
2025-10-07 17:00:00,3975.36,3975.36,3970.43,3973.44
2025-10-07 17:30:00,3973.43,3973.44,3965.0,3965.3
2025-10-07 18:00:00,3965.31,3966.34,3955.39,3960.61
2025-10-07 18:30:00,3960.73,3967.04,3956.54,3957.52
2025-10-07 19:00:00,3957.85,3965.09,3953.39,3963.01
2025-10-07 19:30:00,3963.01,3967.17,3962.1,3965.0
2025-10-07 20:00:00,3965.0,3974.02,3965.0,3970.0
2025-10-07 20:30:00,3970.0,3976.01,3967.0,3968.04
2025-10-07 21:00:00,3968.04,3971.36,3966.28,3969.87
2025-10-07 21:30:00,3969.86,3975.46,3969.17,3972.48
2025-10-07 22:00:00,3972.47,3974.7,3969.16,3969.16
2025-10-07 22:30:00,3969.17,3977.55,3968.9,3977.04
2025-10-07 23:00:00,3977.05,3986.47,3977.05,3978.07
2025-10-07 23:30:00,3978.06,3989.0,3976.92,3988.73
2025-10-08 00:00:00,3988.74,3990.0,3985.8,3989.79
2025-10-08 00:30:00,3989.79,3989.79,3978.37,3987.29
2025-10-08 01:00:00,3987.29,3988.05,3978.44,3986.49
2025-10-08 01:30:00,3986.5,3998.0,3986.02,3995.98
2025-10-08 02:00:00,3995.99,4000.0,3990.55,3995.51
2025-10-08 02:30:00,3995.51,3997.4,3981.72,3983.22
2025-10-08 03:00:00,3983.22,3992.72,3980.0,3984.74
2025-10-08 03:30:00,3984.73,3995.34,3984.27,3992.11
2025-10-08 04:00:00,3992.12,3999.41,3992.09,3997.09
2025-10-08 04:30:00,3997.09,4000.0,3995.27,3995.57
2025-10-08 05:00:00,3995.56,3999.01,3988.94,3993.6
2025-10-08 05:30:00,3993.81,3999.02,3992.65,3995.98
2025-10-08 06:00:00,3995.98,3998.27,3993.93,3994.72
2025-10-08 06:30:00,3994.73,3996.86,3992.96,3994.92
2025-10-08 07:00:00,3994.92,3996.7,3992.98,3996.19
2025-10-08 07:30:00,3996.19,3998.69,3994.36,3996.39
2025-10-08 08:00:00,3996.39,3999.51,3996.39,3997.13
2025-10-08 08:30:00,3997.13,3998.32,3996.93,3997.38
2025-10-08 09:00:00,3997.38,4000.22,3997.38,4000.22
2025-10-08 09:30:00,4000.21,4001.25,4000.21,4001.25
2025-10-08 10:00:00,4001.26,4004.84,3999.65,4000.08
2025-10-08 10:30:00,4000.07,4003.99,3996.62,4000.88
2025-10-08 11:00:00,4000.87,4010.0,4000.87,4010.0
2025-10-08 11:30:00,4009.99,4010.0,4003.67,4007.0
2025-10-08 12:00:00,4007.0,4008.5,3996.75,4008.36
2025-10-08 12:30:00,4008.37,4013.99,4006.11,4011.52
2025-10-08 13:00:00,4011.99,4016.0,4003.0,4015.08
2025-10-08 13:30:00,4015.08,4019.81,4011.95,4019.8
2025-10-08 14:00:00,4019.81,4023.06,4015.0,4021.02
2025-10-08 14:30:00,4021.01,4027.42,4019.0,4026.16
2025-10-08 15:00:00,4026.16,4033.16,4026.16,4030.05
2025-10-08 15:30:00,4030.04,4039.45,4029.16,4039.27
2025-10-08 16:00:00,4039.27,4041.91,4033.99,4041.73
2025-10-08 16:30:00,4041.74,4047.37,4037.69,4038.02
2025-10-08 17:00:00,4038.02,4041.43,4032.61,4036.86
2025-10-08 17:30:00,4036.87,4042.83,4036.86,4040.15
2025-10-08 18:00:00,4040.16,4048.5,4037.0,4047.5
2025-10-08 18:30:00,4047.44,4049.0,4044.02,4045.71
2025-10-08 19:00:00,4045.71,4051.83,4045.71,4050.47
2025-10-08 19:30:00,4050.47,4052.93,4048.44,4048.45
2025-10-08 20:00:00,4048.45,4049.99,4045.57,4045.6
2025-10-08 20:30:00,4045.6,4059.94,4043.01,4059.94
2025-10-08 21:00:00,4059.93,4059.99,4049.79,4051.35
2025-10-08 21:30:00,4051.35,4053.19,4042.95,4049.0
2025-10-08 22:00:00,4049.0,4049.6,4040.31,4047.81
2025-10-08 22:30:00,4047.81,4051.72,4045.44,4051.69
2025-10-08 23:00:00,4051.67,4059.43,4049.81,4053.41
2025-10-08 23:30:00,4053.5,4054.25,4043.99,4053.3
2025-10-09 00:00:00,4053.3,4059.43,4052.95,4053.39
2025-10-09 00:30:00,4053.39,4054.25,4041.58,4052.84
2025-10-09 01:00:00,4052.84,4059.62,4051.05,4057.49
2025-10-09 01:30:00,4057.5,4064.9,4055.0,4064.89
2025-10-09 02:00:00,4064.9,4066.0,4055.83,4063.37
2025-10-09 02:30:00,4063.37,4063.45,4058.24,4058.24
2025-10-09 03:00:00,4058.25,4070.0,4057.68,4069.53
2025-10-09 03:30:00,4069.53,4079.48,4067.01,4070.35
2025-10-09 04:00:00,4070.36,4073.5,4061.72,4064.0
2025-10-09 04:30:00,4064.0,4067.3,4059.13,4063.79
2025-10-09 05:00:00,4063.8,4066.47,4051.34,4060.14
2025-10-09 05:30:00,4060.15,4061.03,4057.41,4060.3
2025-10-09 06:00:00,4060.3,4066.44,4045.63,4057.28
2025-10-09 06:30:00,4057.27,4058.15,4047.47,4056.45
2025-10-09 07:00:00,4056.45,4057.31,4051.82,4055.12
2025-10-09 07:30:00,4055.12,4057.54,4051.51,4055.35
2025-10-09 08:00:00,4055.34,4058.15,4055.34,4058.0
2025-10-09 08:30:00,4058.0,4059.6,4055.79,4056.93
2025-10-09 09:00:00,4056.93,4057.44,4030.0,4039.73
2025-10-09 09:30:00,4039.86,4043.32,4035.78,4038.52
2025-10-09 10:00:00,4038.53,4041.97,4030.0,4033.0
2025-10-09 10:30:00,4033.01,4038.01,4021.0,4032.21
2025-10-09 11:00:00,4032.22,4049.07,4029.06,4046.91
2025-10-09 11:30:00,4047.11,4048.05,4040.79,4044.83
2025-10-09 12:00:00,4044.83,4051.16,4029.9,4049.95
2025-10-09 12:30:00,4049.95,4055.96,4041.0,4042.78
2025-10-09 13:00:00,4042.34,4042.35,4028.0,4032.12
2025-10-09 13:30:00,4032.6,4038.75,4026.79,4036.96
2025-10-09 14:00:00,4037.41,4045.95,4035.44,4045.03
2025-10-09 14:30:00,4045.02,4051.07,4043.2,4045.72
2025-10-09 15:00:00,4045.71,4057.44,4045.27,4057.35
2025-10-09 15:30:00,4057.35,4062.41,4056.08,4061.04
2025-10-09 16:00:00,4061.04,4061.04,4050.0,4056.47
2025-10-09 16:30:00,4056.47,4061.48,4050.0,4059.98
2025-10-09 17:00:00,4059.98,4061.46,4054.73,4054.81
2025-10-09 17:30:00,4054.81,4057.99,4044.4,4046.19
2025-10-09 18:00:00,4046.2,4052.18,4044.0,4045.34
2025-10-09 18:30:00,4045.53,4049.33,4044.09,4047.49
2025-10-09 19:00:00,4047.48,4053.73,4047.33,4051.62
2025-10-09 19:30:00,4051.61,4057.0,4051.26,4055.21
2025-10-09 20:00:00,4055.22,4057.34,4051.43,4052.59
2025-10-09 20:30:00,4052.59,4054.4,4049.68,4052.1
2025-10-09 21:00:00,4052.1,4054.39,4048.61,4052.36
2025-10-09 21:30:00,4052.36,4061.75,4051.7,4059.3
2025-10-09 22:00:00,4059.29,4061.71,4051.01,4053.04
2025-10-09 22:30:00,4053.04,4060.97,4053.04,4058.99
2025-10-09 23:00:00,4058.98,4058.98,4051.32,4054.56
2025-10-09 23:30:00,4054.55,4068.07,4050.62,4066.98
2025-10-10 00:00:00,4067.43,4072.0,4063.9,4071.5
2025-10-10 00:30:00,4071.5,4071.51,4040.0,4040.0
2025-10-10 01:00:00,4040.0,4049.91,4040.0,4040.0
2025-10-10 01:30:00,4040.0,4051.6,4030.0,4044.32
2025-10-10 02:00:00,4044.32,4049.78,4030.0,4034.26
2025-10-10 02:30:00,4034.27,4040.35,4024.96,4036.43
2025-10-10 03:00:00,4036.43,4041.4,4027.72,4027.87
2025-10-10 03:30:00,4027.86,4028.96,3980.0,3982.84
2025-10-10 04:00:00,3982.84,3989.99,3963.0,3975.31
2025-10-10 04:30:00,3975.31,3977.64,3961.94,3965.96
2025-10-10 05:00:00,3965.96,3985.9,3965.01,3980.0
2025-10-10 05:30:00,3980.0,3982.34,3972.19,3973.05
2025-10-10 06:00:00,3973.07,3996.39,3972.58,3992.84
2025-10-10 06:30:00,3992.85,3997.84,3987.13,3989.18
2025-10-10 07:00:00,3989.19,3997.25,3987.82,3992.56
2025-10-10 07:30:00,3992.56,3993.8,3989.28,3993.19
2025-10-10 08:00:00,3992.9,3994.86,3989.2,3992.8
2025-10-10 08:30:00,3992.8,3996.79,3991.9,3995.44
2025-10-10 09:00:00,3995.34,3995.34,3975.33,3987.41
2025-10-10 09:30:00,3987.41,3989.6,3984.62,3987.94
2025-10-10 10:00:00,3987.94,3996.57,3987.88,3994.15
2025-10-10 10:30:00,3994.16,4000.28,3991.85,4000.27
2025-10-10 11:00:00,4000.28,4005.03,3997.78,4004.73
2025-10-10 11:30:00,4004.73,4007.09,4001.7,4005.88
2025-10-10 12:00:00,4005.88,4006.09,3991.74,3996.3
2025-10-10 12:30:00,3996.29,3996.29,3984.04,3985.34
2025-10-10 13:00:00,3985.33,3995.44,3984.81,3994.06
2025-10-10 13:30:00,3994.07,3997.03,3987.68,3988.79
2025-10-10 14:00:00,3988.61,3989.09,3972.0,3979.81
2025-10-10 14:30:00,3979.8,3982.36,3971.39,3971.39
2025-10-10 15:00:00,3971.32,3973.26,3957.29,3966.49
2025-10-10 15:30:00,3966.49,3975.36,3966.48,3975.35
2025-10-10 16:00:00,3975.36,3985.99,3975.36,3979.57
2025-10-10 16:30:00,3979.57,3986.68,3973.35,3980.02
2025-10-10 17:00:00,3980.02,3981.72,3975.47,3978.91
2025-10-10 17:30:00,3978.92,3982.79,3972.0,3975.51
2025-10-10 18:00:00,3975.38,3975.38,3963.38,3971.39
2025-10-10 18:30:00,3971.38,3981.94,3968.77,3977.88
2025-10-10 19:00:00,3977.89,3995.92,3976.0,3992.81
2025-10-10 19:30:00,3992.81,4001.49,3991.92,4000.37
2025-10-10 20:00:00,4000.37,4009.38,3999.39,4004.8
2025-10-10 20:30:00,4004.79,4014.25,4000.03,4004.05
2025-10-10 21:00:00,4003.92,4005.77,3998.2,4005.77
2025-10-10 21:30:00,4005.77,4008.48,4002.5,4002.5
2025-10-10 22:00:00,4002.51,4008.44,4000.83,4005.91
2025-10-10 22:30:00,4005.92,4007.66,3992.14,3994.26
2025-10-10 23:00:00,3994.27,4001.9,3993.42,4000.53
2025-10-10 23:30:00,4000.52,4000.6,3989.68,3993.46
2025-10-11 00:00:00,3993.45,4003.06,3989.55,4001.7
2025-10-11 00:30:00,4001.7,4005.84,3986.15,3990.48
2025-10-11 01:00:00,3990.47,3995.6,3981.52,3993.88
2025-10-11 01:30:00,3993.76,4002.43,3990.23,3999.25
2025-10-11 02:00:00,3999.25,4028.31,3998.53,4025.01
2025-10-11 02:30:00,4024.93,4030.0,4005.69,4008.65
2025-10-11 03:00:00,4008.5,4008.51,3988.24,3999.29
2025-10-11 03:30:00,3999.29,4005.17,3992.15,3995.37
2025-10-11 04:00:00,3995.38,3999.61,3987.32,3997.72
2025-10-11 04:30:00,3997.71,4003.03,3992.01,4001.43
2025-10-11 05:00:00,4001.43,4019.23,3996.09,4013.57
2025-10-11 05:30:00,4013.57,4016.15,4005.63,4011.74
2025-10-11 06:00:00,4011.74,4025.99,4008.76,4016.87
2025-10-11 06:30:00,4016.87,4033.0,4016.29,4024.44
2025-10-11 07:00:00,4024.43,4027.68,4018.34,4023.37
2025-10-11 07:30:00,4023.35,4030.95,4016.86,4021.85
2025-10-11 08:00:00,4021.85,4028.96,3600.0,3876.15
2025-10-11 08:30:00,3861.14,4013.95,3797.76,3966.39
2025-10-11 09:00:00,3964.1,3980.5,3946.62,3975.64
2025-10-11 09:30:00,3975.16,4008.19,3973.48,3992.57
2025-10-11 10:00:00,3992.11,3999.88,3978.57,3982.74
2025-10-11 10:30:00,3982.75,4001.56,3968.98,3983.01
2025-10-11 11:00:00,3983.0,3987.3,3960.47,3964.61
2025-10-11 11:30:00,3964.62,3980.5,3960.01,3973.65
2025-10-11 12:00:00,3973.65,3984.91,3965.19,3967.83
2025-10-11 12:30:00,3967.87,3970.0,3958.83,3962.31
2025-10-11 13:00:00,3962.3,3967.66,3950.0,3961.51
2025-10-11 13:30:00,3961.5,3987.26,3959.66,3985.01
2025-10-11 14:00:00,3985.02,3985.02,3964.52,3967.57
2025-10-11 14:30:00,3967.57,3982.99,3964.31,3973.35
2025-10-11 15:00:00,3974.23,3983.26,3965.86,3980.62
2025-10-11 15:30:00,3980.51,3980.95,3970.0,3974.22
2025-10-11 16:00:00,3974.22,3982.23,3972.17,3981.31
2025-10-11 16:30:00,3981.31,3983.33,3972.98,3980.29
2025-10-11 17:00:00,3980.28,3988.93,3976.67,3988.92
2025-10-11 17:30:00,3988.91,4000.8,3987.98,3988.52
2025-10-11 18:00:00,3988.61,3991.91,3982.0,3984.36
2025-10-11 18:30:00,3984.47,4000.09,3984.0,3993.49
2025-10-11 19:00:00,3993.49,4000.49,3991.9,3994.74
2025-10-11 19:30:00,3994.75,4000.88,3993.64,3994.35
2025-10-11 20:00:00,3994.34,3998.54,3990.1,3998.52
2025-10-11 20:30:00,3998.52,4000.18,3994.13,3996.85
2025-10-11 21:00:00,3996.85,3999.11,3994.6,3998.1
2025-10-11 21:30:00,3998.1,4000.0,3996.74,3996.76
2025-10-11 22:00:00,3996.77,4000.38,3994.1,3999.56
2025-10-11 22:30:00,3999.56,3999.79,3997.37,3997.66
2025-10-11 23:00:00,3997.43,3999.71,3996.22,3999.6
2025-10-11 23:30:00,3999.59,4000.0,3997.37,3997.52
2025-10-13 08:30:00,4002.99,4003.0,4002.64,4002.64
2025-10-13 09:00:00,4002.64,4037.68,4002.63,4034.79
2025-10-13 09:30:00,4034.8,4047.04,4030.75,4044.48
2025-10-13 10:00:00,4044.57,4058.65,4041.86,4051.33
2025-10-13 10:30:00,4051.32,4051.32,4034.22,4036.56
2025-10-13 11:00:00,4036.57,4039.99,4026.55,4039.48
2025-10-13 11:30:00,4039.49,4056.28,4039.01,4045.15
2025-10-13 12:00:00,4045.04,4053.23,4036.32,4042.35
2025-10-13 12:30:00,4042.36,4051.29,4042.06,4050.0
2025-10-13 13:00:00,4049.99,4050.0,4044.11,4046.07
2025-10-13 13:30:00,4046.06,4050.0,4043.68,4048.93
2025-10-13 14:00:00,4048.93,4050.0,4045.33,4050.0
2025-10-13 14:30:00,4049.99,4054.99,4048.0,4052.01
2025-10-13 15:00:00,4052.01,4058.71,4052.01,4058.6
2025-10-13 15:30:00,4058.59,4060.85,4057.04,4058.01
2025-10-13 16:00:00,4058.01,4079.0,4058.0,4074.03
2025-10-13 16:30:00,4074.03,4079.0,4066.22,4066.57
2025-10-13 17:00:00,4066.57,4077.8,4064.33,4076.08
2025-10-13 17:30:00,4076.08,4078.56,4072.75,4075.05
2025-10-13 18:00:00,4075.09,4079.0,4072.59,4078.46
2025-10-13 18:30:00,4078.47,4079.28,4069.5,4071.01
2025-10-13 19:00:00,4070.92,4076.09,4069.87,4073.33
2025-10-13 19:30:00,4073.21,4079.17,4069.3,4077.7
2025-10-13 20:00:00,4077.61,4079.79,4071.29,4071.78
2025-10-13 20:30:00,4071.4,4083.68,4071.0,4077.26
2025-10-13 21:00:00,4077.25,4077.25,4071.15,4076.13
2025-10-13 21:30:00,4076.16,4084.93,4073.71,4081.090088
2025-10-13 22:00:00,4080.62,4090.65,4077.14,4088.84
2025-10-13 22:30:00,4088.68,4088.68,4082.53,4082.64
2025-10-13 23:00:00,4082.64,4091.8,4078.0,4091.79
2025-10-13 23:30:00,4091.8,4092.99,4083.0,4086.32
2025-10-14 00:00:00,4086.31,4097.3,4085.18,4096.24
2025-10-14 00:30:00,4096.24,4101.97,4087.13,4101.78
2025-10-14 01:00:00,4101.78,4103.44,4088.56,4099.0
2025-10-14 01:30:00,4098.99,4112.63,4098.99,4105.56
2025-10-14 02:00:00,4105.56,4119.0,4098.98,4100.47
2025-10-14 02:30:00,4100.47,4111.39,4100.0,4110.75
2025-10-14 03:00:00,4110.75,4122.0,4110.75,4115.83
2025-10-14 03:30:00,4115.82,4120.4,4111.21,4112.17
2025-10-14 04:00:00,4112.17,4123.28,4112.0,4121.71
2025-10-14 04:30:00,4121.71,4121.71,4110.72,4112.28
2025-10-14 05:00:00,4112.29,4115.17,4108.61,4112.99
2025-10-14 05:30:00,4112.99,4115.43,4108.67,4110.64
2025-10-14 06:00:00,4111.12,4117.21,4101.58,4115.4
2025-10-14 06:30:00,4115.4,4124.06,4110.38,4124.0
2025-10-14 07:00:00,4124.0,4124.23,4116.6,4122.47
2025-10-14 07:30:00,4122.47,4123.62,4117.77,4121.65
2025-10-14 08:00:00,4121.58,4123.54,4120.26,4123.11
2025-10-14 08:30:00,4123.11,4123.7,4122.22,4122.78
2025-10-14 09:00:00,4122.78,4123.65,4118.48,4118.86
2025-10-14 09:30:00,4118.86,4126.01,4115.26,4125.01
2025-10-14 10:00:00,4125.01,4125.91,4120.99,4125.21
2025-10-14 10:30:00,4125.21,4142.3,4125.21,4141.69
2025-10-14 11:00:00,4141.69,4144.47,4133.47,4139.96
2025-10-14 11:30:00,4139.96,4145.05,4139.23,4140.01
2025-10-14 12:00:00,4140.0,4164.61,4138.32,4162.78
2025-10-14 12:30:00,4162.78,4166.0,4147.13,4153.59
2025-10-14 13:00:00,4153.51,4158.71,4153.51,4158.64
2025-10-14 13:30:00,4158.64,4166.0,4158.51,4162.84
2025-10-14 14:00:00,4162.85,4176.0,4162.09,4173.23
2025-10-14 14:30:00,4173.23,4183.67,4172.93,4179.1
2025-10-14 15:00:00,4179.11,4184.79,4173.36,4179.3
2025-10-14 15:30:00,4179.3,4185.4,4170.31,4185.04
2025-10-14 16:00:00,4185.04,4200.0,4183.1,4194.97
2025-10-14 16:30:00,4194.83,4195.72,4119.71,4132.44
2025-10-14 17:00:00,4132.28,4146.62,4103.38,4129.5
2025-10-14 17:30:00,4129.35,4129.56,4107.7,4127.5
2025-10-14 18:00:00,4127.28,4143.27,4118.3,4140.1
2025-10-14 18:30:00,4140.11,4143.19,4134.9,4142.41
2025-10-14 19:00:00,4142.41,4160.87,4142.41,4160.87
2025-10-14 19:30:00,4160.87,4160.87,4147.04,4157.28
2025-10-14 20:00:00,4157.27,4161.26,4150.0,4155.0
2025-10-14 20:30:00,4155.0,4157.46,4136.0,4141.57
2025-10-14 21:00:00,4141.57,4150.88,4130.48,4149.91
2025-10-14 21:30:00,4149.91,4153.0,4140.27,4142.69
2025-10-14 22:00:00,4142.7,4150.0,4138.79,4140.58
2025-10-14 22:30:00,4140.58,4142.38,4133.99,4139.6
2025-10-14 23:00:00,4139.59,4145.01,4126.79,4129.89
2025-10-14 23:30:00,4129.96,4130.3,4116.1,4117.73
2025-10-15 00:00:00,4117.73,4133.94,4112.0,4125.39
2025-10-15 00:30:00,4125.38,4143.31,4121.2,4136.3
2025-10-15 01:00:00,4136.3,4149.01,4133.08,4144.97
2025-10-15 01:30:00,4145.17,4150.0,4138.69,4140.8
2025-10-15 02:00:00,4140.8,4152.42,4138.89,4149.42
2025-10-15 02:30:00,4149.43,4154.22,4144.01,4148.88
2025-10-15 03:00:00,4148.94,4152.26,4140.0,4146.81
2025-10-15 03:30:00,4146.8,4169.43,4145.49,4155.7
2025-10-15 04:00:00,4154.96,4173.99,4152.4,4164.18
2025-10-15 04:30:00,4164.18,4173.19,4160.51,4162.76
2025-10-15 05:00:00,4162.75,4169.12,4158.18,4162.59
2025-10-15 05:30:00,4162.59,4165.35,4158.69,4161.89
2025-10-15 06:00:00,4161.89,4165.96,4161.45,4161.89
2025-10-15 06:30:00,4161.88,4162.67,4146.31,4155.65
2025-10-15 07:00:00,4155.53,4159.66,4153.26,4156.27
2025-10-15 07:30:00,4156.28,4156.94,4153.62,4153.92
2025-10-15 08:00:00,4153.91,4154.58,4151.67,4154.54
2025-10-15 08:30:00,4154.55,4157.98,4154.54,4155.55
2025-10-15 09:00:00,4155.54,4174.25,4153.35,4166.15
2025-10-15 09:30:00,4166.14,4177.61,4163.18,4171.62
2025-10-15 10:00:00,4171.61,4177.37,4169.0,4177.36
2025-10-15 10:30:00,4177.37,4184.13,4176.37,4176.71
2025-10-15 11:00:00,4176.7,4184.95,4170.81,4172.34
2025-10-15 11:30:00,4172.35,4183.03,4171.02,4177.88
2025-10-15 12:00:00,4177.95,4204.01,4177.95,4201.5
2025-10-15 12:30:00,4201.5,4203.67,4193.4,4198.98
2025-10-15 13:00:00,4198.98,4201.22,4194.99,4197.12
2025-10-15 13:30:00,4197.11,4197.11,4188.0,4194.48
2025-10-15 14:00:00,4194.49,4201.25,4194.49,4200.75
2025-10-15 14:30:00,4200.75,4207.13,4199.0,4205.24
2025-10-15 15:00:00,4205.24,4208.37,4191.24,4194.76
2025-10-15 15:30:00,4194.75,4197.51,4191.73,4195.78
2025-10-15 16:00:00,4195.78,4204.81,4192.99,4204.56
2025-10-15 16:30:00,4204.28,4204.81,4197.82,4198.72
2025-10-15 17:00:00,4198.75,4209.56,4198.75,4205.92
2025-10-15 17:30:00,4205.92,4217.93,4202.77,4217.93
2025-10-15 18:00:00,4217.93,4221.15,4210.06,4215.51
2025-10-15 18:30:00,4215.51,4227.36,4215.5,4224.66
2025-10-15 19:00:00,4224.94,4240.29,4224.94,4228.04
2025-10-15 19:30:00,4228.05,4235.06,4226.83,4226.84
2025-10-15 20:00:00,4226.66,4227.7,4188.0,4207.91
2025-10-15 20:30:00,4207.9,4213.96,4206.29,4210.01
2025-10-15 21:00:00,4210.01,4225.01,4208.68,4220.37
2025-10-15 21:30:00,4220.38,4226.0,4220.0,4224.65
2025-10-15 22:00:00,4224.65,4225.1,4221.2,4223.21
2025-10-15 22:30:00,4223.21,4227.14,4220.0,4223.0
2025-10-15 23:00:00,4223.0,4228.88,4209.01,4209.02
2025-10-15 23:30:00,4209.02,4215.07,4200.76,4210.35
2025-10-16 00:00:00,4210.35,4215.15,4205.09,4210.64
2025-10-16 00:30:00,4210.63,4215.42,4202.16,4211.13
2025-10-16 01:00:00,4211.12,4229.98,4210.56,4226.46
2025-10-16 01:30:00,4226.45,4226.78,4212.69,4219.47
2025-10-16 02:00:00,4219.47,4222.0,4214.39,4220.33
2025-10-16 02:30:00,4220.33,4221.08,4203.51,4211.71
2025-10-16 03:00:00,4211.71,4217.16,4206.16,4214.62
2025-10-16 03:30:00,4214.24,4216.1,4207.53,4215.49
2025-10-16 04:00:00,4215.49,4218.0,4205.06,4208.91
2025-10-16 04:30:00,4208.91,4218.6,4207.15,4218.6
2025-10-16 05:00:00,4218.6,4227.93,4209.47,4216.99
2025-10-16 05:30:00,4216.98,4220.89,4215.49,4220.0
2025-10-16 06:00:00,4220.01,4230.8,4219.09,4229.99
2025-10-16 06:30:00,4229.98,4231.81,4224.94,4230.95
2025-10-16 07:00:00,4230.95,4235.47,4229.55,4231.48
2025-10-16 07:30:00,4231.0,4235.86,4230.25,4232.04
2025-10-16 08:00:00,4232.04,4237.27,4230.86,4237.26
2025-10-16 08:30:00,4237.27,4238.62,4231.0,4235.98
2025-10-16 09:00:00,4235.62,4239.04,4219.82,4237.0
2025-10-16 09:30:00,4237.14,4247.41,4235.31,4242.18
2025-10-16 10:00:00,4243.04,4244.11,4236.94,4243.31
2025-10-16 10:30:00,4243.31,4245.18,4236.36,4238.42
2025-10-16 11:00:00,4238.42,4260.28,4235.66,4260.28
2025-10-16 11:30:00,4260.28,4274.0,4250.65,4250.65
2025-10-16 12:00:00,4250.65,4266.04,4248.3,4264.21
2025-10-16 12:30:00,4264.2,4267.35,4257.93,4258.94
2025-10-16 13:00:00,4258.94,4263.61,4253.12,4257.62
2025-10-16 13:30:00,4257.62,4264.32,4252.94,4262.3
2025-10-16 14:00:00,4262.29,4265.41,4256.69,4258.9
2025-10-16 14:30:00,4258.04,4264.14,4253.0,4261.56
2025-10-16 15:00:00,4261.65,4262.4,4256.69,4260.28
2025-10-16 15:30:00,4260.28,4261.54,4250.12,4253.98
2025-10-16 16:00:00,4253.99,4255.25,4244.01,4245.16
2025-10-16 16:30:00,4245.15,4245.15,4225.28,4226.56
2025-10-16 17:00:00,4226.57,4245.9,4226.56,4240.05
2025-10-16 17:30:00,4240.05,4242.5,4230.0,4237.92
2025-10-16 18:00:00,4237.93,4250.55,4237.92,4250.48
2025-10-16 18:30:00,4250.47,4250.47,4237.72,4246.92
2025-10-16 19:00:00,4246.91,4256.15,4246.87,4250.84
2025-10-16 19:30:00,4250.84,4252.02,4246.8,4248.41
2025-10-16 20:00:00,4248.41,4250.7,4236.6,4237.41
2025-10-16 20:30:00,4237.41,4256.65,4236.2,4254.0
2025-10-16 21:00:00,4254.26,4260.82,4251.0,4252.01
2025-10-16 21:30:00,4252.0,4259.97,4249.9,4259.65
2025-10-16 22:00:00,4259.64,4263.29,4256.0,4261.42
2025-10-16 22:30:00,4261.41,4266.13,4258.47,4258.48
2025-10-16 23:00:00,4258.47,4261.79,4253.11,4254.93
2025-10-16 23:30:00,4254.93,4265.92,4246.18,4250.27
2025-10-17 00:00:00,4250.14,4268.86,4249.95,4265.94
2025-10-17 00:30:00,4265.94,4273.67,4260.52,4267.11
2025-10-17 01:00:00,4267.1,4280.64,4265.93,4278.91
2025-10-17 01:30:00,4278.9,4285.14,4275.0,4281.35
2025-10-17 02:00:00,4281.36,4297.89,4281.0,4291.35
2025-10-17 02:30:00,4291.35,4297.78,4286.13,4292.64
2025-10-17 03:00:00,4292.65,4312.52,4288.68,4310.01
2025-10-17 03:30:00,4310.0,4313.17,4286.51,4306.26
2025-10-17 04:00:00,4306.27,4324.29,4302.39,4313.99
2025-10-17 04:30:00,4313.81,4322.89,4313.19,4318.66
2025-10-17 05:00:00,4318.65,4319.23,4300.03,4309.99
2025-10-17 05:30:00,4310.0,4317.2,4309.5,4312.38
2025-10-17 06:00:00,4312.38,4321.86,4311.12,4320.33
2025-10-17 06:30:00,4320.33,4336.65,4317.18,4333.33
2025-10-17 07:00:00,4333.07,4350.05,4333.0,4345.11
2025-10-17 07:30:00,4345.09,4364.33,4342.85,4362.29
2025-10-17 08:00:00,4362.29,4379.0,4360.93,4372.72
2025-10-17 08:30:00,4372.71,4378.59,4370.0,4373.66
2025-10-17 09:00:00,4373.66,4472.02,4364.97,4425.05
2025-10-17 09:30:00,4425.05,4427.27,4398.53,4406.76
2025-10-17 10:00:00,4406.76,4530.0,4406.38,4465.7
2025-10-17 10:30:00,4465.71,4465.71,4425.01,4436.75
2025-10-17 11:00:00,4436.74,4436.75,4390.1,4395.83
2025-10-17 11:30:00,4395.82,4414.61,4390.43,4394.16
2025-10-17 12:00:00,4394.16,4394.91,4345.0,4364.16
2025-10-17 12:30:00,4364.16,4369.0,4256.0,4343.14
2025-10-17 13:00:00,4343.15,4366.69,4341.36,4361.47
2025-10-17 13:30:00,4361.47,4382.8,4360.5,4378.03
2025-10-17 14:00:00,4378.03,4395.88,4375.28,4389.45
2025-10-17 14:30:00,4389.45,4401.48,4389.0,4401.2
2025-10-17 15:00:00,4401.27,4432.13,4401.26,4411.49
2025-10-17 15:30:00,4411.48,4427.87,4409.6,4425.69
2025-10-17 16:00:00,4425.68,4429.39,4400.67,4407.27
2025-10-17 16:30:00,4407.26,4426.31,4400.0,4423.08
2025-10-17 17:00:00,4423.07,4424.88,4389.0,4415.23
2025-10-17 17:30:00,4415.23,4416.54,4398.38,4407.99
2025-10-17 18:00:00,4407.99,4419.35,4385.0,4393.11
2025-10-17 18:30:00,4393.09,4401.44,4351.0,4382.34
2025-10-17 19:00:00,4382.35,4399.23,4368.16,4388.6
2025-10-17 19:30:00,4388.6,4411.25,4379.05,4410.0
2025-10-17 20:00:00,4410.0,4414.55,4391.55,4392.0
2025-10-17 20:30:00,4392.0,4397.4,4378.01,4391.1
2025-10-17 21:00:00,4391.11,4394.83,4385.0,4390.0
2025-10-17 21:30:00,4390.0,4428.0,4363.87,4377.91
2025-10-17 22:00:00,4377.92,4386.66,4363.0,4375.96
2025-10-17 22:30:00,4375.96,4375.96,4305.89,4307.81
2025-10-17 23:00:00,4307.8,4346.51,4289.06,4322.92
2025-10-17 23:30:00,4322.91,4347.67,4320.68,4344.35
2025-10-18 00:00:00,4344.35,4344.35,4327.19,4343.09
2025-10-18 00:30:00,4343.09,4344.36,4262.81,4294.03
2025-10-18 01:00:00,4294.03,4294.03,4225.0,4252.3
2025-10-18 01:30:00,4252.27,4274.12,4241.33,4261.6
2025-10-18 02:00:00,4261.59,4273.1,4244.55,4260.49
2025-10-18 02:30:00,4260.1,4279.94,4252.57,4253.1
2025-10-18 03:00:00,4253.11,4260.63,4231.91,4233.9
2025-10-18 03:30:00,4232.53,4235.88,4208.0,4210.6
2025-10-18 04:00:00,4210.6,4220.97,4192.55,4207.5
2025-10-18 04:30:00,4207.5,4243.18,4203.0,4226.5
2025-10-18 05:00:00,4226.5,4256.99,4225.18,4256.07
2025-10-18 05:30:00,4256.06,4257.36,4246.64,4251.02
2025-10-18 06:00:00,4251.02,4252.3,4225.64,4230.47
2025-10-18 06:30:00,4230.46,4242.24,4229.01,4236.8
2025-10-18 07:00:00,4236.81,4254.96,4231.4,4254.96
2025-10-18 07:30:00,4254.96,4262.7,4251.61,4262.51
2025-10-18 08:00:00,4262.51,4272.15,4254.52,4257.51
2025-10-18 08:30:00,4257.51,4271.59,4255.0,4265.22
2025-10-18 09:00:00,4265.22,4269.0,4260.01,4260.81
2025-10-18 09:30:00,4260.82,4272.6,4254.87,4265.02
2025-10-18 10:00:00,4265.03,4273.28,4260.13,4261.99
2025-10-18 10:30:00,4262.0,4263.2,4188.0,4238.93
2025-10-18 11:00:00,4238.93,4259.28,4238.64,4245.42
2025-10-18 11:30:00,4245.41,4247.34,4241.83,4242.7
2025-10-18 12:00:00,4242.7,4245.7,4239.44,4241.83
2025-10-18 12:30:00,4241.83,4246.76,4240.2,4240.5
2025-10-18 13:00:00,4240.51,4249.88,4238.46,4249.88
2025-10-18 13:30:00,4249.87,4253.65,4241.09,4248.3
2025-10-18 14:00:00,4248.3,4251.23,4241.84,4243.86
2025-10-18 14:30:00,4243.7,4247.27,4239.0,4246.44
2025-10-18 15:00:00,4246.44,4247.03,4240.1,4247.03
2025-10-18 15:30:00,4247.03,4252.53,4246.86,4246.87
2025-10-18 16:00:00,4246.87,4250.11,4240.68,4248.05
2025-10-18 16:30:00,4248.05,4248.05,4237.61,4242.3
2025-10-18 17:00:00,4241.39,4243.16,4239.1,4240.0
2025-10-18 17:30:00,4240.01,4241.42,4234.8,4236.44
2025-10-18 18:00:00,4236.44,4236.59,4226.0,4234.59
2025-10-18 18:30:00,4234.59,4236.6,4231.51,4235.41
2025-10-18 19:00:00,4235.41,4241.88,4235.4,4240.1
2025-10-18 19:30:00,4240.1,4242.0,4237.96,4237.96
2025-10-18 20:00:00,4237.97,4240.01,4236.0,4239.2
2025-10-18 20:30:00,4239.2,4250.0,4239.19,4244.6
2025-10-18 21:00:00,4244.6,4245.35,4240.03,4241.43
2025-10-18 21:30:00,4241.42,4249.66,4240.14,4240.14
2025-10-18 22:00:00,4240.15,4244.23,4240.11,4240.91
2025-10-18 22:30:00,4240.91,4241.65,4237.47,4238.43
2025-10-18 23:00:00,4238.43,4242.36,4234.78,4238.99
2025-10-18 23:30:00,4239.0,4241.77,4234.84,4237.99
2025-10-20 08:30:00,4231.0,4232.32,4231.0,4231.96
2025-10-20 09:00:00,4231.95,4265.0,4231.95,4258.95
2025-10-20 09:30:00,4258.95,4261.59,4245.78,4256.69
2025-10-20 10:00:00,4256.8,4260.18,4242.51,4246.73
2025-10-20 10:30:00,4246.74,4250.0,4238.47,4242.46
2025-10-20 11:00:00,4242.34,4242.34,4214.16,4218.81
2025-10-20 11:30:00,4218.81,4247.11,4218.81,4246.05
2025-10-20 12:00:00,4246.04,4256.46,4218.75,4255.92
2025-10-20 12:30:00,4255.92,4263.0,4246.25,4260.0
2025-10-20 13:00:00,4259.99,4265.0,4256.41,4264.56
2025-10-20 13:30:00,4264.66,4272.5,4255.0,4256.34
2025-10-20 14:00:00,4256.4,4262.64,4252.43,4255.45
2025-10-20 14:30:00,4255.45,4266.0,4249.52,4260.78
2025-10-20 15:00:00,4260.77,4265.99,4250.53,4262.49
2025-10-20 15:30:00,4262.49,4268.29,4261.48,4265.5
2025-10-20 16:00:00,4265.5,4265.5,4246.29,4252.84
2025-10-20 16:30:00,4252.85,4257.09,4237.29,4237.29
2025-10-20 17:00:00,4237.29,4242.06,4223.08,4223.08
2025-10-20 17:30:00,4223.01,4235.9,4220.16,4231.1
2025-10-20 18:00:00,4230.88,4253.29,4229.01,4247.33
2025-10-20 18:30:00,4247.33,4251.92,4240.65,4245.67
2025-10-20 19:00:00,4245.66,4251.33,4241.69,4247.39
2025-10-20 19:30:00,4247.4,4252.34,4237.31,4244.39
2025-10-20 20:00:00,4244.39,4245.24,4238.47,4243.67
2025-10-20 20:30:00,4243.67,4252.3,4240.23,4249.59
2025-10-20 21:00:00,4249.6,4251.0,4237.29,4250.82
2025-10-20 21:30:00,4250.82,4253.69,4248.49,4251.57
2025-10-20 22:00:00,4251.56,4256.69,4246.64,4255.31
2025-10-20 22:30:00,4255.32,4269.42,4253.5,4269.17
2025-10-20 23:00:00,4269.18,4294.24,4265.84,4290.89
2025-10-20 23:30:00,4290.9,4326.98,4289.39,4325.14
2025-10-21 00:00:00,4325.14,4327.97,4315.42,4321.0
2025-10-21 00:30:00,4321.01,4321.49,4294.0,4296.8
2025-10-21 01:00:00,4296.91,4323.23,4281.5,4315.62
2025-10-21 01:30:00,4315.66,4328.69,4308.57,4327.54
2025-10-21 02:00:00,4327.74,4355.55,4327.74,4344.83
2025-10-21 02:30:00,4344.84,4349.25,4341.64,4348.17
2025-10-21 03:00:00,4348.16,4348.99,4339.59,4344.66
2025-10-21 03:30:00,4344.36,4352.65,4340.44,4349.03
2025-10-21 04:00:00,4349.02,4352.88,4335.46,4338.77
2025-10-21 04:30:00,4338.76,4347.19,4333.51,4346.41
2025-10-21 05:00:00,4346.4,4357.08,4344.4,4357.08
2025-10-21 05:30:00,4357.08,4366.16,4355.42,4364.09
2025-10-21 06:00:00,4364.09,4375.0,4364.09,4372.92
2025-10-21 06:30:00,4372.93,4401.66,4372.2,4388.43
2025-10-21 07:00:00,4388.43,4390.74,4355.9,4364.64
2025-10-21 07:30:00,4364.65,4371.29,4358.84,4367.43
2025-10-21 08:00:00,4367.47,4370.5,4355.9,4366.31
2025-10-21 08:30:00,4366.31,4375.46,4364.53,4370.0
2025-10-21 09:00:00,4369.69,4386.43,4363.29,4378.89
2025-10-21 09:30:00,4378.89,4379.33,4365.0,4372.84
2025-10-21 10:00:00,4372.83,4379.04,4366.4,4367.13
2025-10-21 10:30:00,4367.22,4368.28,4361.66,4364.09
2025-10-21 11:00:00,4363.81,4373.8,4361.34,4372.36
2025-10-21 11:30:00,4372.32,4374.83,4364.01,4371.82
2025-10-21 12:00:00,4371.81,4375.49,4358.0,4362.0
2025-10-21 12:30:00,4362.0,4362.01,4341.35,4356.34
2025-10-21 13:00:00,4356.38,4362.42,4347.63,4356.57
2025-10-21 13:30:00,4356.57,4357.09,4344.01,4347.9
2025-10-21 14:00:00,4347.91,4359.49,4347.91,4358.18
2025-10-21 14:30:00,4358.18,4362.94,4355.25,4357.86
2025-10-21 15:00:00,4357.86,4357.87,4350.99,4351.88
2025-10-21 15:30:00,4352.0,4352.0,4340.29,4346.95
2025-10-21 16:00:00,4346.7,4350.6,4330.72,4335.81
2025-10-21 16:30:00,4335.82,4335.82,4320.76,4326.34
2025-10-21 17:00:00,4326.15,4334.09,4320.76,4328.56
2025-10-21 17:30:00,4328.57,4349.17,4326.86,4347.2
2025-10-21 18:00:00,4347.2,4348.06,4328.52,4331.14
2025-10-21 18:30:00,4331.14,4331.14,4290.01,4299.65
2025-10-21 19:00:00,4299.66,4301.83,4252.77,4266.86
2025-10-21 19:30:00,4266.44,4276.57,4262.4,4274.73
2025-10-21 20:00:00,4274.24,4278.29,4254.6,4270.15
2025-10-21 20:30:00,4270.15,4275.81,4264.42,4265.59
2025-10-21 21:00:00,4265.6,4268.11,4250.37,4266.04
2025-10-21 21:30:00,4266.04,4266.56,4255.81,4256.49
2025-10-21 22:00:00,4256.66,4274.27,4255.61,4271.71
2025-10-21 22:30:00,4271.72,4271.74,4251.51,4257.24
2025-10-21 23:00:00,4257.8,4261.99,4220.0,4235.39
2025-10-21 23:30:00,4235.38,4236.0,4210.18,4216.39
2025-10-22 00:00:00,4215.86,4216.53,4190.0,4205.58
2025-10-22 00:30:00,4205.58,4230.77,4173.47,4179.79
2025-10-22 01:00:00,4179.78,4192.43,4128.95,4141.21
2025-10-22 01:30:00,4141.45,4148.07,4101.0,4146.69
2025-10-22 02:00:00,4146.24,4158.03,4127.47,4128.96
2025-10-22 02:30:00,4128.96,4150.22,4123.55,4139.2
2025-10-22 03:00:00,4139.4,4145.93,4094.72,4120.36
2025-10-22 03:30:00,4120.35,4125.47,4105.15,4112.42
2025-10-22 04:00:00,4112.42,4122.77,4097.78,4099.27
2025-10-22 04:30:00,4099.01,4122.22,4098.21,4113.05
2025-10-22 05:00:00,4113.04,4127.08,4112.63,4119.74
2025-10-22 05:30:00,4119.65,4131.51,4110.0,4119.5
2025-10-22 06:00:00,4119.5,4128.42,4107.4,4110.93
2025-10-22 06:30:00,4110.79,4118.88,4107.77,4114.57
2025-10-22 07:00:00,4114.09,4130.0,4112.33,4127.23
2025-10-22 07:30:00,4127.22,4137.1,4126.05,4130.33
2025-10-22 08:00:00,4130.33,4137.25,4126.32,4135.28
2025-10-22 08:30:00,4135.28,4138.42,4129.59,4138.42
2025-10-22 09:00:00,4138.42,4141.09,4123.48,4134.1
2025-10-22 09:30:00,4134.09,4134.09,4122.75,4125.0
2025-10-22 10:00:00,4125.0,4133.0,4120.77,4129.64
2025-10-22 10:30:00,4129.67,4132.37,4095.34,4098.31
2025-10-22 11:00:00,4098.82,4098.82,4020.0,4056.49
2025-10-22 11:30:00,4056.49,4095.0,4048.73,4080.06
2025-10-22 12:00:00,4080.07,4122.48,4067.73,4102.29
2025-10-22 12:30:00,4102.1,4110.33,4087.16,4089.62
2025-10-22 13:00:00,4089.62,4119.18,4089.62,4112.69
2025-10-22 13:30:00,4112.7,4119.41,4105.65,4117.83
2025-10-22 14:00:00,4117.83,4125.62,4110.02,4121.89
2025-10-22 14:30:00,4121.9,4147.04,4121.9,4133.33
2025-10-22 15:00:00,4133.77,4141.01,4116.14,4133.08
2025-10-22 15:30:00,4133.07,4136.75,4123.71,4133.05
2025-10-22 16:00:00,4133.05,4151.66,4132.7,4147.58
2025-10-22 16:30:00,4147.09,4151.65,4134.04,4141.63
2025-10-22 17:00:00,4141.62,4146.63,4132.77,4145.74
2025-10-22 17:30:00,4145.75,4167.79,4145.75,4164.15
2025-10-22 18:00:00,4164.15,4164.15,4140.11,4150.12
2025-10-22 18:30:00,4150.05,4155.0,4138.01,4138.01
2025-10-22 19:00:00,4138.02,4140.71,4064.79,4109.05
2025-10-22 19:30:00,4109.52,4117.08,4078.5,4078.5
2025-10-22 20:00:00,4078.51,4109.79,4073.88,4081.08
2025-10-22 20:30:00,4081.08,4089.98,4068.78,4076.73
2025-10-22 21:00:00,4076.72,4089.97,4067.26,4089.29
2025-10-22 21:30:00,4089.38,4097.65,4038.0,4049.52
2025-10-22 22:00:00,4049.91,4056.72,4026.49,4032.49
2025-10-22 22:30:00,4032.5,4042.96,4023.0,4041.49
2025-10-22 23:00:00,4041.5,4062.88,4040.16,4058.4
2025-10-22 23:30:00,4058.6,4067.57,4041.73,4050.16
2025-10-23 00:00:00,4050.01,4083.33,4050.01,4067.51
2025-10-23 00:30:00,4067.63,4097.0,4062.8,4088.54
2025-10-23 01:00:00,4088.8,4089.43,4057.65,4066.09
2025-10-23 01:30:00,4065.96,4067.49,4025.7,4027.82
2025-10-23 02:00:00,4028.33,4060.0,4028.32,4039.59
2025-10-23 02:30:00,4039.95,4050.64,4034.7,4042.51
2025-10-23 03:00:00,4042.5,4050.0,4030.38,4049.83
2025-10-23 03:30:00,4049.82,4071.77,4042.01,4066.3
2025-10-23 04:00:00,4066.29,4068.66,4050.61,4055.76
2025-10-23 04:30:00,4055.77,4074.74,4052.46,4074.44
2025-10-23 05:00:00,4074.44,4082.53,4072.0,4077.26
2025-10-23 05:30:00,4077.27,4083.31,4077.27,4080.4
2025-10-23 06:00:00,4080.39,4105.6,4080.21,4104.8
2025-10-23 06:30:00,4104.8,4114.14,4096.13,4101.48
2025-10-23 07:00:00,4101.33,4106.18,4089.3,4091.75
2025-10-23 07:30:00,4092.03,4104.21,4092.03,4101.14
2025-10-23 08:00:00,4101.26,4109.17,4094.18,4107.31
2025-10-23 08:30:00,4107.32,4111.26,4099.26,4099.89
2025-10-23 09:00:00,4099.89,4113.95,4098.01,4107.79
2025-10-23 09:30:00,4108.99,4109.04,4099.15,4107.05
2025-10-23 10:00:00,4107.05,4110.49,4087.13,4090.03
2025-10-23 10:30:00,4090.7,4098.78,4085.08,4091.78
2025-10-23 11:00:00,4092.05,4101.56,4070.0,4081.49
2025-10-23 11:30:00,4081.49,4087.99,4076.3,4084.6
2025-10-23 12:00:00,4084.6,4097.24,4068.9,4093.65
2025-10-23 12:30:00,4093.65,4095.99,4082.23,4082.23
2025-10-23 13:00:00,4082.12,4092.92,4081.92,4090.93
2025-10-23 13:30:00,4090.92,4092.82,4085.0,4090.83
2025-10-23 14:00:00,4091.01,4109.14,4086.27,4104.11
2025-10-23 14:30:00,4104.11,4104.11,4092.95996,4098.09
2025-10-23 15:00:00,4098.09,4098.09,4085.35,4089.56
2025-10-23 15:30:00,4089.56,4099.67,4088.0,4096.85
2025-10-23 16:00:00,4096.86,4098.31,4088.2,4093.54
2025-10-23 16:30:00,4093.72,4112.6,4093.16,4112.53
2025-10-23 17:00:00,4112.12,4134.91,4111.98,4123.3
2025-10-23 17:30:00,4123.3,4125.81,4107.94,4109.94
2025-10-23 18:00:00,4109.95,4124.77,4109.37,4116.8
2025-10-23 18:30:00,4116.38,4116.38,4057.14,4089.63
2025-10-23 19:00:00,4089.64,4116.25,4089.64,4113.99
2025-10-23 19:30:00,4113.99,4118.16,4108.06,4118.15
2025-10-23 20:00:00,4118.15,4123.99,4112.56,4123.79
2025-10-23 20:30:00,4123.78,4126.89,4113.42,4126.47
2025-10-23 21:00:00,4126.46,4126.69,4112.31,4113.42
2025-10-23 21:30:00,4113.35,4120.61,4103.75,4110.21
2025-10-23 22:00:00,4110.22,4122.66,4109.58,4117.6
2025-10-23 22:30:00,4117.61,4121.39,4113.48,4115.49
2025-10-23 23:00:00,4115.18,4120.43,4106.12,4113.37
2025-10-23 23:30:00,4113.37,4132.32,4113.37,4130.79
2025-10-24 00:00:00,4130.79,4153.55,4128.99,4149.87
2025-10-24 00:30:00,4149.47,4151.99,4135.36,4146.58
2025-10-24 01:00:00,4147.0,4157.46,4137.56,4149.34
2025-10-24 01:30:00,4149.34,4153.34,4142.99,4149.95
2025-10-24 02:00:00,4150.0,4153.29,4138.8,4145.8
2025-10-24 02:30:00,4145.8,4147.99,4137.14,4141.4
2025-10-24 03:00:00,4141.39,4149.06,4133.01,4140.13
2025-10-24 03:30:00,4140.13,4143.2,4126.1,4131.43
2025-10-24 04:00:00,4131.42,4137.52,4125.42,4129.35
2025-10-24 04:30:00,4129.35,4138.21,4128.21,4137.12
2025-10-24 05:00:00,4137.12,4144.81,4132.1,4141.51
2025-10-24 05:30:00,4141.5,4141.5,4130.98,4135.06
2025-10-24 06:00:00,4135.07,4136.35,4125.35,4128.62
2025-10-24 06:30:00,4128.62,4128.62,4116.07,4117.0
2025-10-24 07:00:00,4117.36,4117.48,4103.93,4104.0
2025-10-24 07:30:00,4104.0,4122.49,4102.0,4120.2
2025-10-24 08:00:00,4120.21,4127.97,4118.67,4118.69
2025-10-24 08:30:00,4118.69,4126.37,4118.15,4124.5
2025-10-24 09:00:00,4124.5,4126.64,4113.08,4116.57
2025-10-24 09:30:00,4117.01,4118.77,4109.01,4111.73
2025-10-24 10:00:00,4111.73,4116.15,4108.16,4108.17
2025-10-24 10:30:00,4108.16,4119.93,4103.64,4117.46
2025-10-24 11:00:00,4117.92,4130.22,4114.84,4130.22
2025-10-24 11:30:00,4130.21,4130.67,4124.19,4129.25
2025-10-24 12:00:00,4129.26,4139.52,4125.63,4133.4
2025-10-24 12:30:00,4133.64,4133.65,4113.05,4118.6
2025-10-24 13:00:00,4118.6,4118.6,4111.63,4112.53
2025-10-24 13:30:00,4112.53,4118.11,4111.7,4111.7
2025-10-24 14:00:00,4111.69,4119.71,4109.74,4118.84
2025-10-24 14:30:00,4118.83,4125.01,4115.86,4125.0
2025-10-24 15:00:00,4125.0,4125.01,4108.52,4109.21
2025-10-24 15:30:00,4109.21,4110.73,4100.0,4108.73
2025-10-24 16:00:00,4108.74,4115.2,4108.73,4111.22
2025-10-24 16:30:00,4111.28,4111.72,4102.99,4103.48
2025-10-24 17:00:00,4103.75,4104.12,4081.05,4090.46
2025-10-24 17:30:00,4090.46,4097.13,4084.7,4091.07
2025-10-24 18:00:00,4091.07,4093.35,4084.7,4086.02
2025-10-24 18:30:00,4086.02,4087.62,4067.75,4071.99
2025-10-24 19:00:00,4072.0,4074.77,4046.17,4054.53
2025-10-24 19:30:00,4054.52,4069.22,4051.58,4065.39
2025-10-24 20:00:00,4065.39,4071.99,4062.37,4069.11
2025-10-24 20:30:00,4069.12,4071.72,4055.0,4059.83
2025-10-24 21:00:00,4059.83,4068.95,4058.18,4058.99
2025-10-24 21:30:00,4058.98,4061.67,4053.18,4053.76
2025-10-24 22:00:00,4053.75,4066.4,4045.25,4059.2
2025-10-24 22:30:00,4059.19,4066.49,4057.02,4061.53
2025-10-24 23:00:00,4061.53,4065.22,4059.58,4061.93
2025-10-24 23:30:00,4061.92,4089.62,4061.69,4080.2
2025-10-25 00:00:00,4080.28,4120.07,4078.0,4107.76
2025-10-25 00:30:00,4107.76,4114.03,4094.75,4102.69
2025-10-25 01:00:00,4102.69,4126.98,4098.85,4115.81
2025-10-25 01:30:00,4115.95,4125.69,4105.88,4110.6
2025-10-25 02:00:00,4110.85,4120.37,4107.51,4118.07
2025-10-25 02:30:00,4118.07,4122.87,4113.81,4121.94
2025-10-25 03:00:00,4122.13,4139.62,4119.22,4131.3
2025-10-25 03:30:00,4131.31,4131.31,4114.04,4121.15
2025-10-25 04:00:00,4121.15,4125.53,4112.54,4112.74
2025-10-25 04:30:00,4112.75,4114.63,4100.01,4101.08
2025-10-25 05:00:00,4101.47,4103.49,4094.25,4097.5
2025-10-25 05:30:00,4097.49,4105.0,4096.21,4102.68
2025-10-25 06:00:00,4102.68,4113.7,4102.68,4106.21
2025-10-25 06:30:00,4106.13,4106.2,4095.74,4097.3
2025-10-25 07:00:00,4097.3,4097.31,4090.99,4093.51
2025-10-25 07:30:00,4093.51,4108.5,4093.5,4106.3
2025-10-25 08:00:00,4106.31,4112.5,4106.01,4112.45
2025-10-25 08:30:00,4112.45,4116.35,4110.43,4110.43
2025-10-25 09:00:00,4110.42,4111.18,4107.81,4107.81
2025-10-25 09:30:00,4107.8,4116.72,4107.31,4109.76
2025-10-25 10:00:00,4109.76,4117.64,4107.74,4115.58
2025-10-25 10:30:00,4115.58,4115.58,4103.4,4110.53
2025-10-25 11:00:00,4110.54,4113.64,4108.76,4111.02
2025-10-25 11:30:00,4111.01,4125.48,4109.88,4120.6
2025-10-25 12:00:00,4120.6,4127.13,4118.5,4120.74
2025-10-25 12:30:00,4120.73,4122.7,4112.44,4115.16
2025-10-25 13:00:00,4115.16,4116.74,4107.78,4112.45
2025-10-25 13:30:00,4112.46,4116.66,4109.47,4116.54
2025-10-25 14:00:00,4116.55,4116.67,4101.77,4113.81
2025-10-25 14:30:00,4113.82,4114.68,4109.79,4110.07
2025-10-25 15:00:00,4110.07,4115.14,4107.84,4108.2
2025-10-25 15:30:00,4108.2,4117.43,4107.82,4113.65
2025-10-25 16:00:00,4113.64,4113.65,4111.17,4111.34
2025-10-25 16:30:00,4111.33,4113.51,4109.16,4111.63
2025-10-25 17:00:00,4111.63,4112.92,4110.11,4110.14
2025-10-25 17:30:00,4110.13,4111.02,4107.18,4111.02
2025-10-25 18:00:00,4111.02,4112.45,4105.0,4106.45
2025-10-25 18:30:00,4106.44,4109.52,4106.22,4107.34
2025-10-25 19:00:00,4107.34,4111.09,4107.34,4110.46
2025-10-25 19:30:00,4110.45,4110.55,4108.29,4110.54
2025-10-25 20:00:00,4110.54,4116.78,4107.84,4112.37
2025-10-25 20:30:00,4112.36,4113.41,4109.85,4109.85
2025-10-25 21:00:00,4109.86,4116.12,4099.93,4108.88
2025-10-25 21:30:00,4108.89,4110.73,4108.82,4109.62
2025-10-25 22:00:00,4109.62,4109.79,4107.05,4107.05
2025-10-25 22:30:00,4107.04,4110.37,4107.01,4109.41
2025-10-25 23:00:00,4109.41,4111.65,4109.41,4110.26
2025-10-25 23:30:00,4110.26,4111.22,4108.64,4111.21
2025-10-27 08:30:00,4098.77,4098.77,4098.42,4098.42
2025-10-27 09:00:00,4098.42,4099.51,4069.62,4084.35
2025-10-27 09:30:00,4084.36,4093.3,4056.55,4074.58
2025-10-27 10:00:00,4074.16,4080.79,4064.81,4066.82
2025-10-27 10:30:00,4066.81,4072.7,4056.26,4059.96
2025-10-27 11:00:00,4059.95,4071.59,4056.01,4067.13
2025-10-27 11:30:00,4067.14,4081.86,4067.14,4079.99
2025-10-27 12:00:00,4079.87,4094.71,4072.95,4088.54
2025-10-27 12:30:00,4088.54,4089.97,4072.07,4075.48
2025-10-27 13:00:00,4075.47,4075.47,4065.51,4067.2
2025-10-27 13:30:00,4067.21,4072.89,4065.64,4067.01
2025-10-27 14:00:00,4067.0,4075.0,4059.45,4072.93
2025-10-27 14:30:00,4072.94,4077.56,4066.66,4066.67
2025-10-27 15:00:00,4066.67,4066.67,4051.07,4060.45
2025-10-27 15:30:00,4060.46,4065.84,4056.66,4064.89
2025-10-27 16:00:00,4064.89,4074.85,4059.18,4073.8
2025-10-27 16:30:00,4073.8,4076.47,4069.75,4072.76
2025-10-27 17:00:00,4072.75,4079.68,4070.42,4076.66
2025-10-27 17:30:00,4076.67,4081.07,4072.64,4075.75
2025-10-27 18:00:00,4075.76,4076.6,4064.08,4066.26
2025-10-27 18:30:00,4066.26,4069.24,4058.68,4063.71
2025-10-27 19:00:00,4063.71,4064.24,4049.51,4050.85
2025-10-27 19:30:00,4050.85,4058.21,4030.0,4043.33
2025-10-27 20:00:00,4043.19,4049.28,4030.22,4036.47
2025-10-27 20:30:00,4036.47,4046.67,4034.58,4037.19
2025-10-27 21:00:00,4037.19,4044.28,4033.79,4034.28
2025-10-27 21:30:00,4034.29,4042.56,4030.0,4035.72
2025-10-27 22:00:00,4035.72,4038.67,4024.8,4029.92
2025-10-27 22:30:00,4029.92,4031.79,4015.88,4023.84
2025-10-27 23:00:00,4023.84,4038.48,4022.07,4033.63
2025-10-27 23:30:00,4033.63,4048.48,4029.69,4040.21
2025-10-28 00:00:00,4040.22,4044.0,4026.53,4027.77
2025-10-28 00:30:00,4028.03,4032.97,4009.66,4019.1
2025-10-28 01:00:00,4019.11,4020.35,3987.16,3998.0
2025-10-28 01:30:00,3998.0,3998.68,3984.37,3987.39
2025-10-28 02:00:00,3987.39,3987.4,3951.0,3984.25
2025-10-28 02:30:00,3984.7,3989.59,3967.39,3986.79
2025-10-28 03:00:00,3986.97,3992.66,3980.2,3983.36
2025-10-28 03:30:00,3983.36,3993.94,3980.0,3993.46
2025-10-28 04:00:00,3993.46,3998.98,3985.12,3998.31
2025-10-28 04:30:00,3998.32,4000.56,3992.05,3999.51
2025-10-28 05:00:00,3999.32,4002.18,3996.11,3999.95
2025-10-28 05:30:00,3999.95,4000.7,3989.36,3989.36
2025-10-28 06:00:00,3989.37,3994.76,3981.33,3981.33
2025-10-28 06:30:00,3981.31,3982.86,3977.21,3980.31
2025-10-28 07:00:00,3980.41,3986.66,3977.89,3986.63
2025-10-28 07:30:00,3986.64,3987.09,3969.82,3973.34
2025-10-28 08:00:00,3973.34,3977.34,3970.08,3973.94
2025-10-28 08:30:00,3973.95,3976.33,3971.78,3973.44
2025-10-28 09:00:00,3973.44,3985.56,3971.48,3984.18
2025-10-28 09:30:00,3984.18,3987.0,3980.4,3981.8
2025-10-28 10:00:00,3981.8,3987.75,3976.47,3986.99
2025-10-28 10:30:00,3986.99,3995.37,3986.59,3992.2
2025-10-28 11:00:00,3992.19,3992.59,3970.87,3978.58
2025-10-28 11:30:00,3978.58,4002.33,3978.43,4000.17
2025-10-28 12:00:00,4000.07,4013.17,3998.48,4003.82
2025-10-28 12:30:00,4003.81,4009.41,3998.75,4006.65
2025-10-28 13:00:00,4006.66,4008.2,3991.28,3994.48
2025-10-28 13:30:00,3994.48,3995.47,3977.34,3980.38
2025-10-28 14:00:00,3980.39,3991.48,3980.39,3987.76
2025-10-28 14:30:00,3987.75,3991.09,3982.32,3990.1
2025-10-28 15:00:00,3990.15,3991.69,3966.0,3970.13
2025-10-28 15:30:00,3970.13,3976.78,3966.46,3973.0
2025-10-28 16:00:00,3972.71,3977.46,3967.6,3972.91
2025-10-28 16:30:00,3972.91,3973.34,3958.0,3963.94
2025-10-28 17:00:00,3963.94,3965.0,3952.14,3953.09
2025-10-28 17:30:00,3953.08,3955.15,3938.0,3941.32
2025-10-28 18:00:00,3940.81,3947.51,3928.0,3929.78
2025-10-28 18:30:00,3929.55,3935.03,3921.0,3932.14
2025-10-28 19:00:00,3932.14,3934.9,3911.22,3915.26
2025-10-28 19:30:00,3915.61,3919.68,3903.47,3907.07
2025-10-28 20:00:00,3907.08,3917.58,3900.0,3914.28
2025-10-28 20:30:00,3914.27,3921.39,3907.34,3914.43
2025-10-28 21:00:00,3914.43,3918.48,3910.11,3915.66
2025-10-28 21:30:00,3915.66,3939.8,3915.66,3934.37
2025-10-28 22:00:00,3934.38,3934.38,3919.07,3925.25
2025-10-28 22:30:00,3925.24,3937.09,3925.1,3931.36
2025-10-28 23:00:00,3931.37,3938.37,3931.11,3932.09
2025-10-28 23:30:00,3932.32,3933.91,3913.63,3921.24
2025-10-29 00:00:00,3921.06,3940.43,3921.06,3939.14
2025-10-29 00:30:00,3939.5,3946.74,3923.92,3945.17
2025-10-29 01:00:00,3945.18,3954.36,3941.41,3954.36
2025-10-29 01:30:00,3954.69,4000.0,3944.72,3953.29
2025-10-29 02:00:00,3953.29,3965.21,3952.33,3961.56
2025-10-29 02:30:00,3961.56,3975.21,3960.86,3970.74
2025-10-29 03:00:00,3970.73,3973.7,3962.26,3970.84
2025-10-29 03:30:00,3971.29,3973.01,3960.27,3964.0
2025-10-29 04:00:00,3964.01,3976.22,3963.3,3973.84
2025-10-29 04:30:00,3973.85,3975.16,3962.54,3969.28
2025-10-29 05:00:00,3969.25,3970.18,3960.23,3962.05
2025-10-29 05:30:00,3962.05,3963.04,3953.36,3962.09
2025-10-29 06:00:00,3962.1,3968.89,3957.49,3965.95
2025-10-29 06:30:00,3965.83,3970.16,3958.84,3967.98
2025-10-29 07:00:00,3967.97,3967.97,3954.48,3956.52
2025-10-29 07:30:00,3956.52,3962.42,3955.78,3955.84
2025-10-29 08:00:00,3955.84,3960.73,3951.11,3960.12
2025-10-29 08:30:00,3960.12,3961.8,3957.96,3958.23
2025-10-29 09:00:00,3958.23,3964.08,3930.08,3949.71
2025-10-29 09:30:00,3949.7,3951.0,3938.74,3939.28
2025-10-29 10:00:00,3938.73,3957.21,3938.73,3954.84
2025-10-29 10:30:00,3954.84,3970.91,3951.09,3968.36
2025-10-29 11:00:00,3968.42,3979.11,3965.93,3977.46
2025-10-29 11:30:00,3977.2,3987.5,3973.48,3981.01
2025-10-29 12:00:00,3981.1,3985.31,3974.46,3976.29
2025-10-29 12:30:00,3976.3,3978.76,3956.66,3975.86
2025-10-29 13:00:00,3975.85,3975.9,3965.97,3966.44
2025-10-29 13:30:00,3966.44,3966.91,3950.01,3963.74
2025-10-29 14:00:00,3963.53,3971.12,3960.21,3965.21
2025-10-29 14:30:00,3965.21,3972.79,3963.28,3964.2
2025-10-29 15:00:00,3964.2,3966.24,3953.58,3955.31
2025-10-29 15:30:00,3955.31,3962.65,3954.27,3955.12
2025-10-29 16:00:00,3955.0,3966.32,3953.08,3961.77
2025-10-29 16:30:00,3961.76,3968.24,3958.27,3965.2
2025-10-29 17:00:00,3965.19,3977.76,3962.59,3973.98
2025-10-29 17:30:00,3973.86,3986.29,3973.86,3981.09
2025-10-29 18:00:00,3981.08,3999.98,3979.1,3998.2
2025-10-29 18:30:00,3998.29,4001.52,3990.23,4001.52
2025-10-29 19:00:00,4001.53,4015.03,3999.86,4012.03
2025-10-29 19:30:00,4012.03,4020.0,4004.0,4017.94
2025-10-29 20:00:00,4017.95,4021.96,4013.65,4016.76
2025-10-29 20:30:00,4016.76,4029.63,4013.6,4025.88
2025-10-29 21:00:00,4025.89,4031.43,4018.82,4027.27
2025-10-29 21:30:00,4027.27,4030.96,4023.89,4026.17
2025-10-29 22:00:00,4026.17,4030.86,4018.24,4018.72
2025-10-29 22:30:00,4018.73,4020.64,4013.9,4018.16
2025-10-29 23:00:00,4018.17,4030.63,4015.22,4027.95
2025-10-29 23:30:00,4027.94,4029.65,4022.65,4025.43
2025-10-30 00:00:00,4025.42,4025.42,4013.13,4018.26
2025-10-30 00:30:00,4018.27,4018.67,4000.95,4011.25
2025-10-30 01:00:00,4011.24,4021.4,4011.24,4017.1
2025-10-30 01:30:00,4017.1,4020.53,4010.29,4011.04
2025-10-30 02:00:00,4011.04,4014.79,4006.88,4010.31
2025-10-30 02:30:00,4010.3,4012.01,3989.0,3995.02
2025-10-30 03:00:00,3994.75,4000.78,3991.21,3997.93
2025-10-30 03:30:00,3997.94,4000.91,3990.0,3995.13
2025-10-30 04:00:00,3995.13,3998.77,3989.0,3989.0
2025-10-30 04:30:00,3988.94,3998.88,3988.94,3997.74
2025-10-30 05:00:00,3997.74,4008.95,3978.59,3983.09
2025-10-30 05:30:00,3983.09,3990.75,3938.09,3974.78
2025-10-30 06:00:00,3974.77,3983.17,3956.44,3957.85
2025-10-30 06:30:00,3957.85,3958.7,3933.18,3949.3
2025-10-30 07:00:00,3949.55,3960.06,3937.81,3951.89
2025-10-30 07:30:00,3951.89,3953.89,3931.0,3936.37
2025-10-30 08:00:00,3936.16,3942.25,3934.88,3941.88
2025-10-30 08:30:00,3941.88,3942.91,3934.14,3934.31
2025-10-30 09:00:00,3934.31,3946.81,3921.71,3941.05
2025-10-30 09:30:00,3941.06,3950.84,3936.99,3945.27
2025-10-30 10:00:00,3945.26,3952.8,3944.31,3952.32
2025-10-30 10:30:00,3952.32,3956.26,3943.35,3956.23
2025-10-30 11:00:00,3955.76,3967.71,3955.44,3963.19
2025-10-30 11:30:00,3963.31,3963.31,3943.07,3955.32
2025-10-30 12:00:00,3955.33,3969.71,3951.96,3956.03
2025-10-30 12:30:00,3956.28,3965.81,3953.49,3954.68
2025-10-30 13:00:00,3954.68,3954.68,3931.0,3938.7
2025-10-30 13:30:00,3938.93,3946.19,3929.24,3929.24
2025-10-30 14:00:00,3929.23,3941.06,3923.15,3937.91
2025-10-30 14:30:00,3937.9,3943.29,3927.7,3941.1
2025-10-30 15:00:00,3941.16,3963.1,3938.48,3962.03
2025-10-30 15:30:00,3962.2,3985.01,3961.69,3972.8
2025-10-30 16:00:00,3972.62,3976.76,3950.0,3950.38
2025-10-30 16:30:00,3950.49,3972.61,3947.79,3963.31
2025-10-30 17:00:00,3963.32,3970.58,3957.55,3964.72
2025-10-30 17:30:00,3965.19,3976.04,3958.65,3975.76
2025-10-30 18:00:00,3975.57,3975.75,3965.12,3970.64
2025-10-30 18:30:00,3970.96,3971.96,3956.85,3961.39
2025-10-30 19:00:00,3961.38,3973.21,3960.36,3973.11
2025-10-30 19:30:00,3972.58,3977.2,3968.95,3977.2
2025-10-30 20:00:00,3977.22,4008.04,3954.46,4000.82
2025-10-30 20:30:00,4000.82,4003.94,3991.12,3997.49
2025-10-30 21:00:00,3997.49,3998.49,3983.49,3985.23
2025-10-30 21:30:00,3985.49,3987.34,3974.55,3984.38
2025-10-30 22:00:00,3984.34,3984.76,3966.12,3967.99
2025-10-30 22:30:00,3967.98,3977.29,3967.46,3976.02
2025-10-30 23:00:00,3976.01,3986.89,3971.43,3971.87
2025-10-30 23:30:00,3971.86,3979.4,3962.04,3962.5
2025-10-31 00:00:00,3962.07,3978.37,3960.79,3971.4
2025-10-31 00:30:00,3971.23,3994.43,3962.14,3994.05
2025-10-31 01:00:00,3994.06,4009.8,3990.24,3995.97
2025-10-31 01:30:00,3995.97,3999.0,3985.37,3995.73
2025-10-31 02:00:00,3995.73,4001.09,3987.95,3997.53
2025-10-31 02:30:00,3997.52,4005.01,3996.42,3999.16
2025-10-31 03:00:00,3999.16,4000.32,3989.42,3994.24
2025-10-31 03:30:00,3994.24,4002.25,3993.39,4002.25
2025-10-31 04:00:00,4002.24,4003.75,3993.94,3999.91
2025-10-31 04:30:00,3999.9,4015.01,3999.5,4002.04
2025-10-31 05:00:00,4002.04,4010.43,3996.75,4010.43
2025-10-31 05:30:00,4010.44,4013.98,4002.31,4011.15
2025-10-31 06:00:00,4011.15,4020.53,4011.15,4015.33
2025-10-31 06:30:00,4015.33,4023.0,4015.33,4020.42
2025-10-31 07:00:00,4020.71,4024.26,4015.26,4016.07
2025-10-31 07:30:00,4016.14,4024.43,4013.47,4023.99
2025-10-31 08:00:00,4023.99,4024.99,4017.11,4020.27
2025-10-31 08:30:00,4020.26,4020.46,4015.06,4020.46
2025-10-31 09:00:00,4020.47,4022.65,4012.42,4016.8
2025-10-31 09:30:00,4016.8,4038.22,4016.8,4033.38
2025-10-31 10:00:00,4033.38,4033.7,4015.56,4025.84
2025-10-31 10:30:00,4025.83,4040.0,4024.58,4034.25
2025-10-31 11:00:00,4034.26,4034.56,4024.64,4026.86
2025-10-31 11:30:00,4026.86,4030.61,4023.24,4024.51
2025-10-31 12:00:00,4024.51,4035.0,4020.0,4028.7
2025-10-31 12:30:00,4029.09,4029.74,4011.57,4015.88
2025-10-31 13:00:00,4016.1,4016.5,4003.37,4011.06
2025-10-31 13:30:00,4011.07,4015.41,4000.07,4009.23
2025-10-31 14:00:00,4009.52,4012.52,3990.0,3998.11
2025-10-31 14:30:00,3998.12,4003.01,3993.09,3994.43
2025-10-31 15:00:00,3994.43,3999.48,3988.57,3999.48
2025-10-31 15:30:00,3999.6,4007.99,3996.53,4005.24
2025-10-31 16:00:00,4005.24,4005.24,3994.66,4001.2
2025-10-31 16:30:00,4001.19,4009.99,3998.31,4005.08
2025-10-31 17:00:00,4005.07,4014.51,4003.13,4009.07
2025-10-31 17:30:00,4009.06,4013.6,4006.94,4013.36
2025-10-31 18:00:00,4013.1,4023.7,4008.33,4023.0
2025-10-31 18:30:00,4023.68,4026.25,4014.51,4023.86
2025-10-31 19:00:00,4023.86,4031.8,4020.1,4022.22
2025-10-31 19:30:00,4022.79,4028.17,4009.27,4013.09
2025-10-31 20:00:00,4013.09,4016.23,3999.66,4005.0
2025-10-31 20:30:00,4005.0,4009.3,3999.74,4007.45
2025-10-31 21:00:00,4007.45,4015.7,4003.76,4007.88
2025-10-31 21:30:00,4007.39,4008.25,4000.2,4002.78
2025-10-31 22:00:00,4002.78,4005.36,4000.0,4001.85
2025-10-31 22:30:00,4001.85,4011.29,3998.71,4007.61
2025-10-31 23:00:00,4007.61,4022.05,4007.19,4017.59
2025-10-31 23:30:00,4017.59,4032.56,4014.42,4020.82
2025-11-01 00:00:00,4020.81,4032.43,4019.09,4025.24
2025-11-01 00:30:00,4025.82,4027.42,4011.18,4015.69
2025-11-01 01:00:00,4015.69,4025.92,4015.0,4015.0
2025-11-01 01:30:00,4015.0,4021.32,4010.45,4020.81
2025-11-01 02:00:00,4020.75,4020.75,4010.51,4016.06
2025-11-01 02:30:00,4016.52,4020.61,4010.43,4011.79
2025-11-01 03:00:00,4012.04,4013.84,3971.81,3985.35
2025-11-01 03:30:00,3985.34,3989.07,3974.44,3976.39
2025-11-01 04:00:00,3976.39,3984.99,3976.21,3979.26
2025-11-01 04:30:00,3979.27,3997.4,3973.87,3992.5
2025-11-01 05:00:00,3992.49,4003.21,3989.52,4002.92
2025-11-01 05:30:00,4002.91,4002.91,3994.5,3995.22
2025-11-01 06:00:00,3995.01,4001.87,3987.22,3996.24
2025-11-01 06:30:00,3996.23,3996.23,3988.74,3995.65
2025-11-01 07:00:00,3995.65,3997.77,3991.21,3997.77
2025-11-01 07:30:00,3997.77,4001.2,3996.23,3996.23
2025-11-01 08:00:00,3995.93,4004.0,3995.92,3998.86
2025-11-01 08:30:00,3998.85,4004.21,3996.32,4000.7
2025-11-01 09:00:00,4000.71,4003.0,3998.34,4002.78
2025-11-01 09:30:00,4002.78,4002.78,4000.0,4000.05
2025-11-01 10:00:00,4000.09,4003.46,4000.08,4003.43
2025-11-01 10:30:00,4003.43,4003.52,4000.16,4000.16
2025-11-01 11:00:00,4000.16,4005.63,3995.51,4001.27
2025-11-01 11:30:00,4001.27,4003.76,4001.02,4002.05
2025-11-01 12:00:00,4002.06,4004.82,4000.84,4004.32
2025-11-01 12:30:00,4004.32,4005.42,4002.21,4002.23
2025-11-01 13:00:00,4002.23,4003.49,4001.32,4002.06
2025-11-01 13:30:00,4002.07,4002.07,3999.71,4001.95
2025-11-01 14:00:00,4001.95,4005.95,4001.33,4004.97
2025-11-01 14:30:00,4004.97,4004.97,4003.77,4004.43
2025-11-01 15:00:00,4004.43,4007.15,4004.43,4007.15
2025-11-01 15:30:00,4007.14,4007.15,4003.62,4005.75
2025-11-01 16:00:00,4005.75,4005.85,4003.38,4003.87
2025-11-01 16:30:00,4003.88,4003.88,4003.18,4003.19
2025-11-01 17:00:00,4003.18,4005.14,4002.89,4003.85
2025-11-01 17:30:00,4003.86,4006.57,4002.5,4003.53
2025-11-01 18:00:00,4003.53,4006.58,4002.43,4003.86
2025-11-01 18:30:00,4003.86,4004.35,4002.94,4002.96
2025-11-01 19:00:00,4002.96,4005.62,4001.84,4002.88
2025-11-01 19:30:00,4002.88,4005.36,4002.88,4003.75
2025-11-01 20:00:00,4003.75,4004.15,4002.85,4002.85
2025-11-01 20:30:00,4002.85,4004.13,4002.18,4004.09
2025-11-01 21:00:00,4004.09,4004.85,4003.7,4003.7
2025-11-01 21:30:00,4003.71,4009.88,4003.7,4008.45
2025-11-01 22:00:00,4008.45,4009.63,4008.45,4008.6
2025-11-01 22:30:00,4008.6,4009.48,4007.46,4008.72
2025-11-01 23:00:00,4008.71,4008.71,4005.68,4005.98
2025-11-01 23:30:00,4005.99,4005.99,4001.4,4001.4
2025-11-03 09:30:00,3997.44,3998.31,3996.89,3996.89
2025-11-03 10:00:00,3996.89,3997.12,3985.51,3991.66
2025-11-03 10:30:00,3991.66,3992.17,3976.88,3979.05
2025-11-03 11:00:00,3979.05,3986.22,3962.2,3970.31
2025-11-03 11:30:00,3970.31,3977.01,3963.91,3971.28
2025-11-03 12:00:00,3971.41,3997.77,3966.57,3996.68
2025-11-03 12:30:00,3996.78,4002.21,3990.26,3997.68
2025-11-03 13:00:00,3997.63,4006.34,3993.32,3995.69
2025-11-03 13:30:00,3995.7,4005.0,3995.01,4002.01
2025-11-03 14:00:00,4001.97,4007.46,3996.2,4000.63
2025-11-03 14:30:00,4000.62,4010.05,3999.47,4005.89
2025-11-03 15:00:00,4005.89,4009.64,3999.08,4001.98
2025-11-03 15:30:00,4001.97,4004.85,3999.65,4001.01
2025-11-03 16:00:00,4001.0,4008.71,3995.74,4007.7
2025-11-03 16:30:00,4007.71,4013.12,4007.71,4011.07
2025-11-03 17:00:00,4011.06,4016.0,4008.03,4012.99
2025-11-03 17:30:00,4013.0,4014.91,4008.75,4014.15
2025-11-03 18:00:00,4014.16,4018.22,4010.98,4015.53
2025-11-03 18:30:00,4015.15,4020.78,4012.37,4020.34
2025-11-03 19:00:00,4020.35,4023.18,4008.67,4011.91
2025-11-03 19:30:00,4011.58,4016.79,4009.07,4016.76
2025-11-03 20:00:00,4016.37,4021.75,4003.54,4004.47
2025-11-03 20:30:00,4004.6,4005.62,3989.41,3998.32
2025-11-03 21:00:00,3998.22,4001.87,3980.0,3996.82
2025-11-03 21:30:00,3996.65,3998.37,3991.8,3996.52
2025-11-03 22:00:00,3996.53,4003.95,3993.77,4003.51
2025-11-03 22:30:00,4003.52,4004.8,4000.47,4003.3
2025-11-03 23:00:00,4003.3,4006.46,3999.59,4001.73
2025-11-03 23:30:00,4001.72,4009.75,4000.23,4009.47
2025-11-04 00:00:00,4009.88,4016.09,4009.0,4011.95
2025-11-04 00:30:00,4011.88,4015.91,4008.3,4013.48
2025-11-04 01:00:00,4013.48,4017.67,4007.23,4007.38
2025-11-04 01:30:00,4007.38,4021.03,4001.2,4019.28
2025-11-04 02:00:00,4019.28,4024.93,4005.6,4007.91
2025-11-04 02:30:00,4007.48,4018.12,4000.0,4003.73
2025-11-04 03:00:00,4003.78,4008.28,3990.78,3993.04
2025-11-04 03:30:00,3993.04,4003.04,3990.0,4001.69
2025-11-04 04:00:00,4001.79,4006.2,3999.0,4002.28
2025-11-04 04:30:00,4002.27,4005.46,3999.83,4002.22
2025-11-04 05:00:00,4002.23,4002.23,3995.0,3997.0
2025-11-04 05:30:00,3997.0,4003.83,3997.0,4001.76
2025-11-04 06:00:00,4001.51,4002.54,3990.5,3998.6
2025-11-04 06:30:00,3998.6,4002.7,3995.77,3999.2
2025-11-04 07:00:00,3999.67,4009.04,3999.67,4006.26
2025-11-04 07:30:00,4006.25,4006.56,4002.26,4004.56
2025-11-04 08:00:00,4004.55,4005.0,3996.16,3996.16
2025-11-04 08:30:00,3996.16,3998.75,3995.22,3998.01
2025-11-04 09:00:00,3998.01,3999.77,3994.12,3999.77
2025-11-04 09:30:00,3999.77,4001.27,3995.95,3997.91
2025-11-04 10:00:00,3997.91,3997.97,3980.07,3988.79
2025-11-04 10:30:00,3988.91,3993.58,3985.94,3992.01
2025-11-04 11:00:00,3992.02,3993.37,3985.0,3986.2
2025-11-04 11:30:00,3986.21,3986.94,3975.0,3981.76
2025-11-04 12:00:00,3981.76,3990.01,3977.93,3980.32
2025-11-04 12:30:00,3980.39,3987.42,3972.97,3984.19
2025-11-04 13:00:00,3984.2,3984.2,3969.99,3978.33
2025-11-04 13:30:00,3978.33,3980.0,3967.12,3979.99
2025-11-04 14:00:00,3980.0,3990.68,3976.01,3988.49
2025-11-04 14:30:00,3988.48,3996.92,3987.57,3990.87
2025-11-04 15:00:00,3991.09,3991.09,3984.76,3989.0
2025-11-04 15:30:00,3989.0,3990.0,3980.78,3981.66
2025-11-04 16:00:00,3981.67,3984.25,3978.45,3979.58
2025-11-04 16:30:00,3979.52,3981.2,3967.51,3967.51
2025-11-04 17:00:00,3967.52,3971.79,3960.38,3970.67
2025-11-04 17:30:00,3970.68,3980.85,3969.61,3978.72
2025-11-04 18:00:00,3978.71,3988.99,3975.09,3987.85
2025-11-04 18:30:00,3987.85,4009.0,3982.77,3988.3
2025-11-04 19:00:00,3988.3,3992.96,3983.46,3992.45
2025-11-04 19:30:00,3992.44,3992.44,3987.53,3988.88
2025-11-04 20:00:00,3988.88,3989.53,3984.23,3985.7
2025-11-04 20:30:00,3985.7,3991.99,3984.54,3985.59
2025-11-04 21:00:00,3985.59,3990.19,3980.27,3986.19
2025-11-04 21:30:00,3986.19,3992.42,3985.16,3988.18
2025-11-04 22:00:00,3988.19,3993.27,3987.86,3991.19
2025-11-04 22:30:00,3991.2,3995.0,3989.44,3991.52
2025-11-04 23:00:00,3991.51,3992.25,3983.85,3983.85
2025-11-04 23:30:00,3983.85,3986.39,3978.84,3979.88
2025-11-05 00:00:00,3979.4,3988.57,3977.24,3978.85
2025-11-05 00:30:00,3978.85,3981.2,3967.29,3969.8
2025-11-05 01:00:00,3969.79,3972.57,3947.93,3948.02
2025-11-05 01:30:00,3948.02,3956.66,3927.23,3954.25
2025-11-05 02:00:00,3954.25,3955.2,3940.4,3948.19
2025-11-05 02:30:00,3948.19,3964.16,3946.71,3951.97
2025-11-05 03:00:00,3951.97,3968.33,3951.97,3965.71
2025-11-05 03:30:00,3965.71,3968.35,3957.97,3961.06
2025-11-05 04:00:00,3961.07,3963.6,3949.58,3951.57
2025-11-05 04:30:00,3951.56,3957.5,3942.8,3946.42
2025-11-05 05:00:00,3945.99,3946.91,3927.0,3940.54
2025-11-05 05:30:00,3940.54,3941.61,3918.0,3930.5
2025-11-05 06:00:00,3930.5,3939.76,3926.54,3935.53
2025-11-05 06:30:00,3935.78,3936.39,3928.31,3930.56
2025-11-05 07:00:00,3930.56,3932.31,3922.18,3930.73
2025-11-05 07:30:00,3930.73,3936.24,3929.03,3931.35
2025-11-05 08:00:00,3931.35,3932.34,3920.0,3925.81
2025-11-05 08:30:00,3925.94,3929.78,3921.7,3926.01
2025-11-05 09:00:00,3926.01,3935.0,3924.81,3933.74
2025-11-05 09:30:00,3933.74,3934.66,3926.51,3928.09
2025-11-05 10:00:00,3928.09,3934.29,3926.3,3931.92
2025-11-05 10:30:00,3931.92,3932.92,3925.35,3929.18
2025-11-05 11:00:00,3929.45,3936.15,3925.98,3932.24
2025-11-05 11:30:00,3932.25,3932.57,3921.83,3931.81
2025-11-05 12:00:00,3931.81,3938.03,3929.61,3937.47
2025-11-05 12:30:00,3937.47,3939.0,3920.0,3926.67
2025-11-05 13:00:00,3926.67,3936.17,3926.67,3930.69
2025-11-05 13:30:00,3930.7,3944.8,3929.83,3942.73
2025-11-05 14:00:00,3942.73,3951.34,3942.46,3949.75
2025-11-05 14:30:00,3949.71,3960.23,3948.63,3957.01
2025-11-05 15:00:00,3957.0,3959.66,3955.28,3957.36
2025-11-05 15:30:00,3957.37,3965.44,3957.37,3960.5
2025-11-05 16:00:00,3960.5,3968.69,3957.25,3967.0
2025-11-05 16:30:00,3966.71,3966.71,3952.95,3954.44
2025-11-05 17:00:00,3954.44,3958.9,3952.12,3956.87
2025-11-05 17:30:00,3956.88,3963.97,3955.26,3961.03
2025-11-05 18:00:00,3961.02,3962.99,3957.19,3959.89
2025-11-05 18:30:00,3959.88,3966.91,3958.54,3965.97
2025-11-05 19:00:00,3965.97,3977.86,3965.97,3970.99
2025-11-05 19:30:00,3970.99,3977.42,3970.76,3971.87
2025-11-05 20:00:00,3971.86,3972.98,3958.68,3959.3
2025-11-05 20:30:00,3959.46,3966.44,3958.12,3966.07
2025-11-05 21:00:00,3966.08,3966.08,3952.18,3959.17
2025-11-05 21:30:00,3959.16,3963.33,3953.54,3957.36
2025-11-05 22:00:00,3957.58,3961.79,3952.72,3953.91
2025-11-05 22:30:00,3953.67,3962.54,3953.01,3961.52
2025-11-05 23:00:00,3961.53,3965.22,3957.36,3964.3
2025-11-05 23:30:00,3964.3,3966.34,3959.53,3965.7
2025-11-06 00:00:00,3965.84,3970.51,3960.25,3970.2
2025-11-06 00:30:00,3970.21,3974.45,3965.98,3970.57
2025-11-06 01:00:00,3970.89,3980.0,3969.46,3979.08
2025-11-06 01:30:00,3979.04,3980.0,3966.26,3969.65
2025-11-06 02:00:00,3969.65,3975.76,3961.01,3974.98
2025-11-06 02:30:00,3974.98,3980.79,3974.35,3974.86
2025-11-06 03:00:00,3974.86,3978.47,3971.5,3975.78
2025-11-06 03:30:00,3975.78,3983.34,3973.38,3982.83
2025-11-06 04:00:00,3982.83,3984.68,3975.59,3981.51
2025-11-06 04:30:00,3981.47,3982.85,3979.35,3981.92
2025-11-06 05:00:00,3981.85,3984.74,3978.88,3982.6
2025-11-06 05:30:00,3982.6,3984.0,3975.16,3980.45
2025-11-06 06:00:00,3980.45,3983.79,3977.0,3981.62
2025-11-06 06:30:00,3981.61,3985.32,3979.98,3984.63
2025-11-06 07:00:00,3984.64,3988.23,3982.19,3985.99
2025-11-06 07:30:00,3985.99,3987.69,3980.91,3983.02
2025-11-06 08:00:00,3983.02,3984.33,3980.19,3981.31
2025-11-06 08:30:00,3981.31,3984.91,3978.01,3979.61
2025-11-06 09:00:00,3979.62,3979.62,3976.54,3976.54
2025-11-06 09:30:00,3976.54,3980.57,3976.54,3979.3
2025-11-06 10:00:00,3979.29,3980.62,3962.92,3968.74
2025-11-06 10:30:00,3968.75,3974.83,3968.74,3971.74
2025-11-06 11:00:00,3971.75,3972.41,3968.11,3971.26
2025-11-06 11:30:00,3971.26,3971.26,3966.28,3971.26
2025-11-06 12:00:00,3971.45,3972.18,3958.68,3963.37
2025-11-06 12:30:00,3963.37,3970.69,3961.89,3970.69
2025-11-06 13:00:00,3970.68,3974.28,3967.73,3971.75
2025-11-06 13:30:00,3971.76,3977.92,3971.76,3976.36
2025-11-06 14:00:00,3976.37,3979.76,3974.23,3979.16
2025-11-06 14:30:00,3979.43,3984.59,3979.43,3981.99
2025-11-06 15:00:00,3982.0,3983.65,3979.92,3982.14
2025-11-06 15:30:00,3982.14,3984.81,3980.36,3984.34
2025-11-06 16:00:00,3984.34,3985.21,3981.15,3984.01
2025-11-06 16:30:00,3984.0,3984.0,3979.1,3981.86
2025-11-06 17:00:00,3981.85,3983.19,3979.01,3981.23
2025-11-06 17:30:00,3981.23,3984.97,3975.21,3984.04
2025-11-06 18:00:00,3984.04,4002.83,3984.04,3998.46
2025-11-06 18:30:00,3998.47,4007.0,3998.47,4002.18
2025-11-06 19:00:00,4002.41,4013.39,4001.92,4013.01
2025-11-06 19:30:00,4013.0,4013.59,4006.98,4011.25
2025-11-06 20:00:00,4011.63,4013.68,4008.88,4009.85
2025-11-06 20:30:00,4009.63,4010.63,4008.03,4009.1
2025-11-06 21:00:00,4008.81,4011.41,4001.44,4001.92
2025-11-06 21:30:00,4001.92,4006.47,4001.0,4005.77
2025-11-06 22:00:00,4005.77,4009.21,4005.0,4007.81
2025-11-06 22:30:00,4007.81,4015.75,4007.71,4015.75
2025-11-06 23:00:00,4015.74,4020.0,4009.36,4010.25
2025-11-06 23:30:00,4010.25,4010.92,4002.52,4003.6
2025-11-07 00:00:00,4003.59,4014.67,4002.78,4011.15
2025-11-07 00:30:00,4011.14,4014.0,4009.25,4010.09
2025-11-07 01:00:00,4010.04,4010.92,3986.41,3987.0
2025-11-07 01:30:00,3986.99,3995.9,3985.43,3985.43
2025-11-07 02:00:00,3985.43,3985.43,3970.01,3978.6
2025-11-07 02:30:00,3978.6,3978.6,3967.1,3975.32
2025-11-07 03:00:00,3975.31,3979.99,3972.49,3979.09
2025-11-07 03:30:00,3979.22,3980.6,3972.57,3977.75
2025-11-07 04:00:00,3977.86,3981.57,3962.18,3967.34
2025-11-07 04:30:00,3967.34,3985.42,3965.39,3984.1
2025-11-07 05:00:00,3984.11,3987.09,3978.6,3981.07
2025-11-07 05:30:00,3981.26,3988.79,3981.25,3985.93
2025-11-07 06:00:00,3985.94,3992.4,3984.58,3989.3
2025-11-07 06:30:00,3989.31,3989.31,3979.47,3981.31
2025-11-07 07:00:00,3981.31,3981.99,3977.73,3979.0
2025-11-07 07:30:00,3978.68,3981.31,3975.22,3976.54
2025-11-07 08:00:00,3976.54,3979.25,3973.49,3978.92
2025-11-07 08:30:00,3978.91,3978.92,3972.9,3974.79
2025-11-07 09:00:00,3974.8,3980.04,3974.79,3975.75
2025-11-07 09:30:00,3975.75,3978.5,3973.25,3976.22
2025-11-07 10:00:00,3976.22,3982.26,3972.1,3980.37
2025-11-07 10:30:00,3980.37,3986.26,3978.52,3986.26
2025-11-07 11:00:00,3986.26,3988.23,3980.71,3987.32
2025-11-07 11:30:00,3987.32,3989.7,3985.1,3985.59
2025-11-07 12:00:00,3985.59,3997.66,3984.15,3993.8
2025-11-07 12:30:00,3993.81,3998.67,3991.26,3998.0
2025-11-07 13:00:00,3998.0,3999.0,3990.5,3991.84
2025-11-07 13:30:00,3991.84,3995.53,3988.83,3991.84
2025-11-07 14:00:00,3991.83,3993.4,3985.29,3988.48
2025-11-07 14:30:00,3988.48,3991.23,3985.68,3986.7
2025-11-07 15:00:00,3986.7,3992.46,3981.63,3990.98
2025-11-07 15:30:00,3990.99,3994.33,3988.58,3994.33
2025-11-07 16:00:00,3994.34,3995.74,3987.96,3990.58
2025-11-07 16:30:00,3990.36,3992.57,3987.95,3989.25
2025-11-07 17:00:00,3989.25,3993.86,3987.19,3992.16
2025-11-07 17:30:00,3992.16,4001.63,3990.94,4000.23
2025-11-07 18:00:00,4000.23,4003.85,3998.08,3998.29
2025-11-07 18:30:00,3998.29,4002.7,3998.29,4002.7
2025-11-07 19:00:00,4002.7,4003.99,3998.91,4000.24
2025-11-07 19:30:00,4000.24,4004.49,3999.37,4004.46
2025-11-07 20:00:00,4004.45,4007.13,4002.78,4002.79
2025-11-07 20:30:00,4002.79,4004.2,3997.56,4003.46
2025-11-07 21:00:00,4003.47,4004.86,3998.54,4000.69
2025-11-07 21:30:00,4000.68,4002.07,3998.56,4001.35
2025-11-07 22:00:00,4001.52,4004.77,3992.64,3992.96
2025-11-07 22:30:00,3992.96,3998.33,3989.11,3997.4
2025-11-07 23:00:00,3997.62,4002.71,3993.69,3993.69
2025-11-07 23:30:00,3993.68,3994.18,3988.23,3991.83
2025-11-08 00:00:00,3991.83,3996.83,3988.13,3992.18
2025-11-08 00:30:00,3992.19,3995.03,3988.62,3993.25
2025-11-08 01:00:00,3993.25,4001.74,3991.84,3996.65
2025-11-08 01:30:00,3996.64,3996.64,3978.48,3984.48
2025-11-08 02:00:00,3984.47,3989.45,3980.11,3984.1
2025-11-08 02:30:00,3983.75,3986.28,3977.01,3982.24
2025-11-08 03:00:00,3982.06,3998.26,3981.47,3997.28
2025-11-08 03:30:00,3997.27,4014.99,3997.27,3997.99
2025-11-08 04:00:00,3997.98,3999.9,3986.2,3994.35
2025-11-08 04:30:00,3994.35,4000.45,3989.86,3999.74
2025-11-08 05:00:00,3999.73,4003.22,3996.1,3999.38
2025-11-08 05:30:00,3999.38,4004.0,3999.38,4002.41
2025-11-08 06:00:00,4002.4,4008.02,4001.42,4003.91
2025-11-08 06:30:00,4003.92,4007.78,3999.84,4003.11
2025-11-08 07:00:00,4003.1,4003.1,3992.68,3996.48
2025-11-08 07:30:00,3996.49,4003.05,3995.56,4001.72
2025-11-08 08:00:00,4001.71,4002.9,3998.08,3998.91
2025-11-08 08:30:00,3998.91,3999.46,3995.95,3997.95
2025-11-08 09:00:00,3997.94,3998.41,3994.56,3994.74
2025-11-08 09:30:00,3994.74,3997.31,3994.74,3996.83
2025-11-08 10:00:00,3996.83,3997.27,3990.51,3993.94
2025-11-08 10:30:00,3993.94,3995.44,3990.5,3992.01
2025-11-08 11:00:00,3992.02,3997.58,3992.02,3994.06
2025-11-08 11:30:00,3994.06,3994.67,3991.9,3991.9
2025-11-08 12:00:00,3991.9,3999.0,3991.6,3998.74
2025-11-08 12:30:00,3998.73,4000.0,3996.95,3999.6
2025-11-08 13:00:00,3999.61,3999.61,3996.23,3996.24
2025-11-08 13:30:00,3996.24,3998.73,3995.51,3995.52
2025-11-08 14:00:00,3995.52,3998.95,3995.35,3998.94
2025-11-08 14:30:00,3998.95,3999.44,3995.0,3996.64
2025-11-08 15:00:00,3996.64,3998.21,3994.25,3994.75
2025-11-08 15:30:00,3994.75,3997.2,3993.09,3993.09
2025-11-08 16:00:00,3993.09,3994.57,3992.63,3994.02
2025-11-08 16:30:00,3994.02,3994.02,3987.85,3991.05
2025-11-08 17:00:00,3991.14,3993.03,3987.32,3990.75
2025-11-08 17:30:00,3990.75,3994.14,3990.75,3992.44
2025-11-08 18:00:00,3992.43,3992.43,3989.93,3990.55
2025-11-08 18:30:00,3990.54,3990.55,3986.75,3988.16
2025-11-08 19:00:00,3988.16,3990.5,3988.01,3989.07
2025-11-08 19:30:00,3989.06,3991.36,3989.06,3991.3
2025-11-08 20:00:00,3991.3,3991.84,3988.02,3990.36
2025-11-08 20:30:00,3990.36,3990.36,3987.86,3988.14
2025-11-08 21:00:00,3988.15,3988.8,3986.94,3986.94
2025-11-08 21:30:00,3986.94,3991.08,3986.93,3991.08
2025-11-08 22:00:00,3991.08,3992.71,3989.34,3990.75
2025-11-08 22:30:00,3990.75,3993.65,3988.96,3990.91
2025-11-08 23:00:00,3990.91,3992.72,3987.9,3992.4
2025-11-08 23:30:00,3992.41,3992.44,3990.06,3992.44
2025-11-10 09:30:00,3997.16,3997.17,3994.22,3996.5
2025-11-10 10:00:00,3996.56,4009.3,3995.45,4002.29
2025-11-10 10:30:00,4002.29,4010.93,3999.66,4004.69
2025-11-10 11:00:00,4004.79,4009.88,4004.65,4008.99
2025-11-10 11:30:00,4009.0,4017.1,4006.17,4015.46
2025-11-10 12:00:00,4015.47,4051.06,4012.21,4038.56
2025-11-10 12:30:00,4038.56,4051.86011,4033.33,4034.5
2025-11-10 13:00:00,4034.5,4041.16,4029.72,4034.74
2025-11-10 13:30:00,4034.72,4040.75,4032.15,4040.24
2025-11-10 14:00:00,4040.24,4041.96,4037.23,4040.4
2025-11-10 14:30:00,4040.99,4046.24,4040.4,4044.88
2025-11-10 15:00:00,4044.9,4053.49,4044.89,4050.63
2025-11-10 15:30:00,4050.63,4052.23,4046.18,4051.9
2025-11-10 16:00:00,4051.9,4051.9,4045.65,4049.5
2025-11-10 16:30:00,4049.51,4066.01,4049.51,4066.01
2025-11-10 17:00:00,4066.0,4071.49,4063.45,4071.28
2025-11-10 17:30:00,4071.28,4075.0,4067.32,4072.35
2025-11-10 18:00:00,4072.7,4074.72,4068.34,4071.4
2025-11-10 18:30:00,4071.7,4074.8,4071.05,4073.3
2025-11-10 19:00:00,4073.31,4079.43,4071.76,4076.99
2025-11-10 19:30:00,4076.6,4080.0,4074.01,4078.91
2025-11-10 20:00:00,4078.91,4079.9,4066.68,4075.57
2025-11-10 20:30:00,4075.56,4079.32,4071.68,4071.68
2025-11-10 21:00:00,4071.68,4077.5,4071.68,4072.59
2025-11-10 21:30:00,4072.58,4078.17,4072.34,4076.0
2025-11-10 22:00:00,4076.0,4081.6,4072.36,4076.71
2025-11-10 22:30:00,4076.36,4082.35,4073.62,4082.35
2025-11-10 23:00:00,4082.6,4094.0,4081.94,4092.15
2025-11-10 23:30:00,4092.15,4097.83,4092.15,4095.25
2025-11-11 00:00:00,4095.25,4104.86,4095.25,4101.59
2025-11-11 00:30:00,4101.32,4101.85,4085.81,4090.21
2025-11-11 01:00:00,4089.87,4091.04,4077.06,4082.64
2025-11-11 01:30:00,4082.64,4082.64,4072.81,4078.25
2025-11-11 02:00:00,4078.26,4087.27,4078.25,4083.65
2025-11-11 02:30:00,4083.64,4084.11,4073.09,4077.27
2025-11-11 03:00:00,4077.27,4087.5,4075.91,4087.5
2025-11-11 03:30:00,4087.75,4092.77,4084.32,4090.0
2025-11-11 04:00:00,4090.0,4096.09,4089.17,4094.21
2025-11-11 04:30:00,4094.21,4099.17,4093.0,4099.17
2025-11-11 05:00:00,4099.17,4109.0,4093.43,4109.0
2025-11-11 05:30:00,4109.0,4110.0,4100.79,4104.45
2025-11-11 06:00:00,4104.45,4106.38,4097.98,4106.36
2025-11-11 06:30:00,4106.37,4106.37,4099.04,4105.78
2025-11-11 07:00:00,4105.78,4106.65,4097.93,4102.76
2025-11-11 07:30:00,4102.75,4104.81,4099.81,4104.1
2025-11-11 08:00:00,4104.09,4106.4,4102.7,4104.05
2025-11-11 08:30:00,4103.7,4107.06,4102.82,4106.71
2025-11-11 09:00:00,4106.71,4107.27,4102.75,4102.75
2025-11-11 09:30:00,4102.74,4102.74,4098.11,4099.85
2025-11-11 10:00:00,4099.85,4113.57,4099.21,4113.22
2025-11-11 10:30:00,4113.57,4120.97021,4111.36,4114.67
2025-11-11 11:00:00,4114.68,4122.22,4111.58,4119.47
2025-11-11 11:30:00,4119.47,4126.3,4118.99,4124.51
2025-11-11 12:00:00,4124.52,4131.64,4121.56,4131.08
2025-11-11 12:30:00,4131.26,4134.91,4123.43,4128.41
2025-11-11 13:00:00,4128.43,4131.0,4124.74,4126.85
2025-11-11 13:30:00,4126.85,4132.63,4122.95,4129.13
2025-11-11 14:00:00,4129.13,4136.57,4128.85,4132.0
2025-11-11 14:30:00,4131.78,4139.34,4130.0,4132.45
2025-11-11 15:00:00,4132.3,4135.9,4131.03,4133.95
2025-11-11 15:30:00,4133.95,4135.99,4131.33,4134.5
2025-11-11 16:00:00,4134.5,4134.5,4123.23,4123.43
2025-11-11 16:30:00,4123.43,4124.24,4112.24,4114.95
2025-11-11 17:00:00,4114.62,4123.34,4112.6,4123.23
2025-11-11 17:30:00,4123.32,4123.32,4115.77,4118.08
2025-11-11 18:00:00,4117.97,4122.08,4111.28,4120.98
2025-11-11 18:30:00,4120.98,4121.96,4115.05,4119.23
2025-11-11 19:00:00,4119.23,4130.0,4118.63,4127.3
2025-11-11 19:30:00,4127.0,4129.46,4121.5,4128.35
2025-11-11 20:00:00,4128.36,4137.46,4127.97,4136.84
2025-11-11 20:30:00,4136.84,4136.97,4132.95,4133.17
2025-11-11 21:00:00,4133.11,4134.71,4124.0,4133.05
2025-11-11 21:30:00,4133.05,4134.82,4127.95,4132.49
2025-11-11 22:00:00,4132.5,4135.35,4132.25,4133.07
2025-11-11 22:30:00,4133.07,4137.02,4131.19,4134.6
2025-11-11 23:00:00,4134.83,4140.8258,4130.84,4140.56783
2025-11-11 23:30:00,4140.40945,4142.07027,4134.32267,4136.22557
2025-11-12 00:00:00,4136.14642,4143.24526,4134.65443,4142.55789
2025-11-12 00:30:00,4142.53644,4146.07515,4140.66162,4144.22799
2025-11-12 01:00:00,4144.16503,4144.2114,4129.01492,4130.45727
2025-11-12 01:30:00,4130.23858,4133.80001,4121.44478,4127.55837
2025-11-12 02:00:00,4127.55703,4127.64046,4100.74853,4100.74853
2025-11-12 02:30:00,4100.95262,4111.15777,4096.85211,4107.56619
2025-11-12 03:00:00,4107.51205,4115.3809,4105.6365,4110.45571
2025-11-12 03:30:00,4110.349,4114.81164,4106.58598,4113.96515
2025-11-12 04:00:00,4113.90476,4117.44094,4111.62002,4114.64993
2025-11-12 04:30:00,4114.63434,4115.98525,4110.28629,4114.63024
2025-11-12 05:00:00,4114.5938,4116.06546,4109.45852,4111.08815
2025-11-12 05:30:00,4111.06578,4115.20075,4106.55542,4114.49514
2025-11-12 06:00:00,4114.46947,4118.65757,4112.94721,4116.98439
2025-11-12 06:30:00,4117.00631,4125.75355,4116.994,4123.19184
2025-11-12 07:00:00,4123.20807,4128.66512,4121.95514,4125.89797
2025-11-12 07:30:00,4125.92189,4131.60349,4124.58473,4130.65728
2025-11-12 08:00:00,4130.71386,4131.20096,4128.36829,4129.58807
2025-11-12 08:30:00,4129.57396,4129.57949,4125.48807,4126.80856
2025-11-12 09:00:00,4126.83948,4127.04181,4126.61658,4126.87522
2025-11-12 09:30:00,4126.78421,4127.04971,4126.68936,4126.76043
2025-11-12 10:00:00,4126.78984,4138.47642,4126.73102,4138.12934
2025-11-12 10:30:00,4138.00014,4144.23116,4136.87823,4142.98891
2025-11-12 11:00:00,4143.00401,4145.13951,4139.40648,4140.73271
2025-11-12 11:30:00,4140.75973,4143.89098,4135.02732,4135.09087
2025-11-12 12:00:00,4134.72965,4136.85506,4129.91971,4131.39522
2025-11-12 12:30:00,4131.36488,4136.05249,4125.90563,4131.38339
2025-11-12 13:00:00,4131.29936,4135.42176,4131.29936,4132.20519
2025-11-12 13:30:00,4132.12213,4132.19604,4119.38849,4122.6391
2025-11-12 14:00:00,4122.56399,4124.97501,4117.30967,4120.64655
2025-11-12 14:30:00,4120.60811,4121.95369,4111.32287,4113.33747
2025-11-12 15:00:00,4113.31689,4113.41553,4104.99137,4109.69786
2025-11-12 15:30:00,4109.66821,4112.63224,4106.34076,4111.02151
2025-11-12 16:00:00,4110.98308,4111.08273,4105.79451,4107.30576
2025-11-12 16:30:00,4107.25385,4107.60703,4100.37736,4104.09496
2025-11-12 17:00:00,4104.10617,4116.20572,4104.08352,4115.5143
2025-11-12 17:30:00,4115.44237,4118.45232,4112.90218,4117.69203
2025-11-12 18:00:00,4117.49439,4125.50428,4115.88075,4122.96409
2025-11-12 18:30:00,4122.83935,4123.84395,4113.90325,4117.28588
2025-11-12 19:00:00,4117.30144,4129.6468,4112.57532,4128.58317
2025-11-12 19:30:00,4128.5182,4132.74522,4126.60792,4130.36086
2025-11-12 20:00:00,4130.28646,4133.11075,4125.38847,4125.91578
2025-11-12 20:30:00,4126.02613,4128.64055,4120.11516,4123.55391
2025-11-12 21:00:00,4123.59114,4127.76064,4121.33077,4121.95175
2025-11-12 21:30:00,4121.89439,4128.83335,4118.83094,4128.83335
2025-11-12 22:00:00,4128.83035,4130.59805,4123.60596,4125.69682
2025-11-12 22:30:00,4125.6658,4128.94007,4123.48892,4125.32428
2025-11-12 23:00:00,4125.05689,4136.53826,4125.05689,4136.36929
2025-11-12 23:30:00,4136.19451,4139.10669,4130.30239,4130.45919
2025-11-13 00:00:00,4130.52057,4131.0528,4124.3506,4128.16391
2025-11-13 00:30:00,4128.17382,4131.33965,4124.56509,4125.6765
2025-11-13 01:00:00,4125.4128,4137.42773,4125.4128,4133.29477
2025-11-13 01:30:00,4133.27389,4139.34225,4127.16777,4136.80946
2025-11-13 02:00:00,4136.80407,4172.33685,4135.80197,4168.357
2025-11-13 02:30:00,4168.34281,4183.81018,4167.30032,4180.94645
2025-11-13 03:00:00,4180.89564,4188.55862,4180.33473,4184.84732
2025-11-13 03:30:00,4184.91437,4195.44521,4184.82379,4195.44521
2025-11-13 04:00:00,4195.09313,4202.93826,4192.80761,4197.3472
2025-11-13 04:30:00,4197.38398,4205.49833,4195.15958,4201.28868
2025-11-13 05:00:00,4201.13209,4213.30684,4189.02733,4209.4842
2025-11-13 05:30:00,4209.70548,4209.84463,4205.9436,4207.94202
2025-11-13 06:00:00,4207.81064,4209.62408,4192.96966,4194.77726
2025-11-13 06:30:00,4194.8065,4201.47478,4193.2455,4196.46651
2025-11-13 07:00:00,4196.38921,4198.38499,4193.06532,4195.21226
2025-11-13 07:30:00,4195.07285,4198.85905,4192.66727,4195.54147
2025-11-13 08:00:00,4195.53052,4197.20142,4191.65744,4197.00509
2025-11-13 08:30:00,4197.18232,4202.69233,4194.7449,4194.7449
2025-11-13 09:00:00,4194.87838,4195.86909,4194.71464,4195.33362
2025-11-13 09:30:00,4195.23832,4197.41618,4195.20195,4197.32373
2025-11-13 10:00:00,4197.29468,4206.8785,4194.61881,4197.60042
2025-11-13 10:30:00,4197.68778,4197.68778,4188.04708,4191.33832
2025-11-13 11:00:00,4191.30252,4194.29913,4186.84182,4192.28684
2025-11-13 11:30:00,4192.38575,4208.66089,4192.25877,4205.63756
2025-11-13 12:00:00,4205.59063,4207.3335,4180.87648,4185.81734
2025-11-13 12:30:00,4186.12882,4193.27496,4182.9035,4192.92642
2025-11-13 13:00:00,4192.76017,4195.41844,4186.55241,4187.01105
2025-11-13 13:30:00,4187.1668,4193.79897,4183.86118,4189.94896
2025-11-13 14:00:00,4190.14643,4205.13816,4189.92101,4197.94712
2025-11-13 14:30:00,4198.30817,4211.56857,4197.91499,4211.25284
2025-11-13 15:00:00,4211.11508,4218.86881,4207.10899,4208.51283
2025-11-13 15:30:00,4208.19149,4210.87929,4204.00268,4207.9403
2025-11-13 16:00:00,4208.38198,4217.99092,4207.78074,4213.10398
2025-11-13 16:30:00,4213.08215,4216.52298,4210.28349,4212.37907
2025-11-13 17:00:00,4212.2808,4212.84118,4202.70945,4211.04721
2025-11-13 17:30:00,4211.17044,4211.89782,4205.04891,4211.30022
2025-11-13 18:00:00,4211.23047,4218.55864,4208.80688,4216.20297
2025-11-13 18:30:00,4216.11925,4218.90955,4210.96144,4218.50049
2025-11-13 19:00:00,4218.37277,4237.24074,4218.37277,4236.73582
2025-11-13 19:30:00,4236.64283,4238.30547,4234.03507,4234.42545
2025-11-13 20:00:00,4234.44575,4239.10376,4229.41364,4230.89341
2025-11-13 20:30:00,4230.94527,4233.9933,4225.90289,4233.17541
2025-11-13 21:00:00,4233.05114,4239.97504,4232.50219,4237.62722
2025-11-13 21:30:00,4237.71128,4237.72211,4222.89345,4225.0973
2025-11-13 22:00:00,4224.94811,4231.62148,4220.80653,4223.08359
2025-11-13 22:30:00,4223.05205,4232.10481,4222.28733,4230.82612
2025-11-13 23:00:00,4230.82943,4236.96005,4229.72293,4232.21229
2025-11-13 23:30:00,4232.36488,4242.4896,4232.19719,4242.4896
2025-11-14 00:00:00,4242.69049,4244.30211,4227.39633,4235.31349
2025-11-14 00:30:00,4235.30775,4236.12178,4220.91359,4230.88851
2025-11-14 01:00:00,4230.96499,4231.39014,4209.28178,4210.32612
2025-11-14 01:30:00,4210.32938,4218.91417,4183.51826,4198.81262
2025-11-14 02:00:00,4198.93753,4204.63299,4191.33865,4195.48071
2025-11-14 02:30:00,4195.44789,4200.41524,4187.5334,4199.6916
2025-11-14 03:00:00,4199.83186,4210.14914,4199.69649,4206.60744
2025-11-14 03:30:00,4206.46937,4207.93015,4197.40228,4205.7538
2025-11-14 04:00:00,4205.74673,4207.0405,4195.22928,4203.99446
2025-11-14 04:30:00,4203.89916,4207.43291,4196.42764,4201.7803
2025-11-14 05:00:00,4201.78667,4202.64549,4189.90372,4190.42461
2025-11-14 05:30:00,4190.3979,4190.46428,4141.94031,4156.36104
2025-11-14 06:00:00,4156.56548,4160.2208,4148.15058,4157.92829
2025-11-14 06:30:00,4158.05289,4169.75097,4157.93023,4164.62689
2025-11-14 07:00:00,4164.48871,4168.90027,4160.68375,4168.88199
2025-11-14 07:30:00,4168.77812,4169.8995,4161.49285,4163.2721
2025-11-14 08:00:00,4163.27713,4186.31118,4161.61167,4174.43993
2025-11-14 08:30:00,4174.35652,4176.22204,4170.04871,4171.54613
2025-11-14 09:00:00,4171.54413,4171.96701,4171.3605,4171.50391
2025-11-14 09:30:00,4171.42436,4171.69986,4171.30567,4171.3499
2025-11-14 10:00:00,4171.36815,4181.58845,4171.03414,4180.03174
2025-11-14 10:30:00,4179.96649,4186.21061,4178.26909,4185.02345
2025-11-14 11:00:00,4184.96651,4189.60704,4180.15039,4185.96709
2025-11-14 11:30:00,4186.21086,4190.21436,4179.27519,4183.907
2025-11-14 12:00:00,4183.99718,4188.33801,4176.99158,4180.50506
2025-11-14 12:30:00,4180.65647,4193.79831,4174.14902,4190.48212
2025-11-14 13:00:00,4190.36409,4202.68831,4189.51188,4201.32446
2025-11-14 13:30:00,4201.01149,4209.35984,4199.37165,4209.08313
2025-11-14 14:00:00,4209.01649,4210.555,4204.20395,4209.58676
2025-11-14 14:30:00,4209.38506,4210.97208,4202.44151,4204.68691
2025-11-14 15:00:00,4204.6565,4205.67115,4198.32961,4198.75163
2025-11-14 15:30:00,4198.81006,4203.93199,4197.03659,4202.80172
2025-11-14 16:00:00,4202.9407,4204.0171,4184.30028,4187.84623
2025-11-14 16:30:00,4188.00662,4196.33415,4185.96002,4189.40335
2025-11-14 17:00:00,4189.35555,4193.89085,4174.39588,4175.34136
2025-11-14 17:30:00,4175.52365,4184.42686,4171.28877,4173.41374
2025-11-14 18:00:00,4173.34065,4176.64834,4160.69763,4162.63491
2025-11-14 18:30:00,4162.80589,4181.22629,4162.6044,4180.23152
2025-11-14 19:00:00,4180.21106,4184.73804,4172.98652,4177.48577
2025-11-14 19:30:00,4177.41132,4185.43736,4171.13706,4171.13706
2025-11-14 20:00:00,4171.54188,4180.31774,4169.16573,4169.46572
2025-11-14 20:30:00,4169.72045,4171.95149,4166.25261,4170.42169
2025-11-14 21:00:00,4170.41132,4170.68391,4162.98013,4166.41223
2025-11-14 21:30:00,4166.37918,4170.46663,4160.93468,4169.08265
2025-11-14 22:00:00,4168.85967,4169.05276,4141.87245,4149.04565
2025-11-14 22:30:00,4149.09878,4157.20519,4133.50977,4133.50977
2025-11-14 23:00:00,4133.43454,4139.79919,4113.05882,4115.66189
2025-11-14 23:30:00,4115.47465,4119.01981,4109.35235,4114.19426
2025-11-15 00:00:00,4114.04142,4117.82145,4056.30383,4064.77858
2025-11-15 00:30:00,4065.25803,4065.25803,4043.72726,4055.21494
2025-11-15 01:00:00,4055.32703,4060.8402,4036.89609,4053.88837
2025-11-15 01:30:00,4053.85938,4077.03398,4034.28982,4075.80207
2025-11-15 02:00:00,4076.43053,4083.34334,4068.93451,4080.033
2025-11-15 02:30:00,4080.00978,4095.39565,4073.50144,4090.98202
2025-11-15 03:00:00,4090.91996,4102.26286,4083.39822,4101.68545
2025-11-15 03:30:00,4101.70425,4109.44688,4097.40437,4103.69067
2025-11-15 04:00:00,4103.60082,4110.62601,4095.56025,4095.90999
2025-11-15 04:30:00,4096.2148,4111.72468,4095.8917,4099.86737
2025-11-15 05:00:00,4099.98586,4100.81948,4083.06101,4088.24512
2025-11-15 05:30:00,4088.86192,4102.69632,4088.15255,4099.09914
2025-11-15 06:00:00,4099.06902,4099.14884,4088.67736,4093.38876
2025-11-15 06:30:00,4093.27108,4097.00689,4089.01744,4089.59042
2025-11-15 07:00:00,4089.52774,4092.08163,4075.2912,4080.90508
2025-11-15 07:30:00,4080.52518,4091.34413,4080.52518,4086.25796
2025-11-15 08:00:00,4086.23435,4087.06898,4078.93347,4082.63442
2025-11-15 08:30:00,4082.48696,4083.01023,4077.49352,4081.00425
2025-11-15 09:00:00,4080.97355,4081.05545,4080.38063,4080.439
2025-11-15 09:30:00,4080.44662,4080.6325,4080.38602,4080.52494
2025-11-15 10:00:00,4080.45016,4080.6294,4080.38229,4080.42441
2025-11-15 10:30:00,4080.44322,4080.63203,4080.38769,4080.53459
2025-11-15 11:00:00,4080.45074,4080.62916,4080.38115,4080.41515
2025-11-15 11:30:00,4080.44214,4080.6287,4080.38396,4080.53697
2025-11-15 12:00:00,4080.44618,4080.63421,4080.39056,4080.41483
2025-11-15 12:30:00,4080.44483,4080.62697,4080.38229,4080.54193
2025-11-15 13:00:00,4080.45082,4080.6337,4080.38783,4080.4204
2025-11-15 13:30:00,4080.4495,4080.63272,4080.38625,4080.53418
2025-11-15 14:00:00,4080.44548,4080.6289,4080.38229,4080.42518
2025-11-15 14:30:00,4080.44955,4080.64064,4080.39109,4080.54116
2025-11-15 15:00:00,4080.45848,4080.64374,4080.3973,4080.43531
2025-11-15 15:30:00,4080.45182,4080.64064,4080.38764,4080.53091
2025-11-15 16:00:00,4080.45848,4080.64017,4080.39564,4080.44878
2025-11-15 16:30:00,4080.45349,4080.64136,4080.39754,4080.51765
2025-11-15 17:00:00,4080.45864,4080.63899,4080.38791,4080.45685
2025-11-15 17:30:00,4080.44683,4080.63038,4080.38563,4080.49197
2025-11-15 18:00:00,4080.44849,4080.63124,4080.38623,4080.47267
2025-11-15 18:30:00,4080.44683,4080.63874,4080.38955,4080.47584
2025-11-15 19:00:00,4080.44849,4080.62955,4080.38598,4080.48853
2025-11-15 19:30:00,4080.44664,4080.64182,4080.39804,4080.47227
2025-11-15 20:00:00,4080.46015,4080.63707,4080.39132,4080.51363
2025-11-15 20:30:00,4080.45682,4080.64017,4080.39636,4080.45412
2025-11-15 21:00:00,4080.45682,4080.64207,4080.39564,4080.52721
2025-11-15 21:30:00,4080.45682,4080.63973,4080.39374,4080.44356
2025-11-15 22:00:00,4080.45848,4080.64208,4080.39731,4080.53962
2025-11-15 22:30:00,4080.45848,4080.64307,4080.39706,4080.43272
2025-11-15 23:00:00,4080.45682,4080.64181,4080.39805,4080.5469
2025-11-15 23:30:00,4080.45848,4080.64041,4080.39587,4080.42743
2025-11-17 00:00:00,4080.45349,4080.6368,4080.39232,4080.54529
2025-11-17 00:30:00,4080.45349,4080.63709,4080.39251,4080.42357
2025-11-17 01:00:00,4080.45349,4080.63679,4080.3931,4080.54287
2025-11-17 01:30:00,4080.45349,4080.63709,4080.39233,4080.42807
2025-11-17 02:00:00,4080.45349,4080.63643,4080.39311,4080.53635
2025-11-17 02:30:00,4080.45349,4080.63709,4080.39233,4080.43649
2025-11-17 03:00:00,4080.45349,4080.63644,4080.3925,4080.52618
2025-11-17 03:30:00,4080.45349,4080.63679,4080.39233,4080.44824
2025-11-17 04:00:00,4080.45349,4080.63709,4080.3925,4080.51306
2025-11-17 04:30:00,4080.45349,4080.63678,4080.39312,4080.4625
2025-11-17 05:00:00,4080.45349,4080.63709,4080.39233,4080.49792
2025-11-17 05:30:00,4080.45349,4080.63645,4080.39312,4080.47827
2025-11-17 06:00:00,4080.45349,4080.63376,4080.36819,4080.48004
2025-11-17 06:30:00,4080.45182,4080.63477,4080.39034,4080.496
2025-11-17 07:00:00,4080.45515,4080.63843,4080.37897,4080.45205
2025-11-17 07:30:00,4080.44047,4080.62207,4080.3677,4080.49406
2025-11-17 08:00:00,4080.43669,4080.6335,4080.38044,4080.44601
2025-11-17 08:30:00,4080.44867,4080.63165,4080.38573,4080.51575
2025-11-17 09:00:00,4080.4456,4080.65145,4079.35409,4079.56234
2025-11-17 09:30:00,4079.60682,4079.84321,4079.46336,4079.62002
2025-11-17 10:00:00,4079.53128,4106.23731,4078.10184,4103.77721
2025-11-17 10:30:00,4103.95391,4105.49015,4095.04555,4097.48381
2025-11-17 11:00:00,4097.41051,4097.4802,4082.52619,4083.91413
2025-11-17 11:30:00,4084.32147,4092.14999,4083.76954,4084.51218
2025-11-17 12:00:00,4084.267,4096.22372,4082.83359,4095.11457
2025-11-17 12:30:00,4094.79584,4101.33775,4090.63465,4091.41607
2025-11-17 13:00:00,4091.39037,4091.63694,4085.17334,4089.09987
2025-11-17 13:30:00,4088.77491,4092.7694,4082.92796,4083.67831
2025-11-17 14:00:00,4083.6096,4084.85553,4071.85619,4079.86329
2025-11-17 14:30:00,4079.85242,4085.01109,4079.39185,4082.93813
2025-11-17 15:00:00,4083.09261,4087.41633,4081.94989,4083.5106
2025-11-17 15:30:00,4083.43817,4084.25418,4076.21008,4078.97125
2025-11-17 16:00:00,4078.90485,4078.94205,4061.77183,4064.97463
2025-11-17 16:30:00,4064.94461,4065.02829,4050.88346,4058.18346
2025-11-17 17:00:00,4058.16347,4065.93364,4055.07305,4062.95591
2025-11-17 17:30:00,4063.06631,4071.3171,4062.93239,4066.52324
2025-11-17 18:00:00,4066.46928,4077.67297,4066.04047,4077.67297
2025-11-17 18:30:00,4077.56679,4089.11265,4077.56679,4087.51858
2025-11-17 19:00:00,4087.22415,4094.57156,4077.82186,4081.57151
2025-11-17 19:30:00,4081.55251,4083.42133,4072.61744,4077.73491
2025-11-17 20:00:00,4077.93402,4084.58332,4073.35278,4084.12848
2025-11-17 20:30:00,4084.08021,4087.53789,4080.50697,4083.58779
2025-11-17 21:00:00,4083.65572,4089.51492,4081.81767,4086.3703
2025-11-17 21:30:00,4086.36181,4086.46126,4069.46892,4070.59624
2025-11-17 22:00:00,4070.57633,4074.32364,4059.35446,4066.30401
2025-11-17 22:30:00,4066.21791,4084.74687,4065.42329,4078.88485
2025-11-17 23:00:00,4078.85594,4081.35209,4073.82851,4078.66487
2025-11-17 23:30:00,4078.6297,4084.57555,4074.43399,4078.99972
2025-11-18 00:00:00,4079.08843,4090.2478,4075.8802,4075.8802
2025-11-18 00:30:00,4075.9588,4078.79034,4062.03112,4065.85824
2025-11-18 01:00:00,4065.96066,4075.16394,4061.59877,4066.6797
2025-11-18 01:30:00,4066.43135,4080.19878,4066.43135,4074.72766
2025-11-18 02:00:00,4074.73601,4076.30016,4063.57138,4071.48237
2025-11-18 02:30:00,4071.31305,4076.25602,4063.92613,4065.21229
2025-11-18 03:00:00,4065.10424,4066.8799,4052.67111,4066.8799
2025-11-18 03:30:00,4066.86111,4072.0697,4066.19229,4070.25207
2025-11-18 04:00:00,4070.22369,4080.39353,4070.22369,4078.234
2025-11-18 04:30:00,4078.17198,4080.7252,4072.31455,4073.31062
2025-11-18 05:00:00,4073.23827,4076.32549,4068.33099,4068.33099
2025-11-18 05:30:00,4069.17655,4076.92006,4062.91103,4063.66074
2025-11-18 06:00:00,4063.60049,4065.62936,4056.24243,4056.24243
2025-11-18 06:30:00,4056.12755,4058.92836,4011.04777,4012.12221
2025-11-18 07:00:00,4012.09619,4025.82894,4008.68296,4025.08827
2025-11-18 07:30:00,4024.79716,4043.00358,4024.79716,4041.98021
2025-11-18 08:00:00,4041.96991,4045.47573,4039.99312,4043.0294
2025-11-18 08:30:00,4043.02018,4046.44128,4042.88707,4045.80593
2025-11-18 09:00:00,4045.79517,4046.01074,4045.02505,4045.88825
2025-11-18 09:30:00,4045.80718,4045.98921,4045.56605,4045.76515
2025-11-18 10:00:00,4045.79025,4054.2544,4045.74004,4050.23472
2025-11-18 10:30:00,4049.90638,4050.20566,4030.59151,4034.38751
2025-11-18 11:00:00,4033.88867,4039.67785,4026.50741,4031.97247
2025-11-18 11:30:00,4031.83179,4038.31021,4030.76016,4035.75658
2025-11-18 12:00:00,4036.51287,4044.04579,4034.24858,4038.49158
2025-11-18 12:30:00,4038.09233,4040.77773,4023.61805,4025.84181
2025-11-18 13:00:00,4025.80881,4033.80104,4021.24027,4029.19626
2025-11-18 13:30:00,4029.1821,4035.52922,4015.48947,4016.49842
2025-11-18 14:00:00,4016.10993,4019.14475,4009.59427,4012.91648
2025-11-18 14:30:00,4012.93129,4024.30733,4012.60911,4013.29263
2025-11-18 15:00:00,4013.35081,4017.41368,4005.40017,4016.82787
2025-11-18 15:30:00,4016.79858,4017.68639,4008.70657,4010.75848
2025-11-18 16:00:00,4010.52987,4020.85218,4006.91502,4015.97815
2025-11-18 16:30:00,4015.93191,4024.88253,4015.93191,4017.33458
2025-11-18 17:00:00,4017.24742,4020.75161,4009.53483,4014.05629
2025-11-18 17:30:00,4014.04519,4015.53734,4008.38657,4010.6931
2025-11-18 18:00:00,4010.55004,4010.66314,4003.17707,4005.27442
2025-11-18 18:30:00,4005.44091,4017.0194,3999.63117,4013.44568
2025-11-18 19:00:00,4013.28709,4026.33846,4010.886,4022.36101
2025-11-18 19:30:00,4022.17505,4041.97854,4022.17505,4038.16448
2025-11-18 20:00:00,4038.16387,4039.52508,4031.95616,4037.27841
2025-11-18 20:30:00,4037.38471,4048.83997,4031.24637,4040.37536
2025-11-18 21:00:00,4040.39901,4043.96445,4038.10567,4041.61124
2025-11-18 21:30:00,4041.53191,4048.69445,4038.73713,4043.23507
2025-11-18 22:00:00,4043.24088,4049.27727,4042.33625,4047.07234
2025-11-18 22:30:00,4046.82792,4050.12769,4038.95743,4038.95743
2025-11-18 23:00:00,4038.95466,4046.7621,4032.16277,4033.87032
2025-11-18 23:30:00,4033.87741,4039.47214,4029.365,4030.31715
2025-11-19 00:00:00,4030.38146,4051.85256,4030.32801,4049.10997
2025-11-19 00:30:00,4049.03023,4070.10354,4048.91902,4069.48068
2025-11-19 01:00:00,4069.21893,4079.86217,4064.9663,4074.86844
2025-11-19 01:30:00,4074.82893,4079.85885,4063.81808,4069.02819
2025-11-19 02:00:00,4068.95923,4068.99796,4055.85868,4063.55417
2025-11-19 02:30:00,4063.59695,4069.17312,4052.5327,4055.07359
2025-11-19 03:00:00,4055.05063,4061.46183,4043.54376,4060.78815
2025-11-19 03:30:00,4060.77038,4068.26559,4059.84721,4068.14594
2025-11-19 04:00:00,4068.18791,4069.52229,4061.35646,4062.12719
2025-11-19 04:30:00,4062.10928,4076.11095,4061.37174,4072.46221
2025-11-19 05:00:00,4072.38576,4073.00019,4062.79841,4065.0212
2025-11-19 05:30:00,4065.22056,4074.01466,4064.43597,4073.45333
2025-11-19 06:00:00,4073.5385,4080.1521,4071.50127,4075.665
2025-11-19 06:30:00,4075.57937,4081.09747,4074.40733,4081.01142
2025-11-19 07:00:00,4081.01883,4081.72149,4070.03937,4070.52923
2025-11-19 07:30:00,4070.58761,4073.18696,4068.11347,4069.63756
2025-11-19 08:00:00,4069.62644,4071.95467,4065.05729,4065.64803
2025-11-19 08:30:00,4065.62768,4069.35561,4064.86061,4067.49807
2025-11-19 09:00:00,4067.40578,4067.84667,4067.23139,4067.4167
2025-11-19 09:30:00,4067.45195,4068.54256,4066.06822,4068.41177
2025-11-19 10:00:00,4068.34329,4072.77817,4067.22664,4071.77251
2025-11-19 10:30:00,4071.77486,4076.94194,4068.12827,4076.94194
2025-11-19 11:00:00,4076.9693,4077.69956,4070.9864,4075.52784
2025-11-19 11:30:00,4075.43267,4077.66721,4068.8328,4069.32188
2025-11-19 12:00:00,4069.28939,4070.95931,4061.27164,4068.84556
2025-11-19 12:30:00,4068.82607,4069.12124,4057.68805,4057.70458
2025-11-19 13:00:00,4057.79948,4063.49916,4057.0592,4063.49916
2025-11-19 13:30:00,4063.20352,4080.66983,4063.20352,4076.34462
2025-11-19 14:00:00,4076.31536,4078.0283,4070.75157,4070.82627
2025-11-19 14:30:00,4070.53295,4076.75071,4067.78334,4067.78334
2025-11-19 15:00:00,4067.6914,4075.08525,4064.56981,4075.08525
2025-11-19 15:30:00,4075.13406,4076.5869,4071.24561,4075.87303
2025-11-19 16:00:00,4075.80602,4091.18059,4075.01055,4088.63578
2025-11-19 16:30:00,4088.57842,4097.69059,4088.20871,4094.82275
2025-11-19 17:00:00,4094.77559,4099.1475,4089.22528,4092.50012
2025-11-19 17:30:00,4092.44121,4095.35778,4089.95519,4091.02315
2025-11-19 18:00:00,4090.96742,4092.7202,4085.81118,4088.84349
2025-11-19 18:30:00,4088.80295,4096.22376,4087.85839,4089.05023
2025-11-19 19:00:00,4089.09625,4089.09925,4079.3566,4087.41303
2025-11-19 19:30:00,4087.56577,4088.95484,4080.53163,4084.30719
2025-11-19 20:00:00,4084.27631,4093.14709,4082.23297,4089.45816
2025-11-19 20:30:00,4089.51928,4117.04896,4088.57696,4114.40415
2025-11-19 21:00:00,4114.39014,4117.97765,4110.57683,4112.27945
2025-11-19 21:30:00,4112.22804,4115.56249,4108.88774,4108.88774
2025-11-19 22:00:00,4108.9421,4116.58,4105.97555,4113.98697
2025-11-19 22:30:00,4114.10691,4116.58562,4111.5068,4113.35067
2025-11-19 23:00:00,4113.31221,4119.789,4112.91243,4116.45691
2025-11-19 23:30:00,4116.38913,4119.14924,4113.00372,4114.96844
2025-11-20 00:00:00,4114.96176,4115.04584,4101.06731,4107.55869
2025-11-20 00:30:00,4107.85054,4117.10527,4106.34092,4108.75111
2025-11-20 01:00:00,4108.68218,4118.34578,4107.84772,4108.14339
2025-11-20 01:30:00,4108.27147,4123.76782,4103.98199,4123.58401
2025-11-20 02:00:00,4123.62941,4132.42981,4119.49074,4120.32436
2025-11-20 02:30:00,4120.48961,4120.48961,4087.39954,4093.64089
2025-11-20 03:00:00,4093.70947,4096.4372,4073.79155,4073.89046
2025-11-20 03:30:00,4073.85872,4079.89218,4069.3175,4073.92032
2025-11-20 04:00:00,4073.92573,4075.06289,4054.87269,4071.10997
2025-11-20 04:30:00,4071.30712,4080.41278,4063.93481,4078.19055
2025-11-20 05:00:00,4077.97456,4086.15353,4077.97456,4080.45853
2025-11-20 05:30:00,4080.11969,4090.69869,4076.80739,4088.0808
2025-11-20 06:00:00,4088.01589,4088.09316,4070.23993,4070.54129
2025-11-20 06:30:00,4070.61409,4076.90689,4069.94109,4074.0584
2025-11-20 07:00:00,4074.14058,4081.51387,4072.14078,4079.86442
2025-11-20 07:30:00,4079.76851,4081.20436,4072.17439,4075.75249
2025-11-20 08:00:00,4075.82524,4076.9133,4067.10951,4074.79475
2025-11-20 08:30:00,4074.47606,4086.10105,4074.47606,4077.76528
2025-11-20 09:00:00,4077.76376,4078.42179,4077.76376,4078.06789
2025-11-20 09:30:00,4078.01488,4078.30289,4077.81021,4077.85937
2025-11-20 10:00:00,4077.86604,4091.9955,4077.83056,4089.59804
2025-11-20 10:30:00,4089.62936,4108.00028,4085.56802,4104.88141
2025-11-20 11:00:00,4104.86871,4110.6399,4104.01843,4107.16691
2025-11-20 11:30:00,4107.14141,4108.68925,4100.70043,4102.21339
2025-11-20 12:00:00,4102.38189,4108.14532,4092.71857,4097.67972
2025-11-20 12:30:00,4097.78254,4097.78254,4081.85961,4083.87937
2025-11-20 13:00:00,4083.79322,4083.88579,4044.95331,4055.53639
2025-11-20 13:30:00,4055.53029,4070.51643,4054.41903,4067.95316
2025-11-20 14:00:00,4067.89872,4086.00155,4067.20403,4077.50152
2025-11-20 14:30:00,4077.4636,4077.56764,4065.9223,4070.70419
2025-11-20 15:00:00,4070.98994,4080.22052,4069.2287,4078.14647
2025-11-20 15:30:00,4078.01989,4081.01135,4074.0106,4077.0383
2025-11-20 16:00:00,4077.01455,4077.09171,4069.11199,4070.01795
2025-11-20 16:30:00,4070.04556,4072.09114,4064.45136,4070.13039
2025-11-20 17:00:00,4070.26039,4079.91913,4058.01334,4061.98421
2025-11-20 17:30:00,4062.17034,4073.44567,4061.95777,4067.99945
2025-11-20 18:00:00,4067.95067,4075.39577,4061.105,4064.55416
2025-11-20 18:30:00,4064.37264,4067.58153,4055.31641,4059.57591
2025-11-20 19:00:00,4059.6745,4061.9282,4040.886,4043.33893
2025-11-20 19:30:00,4043.55467,4068.04864,4043.31522,4068.04864
2025-11-20 20:00:00,4067.94864,4071.73787,4061.15252,4061.60966
2025-11-20 20:30:00,4061.58881,4068.78638,4055.16588,4065.43943
2025-11-20 21:00:00,4065.49701,4068.04587,4059.45811,4063.3136
2025-11-20 21:30:00,4063.34374,4065.60006,4059.71749,4060.90786
2025-11-20 22:00:00,4060.93952,4061.16619,4051.73749,4055.15508
2025-11-20 22:30:00,4054.96789,4067.2487,4054.96789,4059.25229
2025-11-20 23:00:00,4059.35385,4078.8614,4059.25578,4073.31853
2025-11-20 23:30:00,4073.21574,4080.18933,4073.21574,4079.26721
2025-11-21 00:00:00,4079.49751,4092.24966,4079.23945,4088.26954
2025-11-21 00:30:00,4088.47041,4094.36191,4071.7467,4074.67978
2025-11-21 01:00:00,4074.20578,4089.66837,4073.85582,4084.78925
2025-11-21 01:30:00,4084.80256,4110.93765,4076.57267,4095.43492
2025-11-21 02:00:00,4095.28382,4097.14957,4085.97134,4097.14957
2025-11-21 02:30:00,4097.13931,4097.15969,4076.71554,4078.35935
2025-11-21 03:00:00,4078.39709,4081.31173,4066.83711,4068.84267
2025-11-21 03:30:00,4068.80778,4068.87195,4050.60626,4051.67221
2025-11-21 04:00:00,4051.75904,4061.69253,4045.62352,4057.38852
2025-11-21 04:30:00,4057.28527,4069.31266,4049.99208,4066.45896
2025-11-21 05:00:00,4066.30455,4072.79009,4056.48373,4058.11527
2025-11-21 05:30:00,4058.56601,4065.96939,4057.41672,4059.34515
2025-11-21 06:00:00,4059.42844,4086.15092,4059.36406,4086.15092
2025-11-21 06:30:00,4086.01122,4087.12585,4079.89759,4084.63177
2025-11-21 07:00:00,4084.50767,4084.94022,4073.83487,4075.88007
2025-11-21 07:30:00,4075.68465,4080.11775,4073.49847,4074.15355
2025-11-21 08:00:00,4074.41632,4080.79123,4074.13765,4080.12862
2025-11-21 08:30:00,4080.01797,4080.10177,4076.43864,4077.11663
2025-11-21 09:00:00,4077.16301,4078.29701,4077.09378,4077.46012
2025-11-21 09:30:00,4077.37348,4077.71361,4076.80729,4076.80918
2025-11-21 10:00:00,4076.83862,4085.60898,4074.12608,4080.25325
2025-11-21 10:30:00,4080.28655,4088.128,4074.25283,4078.25686
2025-11-21 11:00:00,4078.1924,4080.24993,4071.27003,4076.30187
2025-11-21 11:30:00,4076.20524,4081.61011,4072.6997,4074.19935
2025-11-21 12:00:00,4074.19694,4074.27242,4061.40335,4062.32195
2025-11-21 12:30:00,4062.29465,4074.25844,4060.61815,4069.44166
2025-11-21 13:00:00,4069.3764,4075.36544,4066.22352,4072.4034
2025-11-21 13:30:00,4072.36557,4079.74091,4057.50346,4057.65101
2025-11-21 14:00:00,4057.8632,4059.78767,4050.01261,4052.41082
2025-11-21 14:30:00,4052.32254,4059.81609,4051.70854,4056.89782
2025-11-21 15:00:00,4056.88254,4062.28046,4053.93302,4059.87713
2025-11-21 15:30:00,4059.7972,4060.28781,4047.47989,4051.17452
2025-11-21 16:00:00,4051.0931,4058.0545,4051.0931,4053.86959
2025-11-21 16:30:00,4053.83951,4059.87942,4040.94002,4052.03654
2025-11-21 17:00:00,4050.99356,4060.92367,4036.87743,4036.87743
2025-11-21 17:30:00,4036.45728,4039.3822,4032.9116,4034.75216
2025-11-21 18:00:00,4034.73862,4039.84423,4025.66492,4036.17524
2025-11-21 18:30:00,4036.11542,4039.09998,4030.44284,4031.02888
2025-11-21 19:00:00,4030.85766,4048.1241,4025.7184,4047.2255
2025-11-21 19:30:00,4047.17892,4047.39962,4038.88127,4042.64376
2025-11-21 20:00:00,4042.44935,4062.10726,4039.84576,4056.2112
2025-11-21 20:30:00,4056.3101,4060.27916,4049.40367,4050.85604
2025-11-21 21:00:00,4050.73812,4052.09194,4034.97928,4035.59626
2025-11-21 21:30:00,4035.58756,4040.13556,4033.38513,4036.87067
2025-11-21 22:00:00,4036.91158,4045.42105,4036.84936,4040.71972
2025-11-21 22:30:00,4040.68648,4041.08118,4029.73266,4036.89051
2025-11-21 23:00:00,4036.93396,4049.87394,4035.53548,4048.44814
2025-11-21 23:30:00,4048.01961,4070.51443,4046.19548,4062.87504
2025-11-22 00:00:00,4062.487,4070.6771,4058.65049,4065.91165
2025-11-22 00:30:00,4065.89574,4080.99978,4065.74313,4079.7797
2025-11-22 01:00:00,4079.82121,4083.35939,4065.60863,4066.6887
2025-11-22 01:30:00,4066.67785,4075.35661,4060.62194,4072.4955
2025-11-22 02:00:00,4072.405,4074.45946,4067.198,4072.44702
2025-11-22 02:30:00,4072.31487,4072.42029,4057.04613,4069.80219
2025-11-22 03:00:00,4069.82403,4071.19962,4065.30487,4069.98408
2025-11-22 03:30:00,4069.90017,4099.55818,4069.90017,4098.00635
2025-11-22 04:00:00,4097.89654,4098.74008,4078.05847,4081.54634
2025-11-22 04:30:00,4081.54843,4088.61996,4079.80402,4085.19094
2025-11-22 05:00:00,4085.06385,4086.43722,4080.78865,4080.98874
2025-11-22 05:30:00,4080.95807,4086.94524,4075.70455,4082.68097
2025-11-22 06:00:00,4082.69155,4090.09305,4082.58953,4088.74347
2025-11-22 06:30:00,4088.57472,4091.12947,4085.43445,4087.44933
2025-11-22 07:00:00,4087.46663,4088.56214,4070.6328,4071.01078
2025-11-22 07:30:00,4071.1353,4071.1353,4056.37575,4063.0753
2025-11-22 08:00:00,4062.23271,4067.07003,4054.98727,4062.25287
2025-11-22 08:30:00,4062.23498,4066.72781,4062.08967,4065.89854
2025-11-22 09:00:00,4065.83848,4066.12971,4065.82425,4065.93437
2025-11-22 09:30:00,4065.89851,4066.07068,4065.82101,4065.90523
2025-11-22 10:00:00,4065.88854,4066.07621,4065.83253,4065.94533
2025-11-22 10:30:00,4065.89361,4066.06857,4065.82293,4065.88675
2025-11-22 11:00:00,4065.88539,4066.07455,4065.82484,4065.95956
2025-11-22 11:30:00,4065.89369,4066.07478,4065.81808,4065.86521
2025-11-22 12:00:00,4065.87765,4066.07622,4065.83237,4065.96488
2025-11-22 12:30:00,4065.88688,4066.06157,4065.81636,4065.86353
2025-11-22 13:00:00,4065.88523,4066.07399,4065.82585,4065.97973
2025-11-22 13:30:00,4065.8938,4066.0746,4065.82921,4065.85712
2025-11-22 14:00:00,4065.88555,4066.0639,4065.8181,4065.96783
2025-11-22 14:30:00,4065.87598,4066.06964,4065.82489,4065.86301
2025-11-22 15:00:00,4065.89317,4066.07643,4065.82457,4065.96799
2025-11-22 15:30:00,4065.87598,4066.06536,4065.82094,4065.85663
2025-11-22 16:00:00,4065.88555,4066.0698,4065.82571,4065.9723
2025-11-22 16:30:00,4065.88492,4066.06391,4065.81812,4065.86266
2025-11-22 17:00:00,4065.88552,4066.06963,4065.8249,4065.9728
2025-11-22 17:30:00,4065.89376,4066.07643,4065.82456,4065.87879
2025-11-22 18:00:00,4065.89184,4066.06865,4065.8199,4065.9445
2025-11-22 18:30:00,4065.87636,4066.07478,4065.82094,4065.88359
2025-11-22 19:00:00,4065.88374,4066.0656,4065.81659,4065.93051
2025-11-22 19:30:00,4065.87659,4066.07643,4065.82485,4065.9017
2025-11-22 20:00:00,4065.88688,4066.06855,4065.82456,4065.92347
2025-11-22 20:30:00,4065.88519,4066.07453,4065.82653,4065.9176
2025-11-22 21:00:00,4065.88688,4066.07288,4065.82653,4065.90734
2025-11-22 21:30:00,4065.88528,4066.07501,4065.81827,4065.93037
2025-11-22 22:00:00,4065.8834,4066.06649,4065.82261,4065.8986
2025-11-22 22:30:00,4065.89171,4066.07572,4065.82656,4065.94685
2025-11-22 23:00:00,4065.88506,4066.06982,4065.82591,4065.88644
2025-11-22 23:30:00,4065.89329,4066.07742,4065.8344,4065.96908
2025-11-24 00:00:00,4065.8935,4066.07645,4065.83257,4065.87241
2025-11-24 00:30:00,4065.8935,4066.07584,4065.83339,4065.97942
2025-11-24 01:00:00,4065.8935,4066.07645,4065.83257,4065.86568
2025-11-24 01:30:00,4065.8935,4066.07585,4065.8327,4065.98415
2025-11-24 02:00:00,4065.8935,4066.07611,4065.8334,4065.86303
2025-11-24 02:30:00,4065.8935,4066.07646,4065.83257,4065.98467
2025-11-24 03:00:00,4065.8935,4066.07585,4065.8334,4065.86465
2025-11-24 03:30:00,4065.8935,4066.07646,4065.83257,4065.98096
2025-11-24 04:00:00,4065.8935,4066.07586,4065.8327,4065.87041
2025-11-24 04:30:00,4065.8935,4066.0761,4065.83258,4065.97325
2025-11-24 05:00:00,4065.8935,4066.07646,4065.83269,4065.87991
2025-11-24 05:30:00,4065.8935,4066.07609,4065.83341,4065.96211
2025-11-24 06:00:00,4065.8935,4066.14254,4065.81953,4065.88789
2025-11-24 06:30:00,4065.88837,4066.06917,4065.82396,4065.93911
2025-11-24 07:00:00,4065.88586,4066.06954,4065.81929,4065.90311
2025-11-24 07:30:00,4065.88811,4066.06663,4065.82344,4065.92753
2025-11-24 08:00:00,4065.88854,4066.08418,4065.82098,4065.91714
2025-11-24 08:30:00,4065.88688,4066.3439,4065.79854,4065.99958
2025-11-24 09:00:00,4065.97362,4066.12578,4065.82606,4065.95592
2025-11-24 09:30:00,4065.91295,4066.08384,4065.79039,4065.89756
2025-11-24 10:00:00,4065.89019,4076.79046,4065.79324,4069.90009
2025-11-24 10:30:00,4069.75655,4076.66279,4065.90199,4074.9096
2025-11-24 11:00:00,4074.8008,4075.30213,4058.91888,4064.0912
2025-11-24 11:30:00,4064.01398,4067.54125,4061.93471,4067.51436
2025-11-24 12:00:00,4067.45489,4070.3343,4051.67024,4055.51152
2025-11-24 12:30:00,4055.47059,4057.11144,4043.9228,4044.6381
2025-11-24 13:00:00,4044.58054,4048.52204,4044.41332,4048.37394
2025-11-24 13:30:00,4048.34022,4051.06929,4040.59968,4042.13629
2025-11-24 14:00:00,4041.80725,4049.98314,4041.80725,4048.76011
2025-11-24 14:30:00,4048.72807,4057.2799,4048.15061,4050.21502
2025-11-24 15:00:00,4050.20039,4060.61733,4049.37145,4051.05463
2025-11-24 15:30:00,4051.07818,4052.01281,4043.17306,4043.48534
2025-11-24 16:00:00,4043.35621,4047.24313,4041.9451,4046.85503
2025-11-24 16:30:00,4046.78932,4048.779,4041.3507,4046.64946
2025-11-24 17:00:00,4046.61832,4056.66087,4045.9025,4054.67182
2025-11-24 17:30:00,4054.7741,4058.08186,4052.42454,4053.35101
2025-11-24 18:00:00,4053.329,4057.36308,4052.78707,4053.21349
2025-11-24 18:30:00,4053.17635,4066.70007,4052.65152,4060.08362
2025-11-24 19:00:00,4060.05632,4065.26259,4059.62415,4062.4177
2025-11-24 19:30:00,4062.37747,4066.63791,4060.80606,4063.29239
2025-11-24 20:00:00,4063.12301,4074.67778,4063.12301,4068.53207
2025-11-24 20:30:00,4068.52482,4072.34297,4066.04512,4070.43266
2025-11-24 21:00:00,4070.19703,4076.52346,4068.65986,4070.07561
2025-11-24 21:30:00,4070.16381,4071.10256,4064.64646,4065.9213
2025-11-24 22:00:00,4066.0109,4070.15744,4063.9255,4068.60605
2025-11-24 22:30:00,4068.54131,4071.65295,4067.767,4070.51673
2025-11-24 23:00:00,4070.44092,4073.57997,4066.75779,4069.27978
2025-11-24 23:30:00,4069.50849,4085.04462,4069.26434,4078.62944
2025-11-25 00:00:00,4078.55666,4085.13852,4076.95763,4081.04042
2025-11-25 00:30:00,4081.02592,4086.39302,4074.75232,4077.09477
2025-11-25 01:00:00,4076.76892,4082.16836,4075.43235,4075.5977
2025-11-25 01:30:00,4075.5217,4086.24466,4069.83081,4083.58957
2025-11-25 02:00:00,4083.39093,4093.3192,4082.20885,4090.33288
2025-11-25 02:30:00,4090.4881,4093.33594,4087.41222,4091.3445
2025-11-25 03:00:00,4091.1825,4095.96759,4090.71012,4094.6872
2025-11-25 03:30:00,4094.71531,4100.52773,4092.9915,4098.08764
2025-11-25 04:00:00,4098.12502,4099.19442,4089.9942,4093.55256
2025-11-25 04:30:00,4093.45401,4100.4941,4092.90046,4093.46294
2025-11-25 05:00:00,4093.44255,4094.63129,4087.73982,4094.49198
2025-11-25 05:30:00,4094.23178,4127.83474,4094.23178,4119.69103
2025-11-25 06:00:00,4119.79131,4123.66329,4115.74455,4117.91714
2025-11-25 06:30:00,4117.87447,4120.62645,4114.72555,4119.43498
2025-11-25 07:00:00,4119.40396,4125.26093,4118.72734,4123.43729
2025-11-25 07:30:00,4123.61525,4133.22792,4123.41659,4131.01676
2025-11-25 08:00:00,4131.38085,4134.79066,4130.55786,4131.71854
2025-11-25 08:30:00,4131.63081,4140.32626,4131.49393,4134.13329
2025-11-25 09:00:00,4134.19015,4137.541,4134.12526,4136.86044
2025-11-25 09:30:00,4136.90541,4137.14188,4136.70026,4136.9699
2025-11-25 10:00:00,4136.8777,4138.2016,4127.77405,4131.65413
2025-11-25 10:30:00,4131.64237,4145.20307,4130.01025,4142.52981
2025-11-25 11:00:00,4142.22458,4144.08258,4134.33194,4138.01388
2025-11-25 11:30:00,4137.88213,4138.02367,4130.42409,4130.42409
2025-11-25 12:00:00,4130.36179,4135.53842,4123.54479,4126.18968
2025-11-25 12:30:00,4125.95279,4138.9564,4125.95279,4134.09845
2025-11-25 13:00:00,4134.23138,4146.4246,4133.8331,4143.79186
2025-11-25 13:30:00,4143.75834,4154.791,4143.45353,4150.97234
2025-11-25 14:00:00,4150.85487,4151.06176,4141.40727,4145.10083
2025-11-25 14:30:00,4145.14824,4145.75738,4141.70147,4143.70973
2025-11-25 15:00:00,4143.659,4147.51614,4140.7986,4145.67603
2025-11-25 15:30:00,4145.68713,4147.91956,4140.97808,4141.25759
2025-11-25 16:00:00,4141.21061,4147.50426,4140.6825,4144.52384
2025-11-25 16:30:00,4144.57162,4152.27156,4142.13968,4151.09445
2025-11-25 17:00:00,4151.0531,4152.09721,4141.44958,4142.04469
2025-11-25 17:30:00,4142.06598,4143.54876,4139.23851,4141.98743
2025-11-25 18:00:00,4141.9902,4146.20195,4138.33478,4140.87202
2025-11-25 18:30:00,4140.74566,4140.85442,4131.29988,4133.60003
2025-11-25 19:00:00,4133.54092,4139.06053,4131.48343,4137.32143
2025-11-25 19:30:00,4137.23828,4137.47143,4110.34558,4116.22806
2025-11-25 20:00:00,4116.34911,4129.75113,4115.72917,4123.99129
2025-11-25 20:30:00,4123.8123,4131.13332,4123.8123,4129.09342
2025-11-25 21:00:00,4129.06097,4138.30501,4128.56645,4131.62979
2025-11-25 21:30:00,4131.62884,4134.05471,4126.98624,4129.38364
2025-11-25 22:00:00,4129.66695,4136.16427,4127.99218,4132.13063
2025-11-25 22:30:00,4132.07751,4134.11588,4129.88727,4133.18874
2025-11-25 23:00:00,4133.15417,4138.20226,4132.79673,4134.12073
2025-11-25 23:30:00,4134.04366,4136.47529,4118.67864,4126.95016
2025-11-26 00:00:00,4126.89503,4145.00965,4126.89503,4141.73094
2025-11-26 00:30:00,4141.71082,4150.50914,4140.66075,4145.66589
2025-11-26 01:00:00,4145.31373,4148.28804,4132.2983,4135.70959
2025-11-26 01:30:00,4135.5032,4137.05373,4110.85419,4124.13426
2025-11-26 02:00:00,4124.37024,4132.96839,4119.37994,4127.83599
2025-11-26 02:30:00,4128.0879,4133.48626,4122.36089,4122.51693
2025-11-26 03:00:00,4122.79116,4140.31896,4122.51253,4140.30274
2025-11-26 03:30:00,4140.28404,4140.47874,4135.76154,4136.34041
2025-11-26 04:00:00,4136.25277,4154.16789,4136.25277,4153.02451
2025-11-26 04:30:00,4153.29512,4159.14589,4144.95644,4146.33328
2025-11-26 05:00:00,4146.3239,4150.37617,4139.09801,4143.45195
2025-11-26 05:30:00,4143.39176,4144.61257,4136.43741,4137.14184
2025-11-26 06:00:00,4137.25592,4141.11795,4129.04796,4129.04796
2025-11-26 06:30:00,4129.29121,4133.2823,4129.01149,4133.2823
2025-11-26 07:00:00,4133.36559,4137.99681,4133.25717,4133.79995
2025-11-26 07:30:00,4133.76438,4135.88527,4131.45881,4132.44745
2025-11-26 08:00:00,4132.48965,4132.83043,4127.49532,4130.765
2025-11-26 08:30:00,4130.71379,4132.49503,4128.28217,4130.87344
2025-11-26 09:00:00,4130.82486,4131.14464,4129.96876,4130.75867
2025-11-26 09:30:00,4130.80154,4132.70559,4130.49182,4130.77087
2025-11-26 10:00:00,4130.76044,4136.24279,4129.73772,4133.8033
2025-11-26 10:30:00,4133.77626,4135.68992,4129.44797,4133.1399
2025-11-26 11:00:00,4133.21124,4142.16808,4133.12441,4142.04252
2025-11-26 11:30:00,4142.00013,4144.65488,4135.3072,4143.5066
2025-11-26 12:00:00,4143.32025,4146.75583,4139.52154,4146.06138
2025-11-26 12:30:00,4146.0291,4152.63791,4143.68429,4149.07601
2025-11-26 13:00:00,4149.04637,4164.35876,4147.75778,4164.09999
2025-11-26 13:30:00,4164.08881,4166.44848,4160.0829,4162.91056
2025-11-26 14:00:00,4162.89607,4167.95984,4160.96101,4165.03042
2025-11-26 14:30:00,4164.99993,4169.83823,4163.48637,4165.30879
2025-11-26 15:00:00,4165.34866,4166.32337,4156.68787,4157.50295
2025-11-26 15:30:00,4157.52947,4162.73005,4156.83345,4162.19164
2025-11-26 16:00:00,4162.1678,4167.95279,4161.60389,4166.78453
2025-11-26 16:30:00,4166.6781,4166.87463,4160.75808,4162.62979
2025-11-26 17:00:00,4162.57448,4162.86937,4153.42578,4159.07359
2025-11-26 17:30:00,4159.0383,4159.06045,4147.94977,4149.26785
2025-11-26 18:00:00,4149.31316,4154.90217,4149.2614,4151.4264
2025-11-26 18:30:00,4151.49508,4160.66957,4151.39776,4158.19675
2025-11-26 19:00:00,4158.09291,4167.79563,4157.99434,4167.7105
2025-11-26 19:30:00,4167.68318,4167.79231,4156.27487,4160.15354
2025-11-26 20:00:00,4160.53148,4165.0734,4157.7495,4161.18484
2025-11-26 20:30:00,4160.97421,4163.28665,4157.36645,4160.97156
2025-11-26 21:00:00,4161.18977,4164.759,4160.91289,4163.32516
2025-11-26 21:30:00,4163.29878,4163.40272,4155.97971,4158.92067
2025-11-26 22:00:00,4158.68801,4164.72765,4157.90541,4163.70961
2025-11-26 22:30:00,4163.72515,4174.01012,4163.72438,4172.27843
2025-11-26 23:00:00,4172.15184,4172.95421,4165.93924,4166.97993
2025-11-26 23:30:00,4167.38063,4167.38063,4151.6998,4154.52482
2025-11-27 00:00:00,4154.46103,4165.5647,4154.36791,4165.5647
2025-11-27 00:30:00,4165.58351,4165.60519,4149.73858,4151.17342
2025-11-27 01:00:00,4151.08021,4156.82244,4141.02039,4145.34808
2025-11-27 01:30:00,4145.48674,4153.97519,4141.44585,4145.12236
2025-11-27 02:00:00,4145.0124,4156.89167,4138.97886,4156.74844
2025-11-27 02:30:00,4156.58481,4164.13932,4156.11891,4164.11843
2025-11-27 03:00:00,4164.02072,4165.65456,4161.71314,4163.25453
2025-11-27 03:30:00,4163.21704,4168.50597,4162.35376,4166.85107
2025-11-27 04:00:00,4166.78522,4169.35194,4165.18709,4167.5121
2025-11-27 04:30:00,4167.58248,4169.09892,4166.00544,4166.97956
2025-11-27 05:00:00,4166.95514,4171.14884,4166.2555,4168.39487
2025-11-27 05:30:00,4168.358,4168.37581,4158.41091,4164.91512
2025-11-27 06:00:00,4164.94583,4169.41851,4164.67294,4167.0469
2025-11-27 06:30:00,4167.08564,4167.75385,4162.30771,4163.51163
2025-11-27 07:00:00,4163.49718,4167.71409,4162.57543,4166.42375
2025-11-27 07:30:00,4166.44332,4167.28781,4161.75816,4163.57573
2025-11-27 08:00:00,4163.73492,4165.1567,4162.30619,4164.2674
2025-11-27 08:30:00,4164.24308,4167.16389,4163.07264,4163.81582
2025-11-27 09:00:00,4163.78922,4164.08564,4163.35227,4163.94234
2025-11-27 09:30:00,4163.90265,4164.12224,4163.73857,4163.91841
2025-11-27 10:00:00,4163.88554,4168.69798,4163.83262,4164.36934
2025-11-27 10:30:00,4164.33348,4167.39249,4163.08452,4166.21019
2025-11-27 11:00:00,4166.15261,4167.0693,4163.36546,4166.55164
2025-11-27 11:30:00,4166.52072,4166.79657,4162.1582,4163.9112
2025-11-27 12:00:00,4163.91574,4164.75309,4150.01023,4153.45979
2025-11-27 12:30:00,4153.40182,4156.31499,4149.09234,4152.71624
2025-11-27 13:00:00,4152.89955,4155.55011,4150.44705,4151.10721
2025-11-27 13:30:00,4151.1562,4154.70985,4145.31102,4145.83083
2025-11-27 14:00:00,4145.8071,4150.30011,4145.08596,4148.32137
2025-11-27 14:30:00,4148.2469,4149.33696,4146.34196,4149.30215
2025-11-27 15:00:00,4149.26588,4149.63483,4143.6376,4149.19423
2025-11-27 15:30:00,4149.14304,4154.40264,4149.14304,4151.1013
2025-11-27 16:00:00,4150.99722,4154.1712,4150.41638,4152.84739
2025-11-27 16:30:00,4152.81762,4153.15946,4144.06331,4146.72548
2025-11-27 17:00:00,4146.91316,4156.90157,4146.70767,4156.03327
2025-11-27 17:30:00,4155.9757,4159.15372,4153.34497,4157.12301
2025-11-27 18:00:00,4157.0787,4162.12954,4155.48778,4160.80213
2025-11-27 18:30:00,4160.77725,4160.83721,4158.11719,4159.78009
2025-11-27 19:00:00,4159.73135,4164.90763,4159.65984,4164.90763
2025-11-27 19:30:00,4164.95126,4167.05449,4162.64102,4166.19138
2025-11-27 20:00:00,4166.14561,4166.25942,4149.61006,4154.49822
2025-11-27 20:30:00,4154.33309,4160.70833,4153.52288,4160.41053
2025-11-27 21:00:00,4160.41336,4160.60035,4155.38643,4156.30409
2025-11-27 21:30:00,4156.35419,4156.40604,4153.35867,4156.12441
2025-11-27 22:00:00,4156.2319,4159.94172,4156.03551,4158.32527
2025-11-27 22:30:00,4158.37185,4162.51123,4158.03954,4158.12536
2025-11-27 23:00:00,4158.08804,4159.18349,4155.63129,4156.66543
2025-11-27 23:30:00,4156.51936,4158.80563,4154.64271,4156.3556
2025-11-28 00:00:00,4156.28873,4156.3713,4149.6406,4152.23801
2025-11-28 00:30:00,4152.20561,4157.45652,4151.72279,4154.45962
2025-11-28 01:00:00,4154.37999,4160.90809,4154.37999,4157.80865
2025-11-28 01:30:00,4157.75043,4159.39254,4153.92726,4155.91303
2025-11-28 02:00:00,4155.93385,4162.1062,4153.95434,4161.09981
2025-11-28 02:30:00,4161.13637,4161.51889,4157.48522,4157.69685
2025-11-28 03:00:00,4157.76773,4158.30122,4152.4123,4153.69763
2025-11-28 03:30:00,4153.71374,4157.60157,4153.54485,4156.99308
2025-11-28 04:00:00,4156.96428,4156.9897,4154.84272,4156.44292
2025-11-28 04:30:00,4156.31242,4159.04687,4156.31242,4157.54979
2025-11-28 05:00:00,4157.63391,4158.53919,4155.9182,4156.48383
2025-11-28 05:30:00,4156.45921,4159.66981,4156.31611,4159.23217
2025-11-28 06:00:00,4159.23413,4160.48526,4158.01688,4158.19401
2025-11-28 06:30:00,4158.15174,4158.28012,4157.47127,4157.99178
2025-11-28 07:00:00,4158.00496,4158.14355,4157.79494,4158.01631
2025-11-28 07:30:00,4157.937,4158.12617,4157.6383,4158.05978
2025-11-28 08:00:00,4158.0668,4158.19245,4157.80525,4158.02108
2025-11-28 08:30:00,4157.95146,4158.13687,4157.72411,4157.95363
2025-11-28 09:00:00,4157.93331,4158.14195,4157.75597,4157.9872
2025-11-28 09:30:00,4157.93201,4158.95292,4157.71222,4158.95292
2025-11-28 10:00:00,4158.95041,4162.72263,4158.33,4162.59737
2025-11-28 10:30:00,4162.65462,4163.72376,4162.39528,4163.35358
2025-11-28 11:00:00,4163.25243,4170.92579,4163.25243,4170.92579
2025-11-28 11:30:00,4170.78142,4186.03453,4170.78142,4181.66936
2025-11-28 12:00:00,4181.68186,4191.10078,4180.48148,4188.245
2025-11-28 12:30:00,4188.17559,4192.66364,4186.53718,4190.8193
2025-11-28 13:00:00,4190.89427,4191.41888,4187.50969,4190.6278
2025-11-28 13:30:00,4190.59614,4190.67292,4186.0967,4189.34336
2025-11-28 14:00:00,4189.24178,4191.51332,4186.25809,4187.13837
2025-11-28 14:30:00,4187.1376,4188.86944,4183.20337,4184.22566
2025-11-28 15:00:00,4184.19679,4186.78751,4183.0026,4184.54682
2025-11-28 15:30:00,4184.1731,4188.842,4180.55052,4188.47624
2025-11-28 16:00:00,4188.39271,4188.57975,4180.99749,4185.41773
2025-11-28 16:30:00,4185.31462,4185.74415,4183.32806,4183.60616
2025-11-28 17:00:00,4183.60641,4185.15713,4181.96966,4185.15713
2025-11-28 17:30:00,4185.12005,4188.49295,4184.96444,4187.60485
2025-11-28 18:00:00,4187.59548,4187.59975,4182.69877,4183.5737
2025-11-28 18:30:00,4183.52359,4183.54586,4174.29477,4174.5627
2025-11-28 19:00:00,4174.59294,4175.34626,4164.16752,4164.32882
2025-11-28 19:30:00,4164.33585,4171.4949,4161.2792,4166.71272
2025-11-28 20:00:00,4166.6807,4169.56262,4160.67953,4162.39015
2025-11-28 20:30:00,4162.23922,4168.14375,4161.65541,4167.87308
2025-11-28 21:00:00,4167.84311,4174.79229,4167.56908,4174.10303
2025-11-28 21:30:00,4174.01289,4174.17918,4158.86553,4163.38657
2025-11-28 22:00:00,4163.3649,4180.07468,4163.08925,4176.93511
2025-11-28 22:30:00,4177.06648,4177.37636,4173.01195,4174.18627
2025-11-28 23:00:00,4174.28495,4180.15003,4169.85556,4175.80302
2025-11-28 23:30:00,4175.80859,4176.97749,4173.79784,4176.81148
2025-11-29 00:00:00,4176.79614,4179.00753,4168.28617,4169.74409
2025-11-29 00:30:00,4169.60316,4181.98158,4169.60316,4181.98158
2025-11-29 01:00:00,4182.03843,4199.05062,4181.95025,4196.2374
2025-11-29 01:30:00,4196.19355,4207.96853,4196.07161,4198.27716
2025-11-29 02:00:00,4198.2127,4198.37155,4184.20405,4194.61447
2025-11-29 02:30:00,4194.42845,4203.14372,4194.42845,4203.14372
2025-11-29 03:00:00,4203.08714,4209.63169,4199.15361,4209.53286
2025-11-29 03:30:00,4209.57575,4210.67936,4203.5992,4207.1274
2025-11-29 04:00:00,4207.14685,4211.45029,4204.84981,4207.65998
2025-11-29 04:30:00,4207.64024,4215.52709,4206.6729,4215.2006
2025-11-29 05:00:00,4215.22932,4217.96765,4211.4429,4217.96765
2025-11-29 05:30:00,4217.96328,4225.13635,4217.96328,4220.65224
2025-11-29 06:00:00,4220.63046,4221.60966,4216.63537,4217.1504
2025-11-29 06:30:00,4217.13309,4221.84604,4207.20054,4212.73023
2025-11-29 07:00:00,4212.63224,4223.89704,4211.01697,4223.89704
2025-11-29 07:30:00,4224.12188,4231.26834,4216.24768,4216.34726
2025-11-29 08:00:00,4216.35507,4216.60917,4216.22203,4216.42018
2025-11-29 08:30:00,4216.35,4216.7422,4216.26824,4216.32888
2025-11-29 09:00:00,4216.34522,4216.54605,4216.2904,4216.43598
2025-11-29 09:30:00,4216.35169,4216.54325,4216.28067,4216.32916
2025-11-29 10:00:00,4216.35465,4216.54125,4216.28252,4216.44124
2025-11-29 10:30:00,4216.34932,4216.54063,4171.98663,4207.8426
2025-11-29 11:00:00,4207.77842,4216.52608,4207.74986,4216.43704
2025-11-29 11:30:00,4216.34221,4218.29016,4172.85807,4211.89558
2025-11-29 12:00:00,4211.47781,4216.53243,4211.47781,4216.43897
2025-11-29 12:30:00,4216.34611,4216.53364,4216.28116,4216.31634
2025-11-29 13:00:00,4216.34498,4216.53892,4216.28658,4216.42577
2025-11-29 13:30:00,4216.33865,4216.53187,4216.27576,4216.33138
2025-11-29 14:00:00,4216.35052,4216.54068,4216.28486,4216.42872
2025-11-29 14:30:00,4216.35161,4216.53965,4216.27758,4216.33254
2025-11-29 15:00:00,4216.34043,4216.52832,4216.27542,4216.40103
2025-11-29 15:30:00,4216.33669,4216.53788,4216.2743,4216.35366
2025-11-29 16:00:00,4216.3474,4216.53187,4216.27897,4216.39123
2025-11-29 16:30:00,4216.34221,4216.53175,4216.28133,4216.36639
2025-11-29 17:00:00,4216.34393,4216.53008,4216.27757,4216.3728
2025-11-29 17:30:00,4216.34043,4216.52744,4216.27431,4216.383
2025-11-29 18:00:00,4216.34398,4216.52873,4216.27353,4216.36175
2025-11-29 18:30:00,4216.34567,4216.53894,4216.27957,4216.39586
2025-11-29 19:00:00,4216.34043,4216.53428,4216.28133,4216.34624
2025-11-29 19:30:00,4216.34559,4216.53538,4216.27364,4216.40531
2025-11-29 20:00:00,4216.33509,4216.53422,4216.27896,4216.32733
2025-11-29 20:30:00,4216.34018,4216.53363,4216.28003,4216.42742
2025-11-29 21:00:00,4216.34604,4216.53355,4216.28252,4216.32995
2025-11-29 21:30:00,4216.35226,4216.5413,4216.28259,4216.44106
2025-11-29 22:00:00,4216.35175,4216.53539,4216.27718,4216.30549
2025-11-29 22:30:00,4216.33544,4216.53255,4216.27588,4216.44896
2025-11-29 23:00:00,4216.35571,4216.54603,4216.2937,4216.31947
2025-11-29 23:30:00,4216.35038,4216.53715,4216.2848,4216.44184
2025-12-01 00:00:00,4216.34576,4216.53535,4216.28252,4216.31796
2025-12-01 00:30:00,4216.34576,4216.5354,4216.28296,4216.43342
2025-12-01 01:00:00,4216.34576,4216.53535,4216.28307,4216.32571
2025-12-01 01:30:00,4216.34576,4216.5354,4216.28252,4216.42378
2025-12-01 02:00:00,4216.34576,4216.53447,4216.28307,4216.33708
2025-12-01 02:30:00,4216.34576,4216.5354,4216.28252,4216.41089
2025-12-01 03:00:00,4216.34576,4216.53447,4216.28295,4216.35126
2025-12-01 03:30:00,4216.34576,4216.53534,4216.28252,4216.39566
2025-12-01 04:00:00,4216.34576,4216.5354,4216.28295,4216.36727
2025-12-01 04:30:00,4216.34576,4216.53534,4216.28308,4216.37916
2025-12-01 05:00:00,4216.34576,4216.53541,4216.28252,4216.38398
2025-12-01 05:30:00,4216.34576,4216.53449,4216.28308,4216.36253
2025-12-01 06:00:00,4216.34576,4216.8431,4216.2683,4216.40013
2025-12-01 06:30:00,4216.34563,4216.53579,4216.28257,4216.34338
2025-12-01 07:00:00,4216.34255,4216.76691,4216.27636,4216.40992
2025-12-01 07:30:00,4216.34064,4216.53805,4216.28461,4216.32999
2025-12-01 08:00:00,4216.34294,4216.86073,4216.08054,4216.43048
2025-12-01 08:30:00,4216.34987,4216.53054,4216.2754,4216.31935
2025-12-01 09:00:00,4216.3419,4216.55382,4215.558,4216.43545
2025-12-01 09:30:00,4216.34543,4216.54434,4216.228,4216.32552
2025-12-01 10:00:00,4216.35465,4230.28565,4202.4477,4223.63598
2025-12-01 10:30:00,4223.61761,4226.11671,4221.45247,4223.73185
2025-12-01 11:00:00,4223.6895,4233.20507,4219.42204,4229.32057
2025-12-01 11:30:00,4229.3074,4233.2932,4227.34397,4230.94105
2025-12-01 12:00:00,4230.84495,4239.45924,4222.37581,4235.81153
2025-12-01 12:30:00,4236.15074,4253.8348,4235.79593,4252.77046
2025-12-01 13:00:00,4252.85823,4254.90569,4242.42214,4242.42214
2025-12-01 13:30:00,4242.3771,4242.51748,4234.90078,4241.36426
2025-12-01 14:00:00,4241.60546,4243.62977,4233.27065,4235.1356
2025-12-01 14:30:00,4235.10601,4240.3935,4234.6404,4237.94898
2025-12-01 15:00:00,4237.56091,4240.44075,4236.94118,4239.47146
2025-12-01 15:30:00,4239.57908,4246.72157,4239.44522,4246.20333
2025-12-01 16:00:00,4246.14638,4246.29885,4217.32557,4220.24218
2025-12-01 16:30:00,4220.24698,4231.24915,4220.01844,4229.42311
2025-12-01 17:00:00,4229.39056,4233.99906,4227.30339,4230.57317
2025-12-01 17:30:00,4230.43422,4239.91043,4229.8988,4238.5356
2025-12-01 18:00:00,4238.32376,4241.70364,4232.18946,4241.12561
2025-12-01 18:30:00,4241.11534,4246.325,4239.29294,4245.59615
2025-12-01 19:00:00,4245.54673,4253.03675,4245.45354,4250.76289
2025-12-01 19:30:00,4250.69999,4250.84982,4239.17041,4242.98837
2025-12-01 20:00:00,4243.20811,4250.38475,4242.93134,4250.37302
2025-12-01 20:30:00,4250.20802,4251.31386,4244.4994,4249.31011
2025-12-01 21:00:00,4249.44809,4261.55839,4248.96395,4254.26206
2025-12-01 21:30:00,4254.30876,4256.9063,4252.66026,4256.90044
2025-12-01 22:00:00,4256.80327,4256.90396,4248.61436,4253.959
2025-12-01 22:30:00,4254.06376,4258.5033,4251.63759,4254.86767
2025-12-01 23:00:00,4254.77773,4256.85611,4247.4124,4252.85157
2025-12-01 23:30:00,4252.83304,4256.68542,4244.08749,4246.98159
2025-12-02 00:00:00,4246.91801,4259.74617,4246.90933,4256.51694
2025-12-02 00:30:00,4256.35406,4265.37936,4252.32521,4253.46031
2025-12-02 01:00:00,4253.08131,4253.44765,4241.03203,4245.88941
2025-12-02 01:30:00,4246.01705,4248.07086,4222.82592,4239.0584
2025-12-02 02:00:00,4239.15992,4243.41702,4216.45846,4225.31783
2025-12-02 02:30:00,4224.87867,4237.81452,4223.37801,4232.13326
2025-12-02 03:00:00,4232.34125,4239.35176,4228.314,4237.114
2025-12-02 03:30:00,4236.70873,4242.14613,4227.39427,4229.59325
2025-12-02 04:00:00,4229.30277,4235.01956,4224.68087,4234.24488
2025-12-02 04:30:00,4234.3619,4238.76966,4230.64529,4232.55453
2025-12-02 05:00:00,4232.66922,4240.23084,4232.53236,4239.03617
2025-12-02 05:30:00,4238.66343,4244.12235,4237.30029,4240.44848
2025-12-02 06:00:00,4240.39434,4242.27454,4236.94522,4241.83736
2025-12-02 06:30:00,4241.79533,4243.61695,4231.41326,4234.38252
2025-12-02 07:00:00,4234.45988,4242.3133,4234.38714,4236.35008
2025-12-02 07:30:00,4236.54422,4241.16069,4235.64071,4236.25067
2025-12-02 08:00:00,4235.87791,4240.73091,4235.5137,4238.3304
2025-12-02 08:30:00,4238.37735,4239.02539,4230.2269,4232.13555
2025-12-02 09:00:00,4232.09772,4232.71828,4231.4433,4232.15196
2025-12-02 09:30:00,4232.17853,4232.41744,4232.06622,4232.2289
2025-12-02 10:00:00,4232.13605,4236.36359,4230.40555,4235.55694
2025-12-02 10:30:00,4235.43746,4235.65735,4225.35109,4227.76394
2025-12-02 11:00:00,4227.73383,4228.29586,4221.81176,4224.30094
2025-12-02 11:30:00,4224.49625,4229.26433,4224.01633,4229.26433
2025-12-02 12:00:00,4229.35848,4229.35848,4202.07267,4213.19381
2025-12-02 12:30:00,4213.181,4221.1501,4209.69695,4220.19256
2025-12-02 13:00:00,4220.03459,4223.34179,4216.21473,4216.72359
2025-12-02 13:30:00,4216.47218,4224.47515,4215.74979,4221.60334
2025-12-02 14:00:00,4221.58053,4225.80393,4220.85413,4223.4639
2025-12-02 14:30:00,4223.44407,4224.82008,4216.7467,4218.04688
2025-12-02 15:00:00,4217.86758,4220.39767,4215.29162,4216.37357
2025-12-02 15:30:00,4216.3391,4219.26094,4215.09411,4218.41439
2025-12-02 16:00:00,4218.42439,4222.69873,4215.63315,4221.5289
2025-12-02 16:30:00,4221.57376,4225.14432,4219.27902,4224.71708
2025-12-02 17:00:00,4224.77939,4226.73559,4206.73005,4207.31494
2025-12-02 17:30:00,4207.59171,4214.97361,4203.27774,4212.59991
2025-12-02 18:00:00,4212.62776,4218.48393,4209.98114,4217.64367
2025-12-02 18:30:00,4217.46419,4218.20354,4209.2181,4211.28754
2025-12-02 19:00:00,4211.54782,4216.94098,4206.96989,4216.02893
2025-12-02 19:30:00,4215.90041,4216.25432,4209.63888,4210.78897
2025-12-02 20:00:00,4210.75151,4211.70758,4191.03562,4194.01064
2025-12-02 20:30:00,4193.88985,4194.3315,4186.25382,4193.44506
2025-12-02 21:00:00,4193.38604,4193.45536,4182.01864,4188.76186
2025-12-02 21:30:00,4188.83772,4189.65257,4183.26588,4185.29486
2025-12-02 22:00:00,4185.16922,4195.00559,4185.16922,4194.11655
2025-12-02 22:30:00,4194.03147,4205.97134,4194.03147,4205.37041
2025-12-02 23:00:00,4205.33946,4207.6174,4201.34211,4205.89655
2025-12-02 23:30:00,4205.77381,4209.46581,4202.77786,4209.01192
2025-12-03 00:00:00,4208.95294,4215.66511,4200.88384,4206.4242
2025-12-03 00:30:00,4206.07016,4212.24691,4203.69049,4211.54929
2025-12-03 01:00:00,4211.52989,4229.44871,4211.52989,4227.87217
2025-12-03 01:30:00,4228.00017,4228.11863,4216.01164,4220.24923
2025-12-03 02:00:00,4220.18225,4220.26827,4190.67158,4191.86793
2025-12-03 02:30:00,4192.11323,4192.11323,4167.30243,4168.91072
2025-12-03 03:00:00,4168.91173,4178.86638,4167.82739,4177.72945
2025-12-03 03:30:00,4177.66572,4188.79098,4177.48502,4182.20866
2025-12-03 04:00:00,4182.36352,4193.17737,4182.18054,4191.9232
2025-12-03 04:30:00,4192.01159,4197.27241,4190.59696,4194.88378
2025-12-03 05:00:00,4194.87285,4196.29456,4190.466,4190.99897
2025-12-03 05:30:00,4191.02283,4191.08861,4183.22944,4188.8236
2025-12-03 06:00:00,4188.92401,4198.6676,4188.80585,4197.22311
2025-12-03 06:30:00,4197.15332,4203.11584,4194.26717,4199.63913
2025-12-03 07:00:00,4199.64034,4199.6815,4195.68734,4198.67677
2025-12-03 07:30:00,4198.79247,4212.9927,4198.65606,4209.76474
2025-12-03 08:00:00,4209.82504,4211.197,4207.96529,4211.09087
2025-12-03 08:30:00,4211.08222,4211.15897,4205.5656,4206.07514
2025-12-03 09:00:00,4206.00554,4206.68174,4205.61306,4205.92087
2025-12-03 09:30:00,4205.92286,4206.2082,4205.76434,4205.95242
2025-12-03 10:00:00,4205.88302,4212.041,4203.43532,4209.69138
2025-12-03 10:30:00,4209.65404,4215.38966,4206.80492,4213.26478
2025-12-03 11:00:00,4213.22682,4213.35294,4206.51433,4208.4129
2025-12-03 11:30:00,4208.38459,4211.27606,4205.44146,4211.27606
2025-12-03 12:00:00,4211.28253,4220.04734,4211.20215,4215.23431
2025-12-03 12:30:00,4214.935,4218.85607,4214.03447,4215.56722
2025-12-03 13:00:00,4215.54056,4223.82672,4215.15877,4222.48992
2025-12-03 13:30:00,4222.16569,4228.90206,4222.16569,4226.38913
2025-12-03 14:00:00,4226.30106,4227.64439,4221.12233,4225.40702
2025-12-03 14:30:00,4225.38726,4225.71511,4220.53289,4220.53289
2025-12-03 15:00:00,4220.32505,4224.08806,4217.42082,4223.51066
2025-12-03 15:30:00,4223.49372,4224.99825,4220.61178,4221.43747
2025-12-03 16:00:00,4221.32192,4223.84812,4219.542,4220.44264
2025-12-03 16:30:00,4220.42622,4220.43246,4204.18759,4208.62991
2025-12-03 17:00:00,4208.63502,4211.41693,4206.60056,4209.76839
2025-12-03 17:30:00,4209.72458,4209.74784,4205.19659,4207.60574
2025-12-03 18:00:00,4207.42564,4209.93069,4202.89381,4203.73529
2025-12-03 18:30:00,4203.72579,4207.27002,4199.9681,4207.27002
2025-12-03 19:00:00,4207.25281,4207.96594,4204.25638,4206.41288
2025-12-03 19:30:00,4206.2997,4210.2925,4205.04001,4207.684
2025-12-03 20:00:00,4207.63842,4207.67811,4198.25205,4200.74177
2025-12-03 20:30:00,4200.67104,4202.25465,4199.99657,4201.85528
2025-12-03 21:00:00,4201.82366,4203.45989,4195.46917,4201.39168
2025-12-03 21:30:00,4201.7894,4205.34839,4198.70555,4200.94492
2025-12-03 22:00:00,4200.88751,4204.96642,4197.85873,4204.82783
2025-12-03 22:30:00,4204.83583,4207.70291,4203.1456,4207.70291
2025-12-03 23:00:00,4207.70139,4210.6339,4205.5997,4209.20257
2025-12-03 23:30:00,4209.17231,4214.2354,4208.27296,4212.69634
2025-12-04 00:00:00,4212.85683,4223.68524,4211.77993,4220.36088
2025-12-04 00:30:00,4220.37256,4237.04173,4217.64533,4235.75376
2025-12-04 01:00:00,4235.61186,4240.26134,4220.42603,4225.38402
2025-12-04 01:30:00,4225.31745,4243.15096,4209.0113,4214.31416
2025-12-04 02:00:00,4214.28918,4223.91433,4208.3238,4221.37706
2025-12-04 02:30:00,4221.2841,4228.36246,4216.14205,4219.78956
2025-12-04 03:00:00,4220.0177,4221.07555,4213.9718,4216.59303
2025-12-04 03:30:00,4216.89885,4224.89252,4197.41821,4198.55184
2025-12-04 04:00:00,4198.45121,4212.83845,4198.45121,4208.94147
2025-12-04 04:30:00,4208.84245,4215.96049,4208.83378,4212.14384
2025-12-04 05:00:00,4212.18128,4212.23083,4199.62313,4201.2938
2025-12-04 05:30:00,4201.19498,4206.06153,4195.0201,4197.69906
2025-12-04 06:00:00,4197.61325,4205.6216,4197.05799,4205.6216
2025-12-04 06:30:00,4205.7248,4209.95693,4205.56911,4208.56484
2025-12-04 07:00:00,4208.55717,4212.82864,4207.73199,4209.0136
2025-12-04 07:30:00,4208.76668,4211.04335,4205.1543,4206.36072
2025-12-04 08:00:00,4206.18384,4210.2238,4206.18384,4207.30291
2025-12-04 08:30:00,4207.29947,4210.11206,4202.62552,4203.66928
2025-12-04 09:00:00,4203.55446,4203.64965,4202.83103,4203.09673
2025-12-04 09:30:00,4202.99511,4203.44776,4202.99511,4203.2012
2025-12-04 10:00:00,4203.22421,4208.85841,4203.1089,4207.31645
2025-12-04 10:30:00,4207.37634,4207.75693,4203.36896,4206.87797
2025-12-04 11:00:00,4206.69023,4212.58438,4205.26457,4211.94332
2025-12-04 11:30:00,4211.90743,4215.20658,4209.84765,4210.35799
2025-12-04 12:00:00,4210.51004,4215.03698,4207.17638,4212.73885
2025-12-04 12:30:00,4212.70785,4216.22408,4209.10436,4209.10436
2025-12-04 13:00:00,4209.13609,4209.18703,4199.91566,4206.23139
2025-12-04 13:30:00,4206.23479,4206.85478,4200.73218,4202.39545
2025-12-04 14:00:00,4202.50445,4202.50445,4189.9393,4193.34143
2025-12-04 14:30:00,4193.30088,4198.50662,4189.35055,4196.21337
2025-12-04 15:00:00,4196.17748,4198.84453,4193.69887,4198.84453
2025-12-04 15:30:00,4198.73528,4198.9387,4194.70112,4196.18636
2025-12-04 16:00:00,4196.06727,4197.65893,4190.26447,4195.43283
2025-12-04 16:30:00,4195.63772,4198.78492,4176.80186,4179.22384
2025-12-04 17:00:00,4179.53197,4185.54933,4179.20846,4182.57892
2025-12-04 17:30:00,4182.56009,4189.7784,4182.36348,4189.3466
2025-12-04 18:00:00,4189.16336,4194.06377,4187.7321,4190.09682
2025-12-04 18:30:00,4190.07659,4192.59608,4186.13228,4192.54065
2025-12-04 19:00:00,4192.69391,4195.86715,4190.55094,4193.60305
2025-12-04 19:30:00,4193.58636,4193.73946,4189.56797,4190.0677
2025-12-04 20:00:00,4189.57553,4191.07049,4185.01861,4189.88573
2025-12-04 20:30:00,4190.02189,4201.80915,4189.74548,4200.63346
2025-12-04 21:00:00,4200.55367,4202.59203,4199.75609,4200.5749
2025-12-04 21:30:00,4200.58325,4202.02717,4197.62275,4197.75007
2025-12-04 22:00:00,4197.71409,4207.30861,4197.04139,4198.83709
2025-12-04 22:30:00,4198.85185,4201.57653,4198.09018,4198.84342
2025-12-04 23:00:00,4198.73387,4201.3297,4193.40267,4196.15341
2025-12-04 23:30:00,4196.37276,4196.37276,4189.15063,4190.74779
2025-12-05 00:00:00,4190.71065,4198.04178,4186.14762,4195.66256
2025-12-05 00:30:00,4195.6297,4197.07543,4186.86801,4196.80836
2025-12-05 01:00:00,4196.66455,4209.70585,4196.66455,4208.48717
2025-12-05 01:30:00,4208.46111,4211.65913,4195.17519,4206.19199
2025-12-05 02:00:00,4206.22944,4206.27665,4193.43876,4204.9625
2025-12-05 02:30:00,4205.21738,4210.23342,4201.47564,4206.90237
2025-12-05 03:00:00,4206.87077,4218.74896,4206.61488,4216.65762
2025-12-05 03:30:00,4216.67662,4220.43,4208.42101,4220.16
2025-12-05 04:00:00,4220.15,4220.43,4213.58,4214.88
2025-12-05 04:30:00,4214.88,4217.75672,4213.39362,4216.43737
2025-12-05 05:00:00,4216.42981,4217.02165,4210.95404,4212.62079
2025-12-05 05:30:00,4212.65395,4212.88281,4207.22152,4209.00669
2025-12-05 06:00:00,4208.90818,4209.40128,4200.4415,4205.96996
2025-12-05 06:30:00,4205.82547,4210.45805,4204.91802,4208.77715
2025-12-05 07:00:00,4208.73724,4209.27528,4206.70998,4208.76788
2025-12-05 07:30:00,4208.72754,4210.08513,4205.82277,4210.08513
2025-12-05 08:00:00,4210.05256,4210.13852,4208.17975,4208.85485
2025-12-05 08:30:00,4208.80825,4209.94601,4207.58099,4208.12342
2025-12-05 09:00:00,4208.06813,4209.15809,4208.04776,4209.0293
2025-12-05 09:30:00,4209.01269,4209.14537,4206.46939,4207.8317
2025-12-05 10:00:00,4207.725,4209.61292,4206.57968,4208.19123
2025-12-05 10:30:00,4208.21043,4208.36096,4204.08113,4205.62922
2025-12-05 11:00:00,4205.65595,4210.28135,4204.94108,4206.12817
2025-12-05 11:30:00,4206.22537,4206.22537,4201.69293,4201.80341
2025-12-05 12:00:00,4201.82836,4203.50957,4195.39646,4199.76163
2025-12-05 12:30:00,4199.80169,4203.53329,4197.37396,4203.07204
2025-12-05 13:00:00,4203.12935,4204.73072,4197.13897,4198.22437
2025-12-05 13:30:00,4198.11285,4209.94636,4197.01902,4207.10893
2025-12-05 14:00:00,4206.94506,4208.11147,4201.76417,4202.8621
2025-12-05 14:30:00,4202.89678,4211.13077,4202.86263,4209.16267
2025-12-05 15:00:00,4209.04978,4215.09522,4208.43464,4212.76869
2025-12-05 15:30:00,4212.66345,4217.32423,4212.66345,4216.85385
2025-12-05 16:00:00,4216.86521,4219.88919,4214.58261,4219.67616
2025-12-05 16:30:00,4219.62725,4220.90542,4218.24312,4220.53566
2025-12-05 17:00:00,4220.54417,4228.27497,4219.41967,4227.64793
2025-12-05 17:30:00,4227.58457,4228.03485,4223.55258,4224.98964
2025-12-05 18:00:00,4225.10419,4229.86899,4224.98947,4229.86899
2025-12-05 18:30:00,4229.84895,4229.87591,4222.96372,4225.2664
2025-12-05 19:00:00,4225.19789,4226.63525,4221.92049,4224.51269
2025-12-05 19:30:00,4224.42264,4225.5786,4219.40295,4221.48039
2025-12-05 20:00:00,4221.45641,4221.8436,4216.85453,4221.8436
2025-12-05 20:30:00,4221.76429,4225.10005,4220.29462,4223.95029
2025-12-05 21:00:00,4224.01078,4227.00624,4223.80911,4224.35949
2025-12-05 21:30:00,4224.2155,4225.19081,4223.10979,4224.28039
2025-12-05 22:00:00,4224.51131,4225.39507,4220.56396,4221.60042
2025-12-05 22:30:00,4221.81149,4223.97787,4221.36787,4223.68455
2025-12-05 23:00:00,4223.55813,4229.14651,4223.55813,4224.90519
2025-12-05 23:30:00,4224.90201,4228.98714,4223.49109,4228.81538
2025-12-06 00:00:00,4228.58067,4235.48324,4222.63719,4234.28352
2025-12-06 00:30:00,4234.51324,4238.21156,4230.90861,4236.86781
2025-12-06 01:00:00,4236.789,4238.38903,4232.63621,4233.98566
2025-12-06 01:30:00,4234.0691,4246.69592,4229.60265,4241.76058
2025-12-06 02:00:00,4241.4187,4248.97976,4234.83137,4247.18258
2025-12-06 02:30:00,4247.09488,4258.54495,4237.85744,4241.85833
2025-12-06 03:00:00,4241.64691,4245.25025,4197.78418,4216.7886
2025-12-06 03:30:00,4216.84438,4217.80729,4207.57185,4216.31489
2025-12-06 04:00:00,4216.3098,4218.07498,4210.49509,4216.47398
2025-12-06 04:30:00,4216.70848,4219.84624,4207.89448,4217.46337
2025-12-06 05:00:00,4217.40784,4218.39374,4210.80475,4212.17927
2025-12-06 05:30:00,4212.23726,4214.85597,4206.8939,4208.20002
2025-12-06 06:00:00,4208.263,4210.50125,4204.9318,4209.23584
2025-12-06 06:30:00,4209.07177,4209.96935,4202.96765,4207.63103
2025-12-06 07:00:00,4207.84169,4207.84169,4203.10835,4203.83471
2025-12-06 07:30:00,4203.92698,4204.98513,4199.65802,4202.25047
2025-12-06 08:00:00,4202.18544,4202.27831,4192.07322,4197.1507
2025-12-06 08:30:00,4197.14915,4198.70055,4193.97849,4197.42924
2025-12-06 09:00:00,4197.44549,4197.59148,4197.30823,4197.44794
2025-12-06 09:30:00,4197.37148,4197.78138,4197.30913,4197.34662
2025-12-06 10:00:00,4197.35458,4197.55329,4197.29772,4197.43313
2025-12-06 10:30:00,4197.36997,4197.55105,4197.3058,4197.38099
2025-12-06 11:00:00,4197.37511,4197.55447,4197.31011,4197.41989
2025-12-06 11:30:00,4197.37043,4197.55418,4197.30786,4197.38568
2025-12-06 12:00:00,4197.36216,4197.54408,4197.29727,4197.40158
2025-12-06 12:30:00,4197.3693,4197.5507,4197.30055,4197.40078
2025-12-06 13:00:00,4197.36095,4197.54416,4197.29876,4197.37094
2025-12-06 13:30:00,4197.35483,4197.55068,4197.29773,4197.4312
2025-12-06 14:00:00,4197.37766,4197.54061,4197.30735,4197.35545
2025-12-06 14:30:00,4197.35465,4197.54614,4197.3005,4197.42516
2025-12-06 15:00:00,4197.35631,4197.5505,4197.29878,4197.35051
2025-12-06 15:30:00,4197.3631,4197.55445,4197.31188,4197.44806
2025-12-06 16:00:00,4197.36741,4197.55117,4197.30123,4197.35143
2025-12-06 16:30:00,4197.37367,4197.55478,4197.31087,4197.45985
2025-12-06 17:00:00,4197.36971,4197.55325,4197.31343,4197.34483
2025-12-06 17:30:00,4197.37351,4197.55467,4197.30764,4197.4643
2025-12-06 18:00:00,4197.37069,4197.55658,4197.31352,4197.33895
2025-12-06 18:30:00,4197.36957,4197.55076,4197.31076,4197.46437
2025-12-06 19:00:00,4197.37012,4197.55116,4197.31076,4197.34108
2025-12-06 19:30:00,4197.36944,4197.55684,4197.3136,4197.46199
2025-12-06 20:00:00,4197.37185,4197.55523,4197.31474,4197.35083
2025-12-06 20:30:00,4197.37325,4197.55311,4197.31195,4197.45359
2025-12-06 21:00:00,4197.37219,4197.55654,4197.31526,4197.35926
2025-12-06 21:30:00,4197.3715,4197.55131,4197.31086,4197.44558
2025-12-06 22:00:00,4197.3747,4197.56387,4197.31495,4197.37094
2025-12-06 22:30:00,4197.36947,4197.55267,4197.30941,4197.42919
2025-12-06 23:00:00,4197.37485,4197.55116,4197.30653,4197.38805
2025-12-06 23:30:00,4197.37192,4197.54763,4197.30914,4197.40394
2025-12-08 00:00:00,4197.36867,4197.55154,4197.31175,4197.40605
2025-12-08 00:30:00,4197.36867,4197.55089,4197.31251,4197.38602
2025-12-08 01:00:00,4197.36867,4197.55154,4197.31175,4197.42227
2025-12-08 01:30:00,4197.36867,4197.55126,4197.3125,4197.37043
2025-12-08 02:00:00,4197.36867,4197.55154,4197.31193,4197.43694
2025-12-08 02:30:00,4197.36867,4197.55126,4197.31174,4197.35692
2025-12-08 03:00:00,4197.36867,4197.55089,4197.31193,4197.44905
2025-12-08 03:30:00,4197.36867,4197.55154,4197.31174,4197.34644
2025-12-08 04:00:00,4197.36867,4197.55088,4197.31249,4197.45773
2025-12-08 04:30:00,4197.36867,4197.55154,4197.31174,4197.33971
2025-12-08 05:00:00,4197.36867,4197.55127,4197.31249,4197.46239
2025-12-08 05:30:00,4197.36867,4197.55154,4197.31194,4197.3372
2025-12-08 06:00:00,4197.36867,4197.56019,4197.29437,4197.4698
2025-12-08 06:30:00,4197.37602,4197.55905,4197.32029,4197.34601
2025-12-08 07:00:00,4197.37604,4197.56036,4197.31906,4197.46769
2025-12-08 07:30:00,4197.37714,4197.56016,4197.31049,4197.3468
2025-12-08 08:00:00,4197.37113,4197.56034,4197.31484,4197.46158
2025-12-08 08:30:00,4197.37396,4197.58137,4197.31705,4197.3636
2025-12-08 09:00:00,4197.37783,4197.56562,4197.31309,4197.44268
2025-12-08 09:30:00,4197.37152,4197.5655,4197.1569,4197.2238
2025-12-08 10:00:00,4197.23724,4204.76126,4197.19871,4201.22346
2025-12-08 10:30:00,4201.1075,4205.29223,4199.65846,4201.89384
2025-12-08 11:00:00,4201.91362,4208.51252,4200.31863,4206.20006
2025-12-08 11:30:00,4206.15683,4211.36529,4205.64007,4210.91996
2025-12-08 12:00:00,4211.15066,4211.15066,4199.11586,4208.86749
2025-12-08 12:30:00,4208.86734,4209.42083,4198.16878,4200.24264
2025-12-08 13:00:00,4200.05224,4203.07448,4198.30668,4203.07448
2025-12-08 13:30:00,4202.99974,4211.50145,4201.57434,4208.69238
2025-12-08 14:00:00,4208.67125,4212.57558,4207.61436,4209.52075
2025-12-08 14:30:00,4209.55053,4210.95473,4206.82889,4210.36658
2025-12-08 15:00:00,4210.28618,4211.90929,4208.91509,4209.53399
2025-12-08 15:30:00,4209.55765,4212.59808,4207.18488,4208.12021
2025-12-08 16:00:00,4207.98812,4209.6066,4205.30002,4207.1889
2025-12-08 16:30:00,4207.13124,4217.05715,4207.13124,4216.73754
2025-12-08 17:00:00,4216.77283,4218.35448,4211.2338,4216.39617
2025-12-08 17:30:00,4216.44406,4218.46194,4214.63376,4217.00541
2025-12-08 18:00:00,4217.14857,4217.14857,4211.83458,4215.06773
2025-12-08 18:30:00,4215.14129,4216.09551,4206.98768,4207.57996
2025-12-08 19:00:00,4207.33447,4215.5261,4204.11657,4210.70977
2025-12-08 19:30:00,4210.51506,4212.07076,4206.14863,4209.34468
2025-12-08 20:00:00,4209.3771,4211.08193,4205.12397,4210.13101
2025-12-08 20:30:00,4210.24224,4213.49901,4206.75045,4208.25177
2025-12-08 21:00:00,4208.26368,4210.25343,4206.26295,4206.58794
2025-12-08 21:30:00,4206.30024,4207.88502,4202.82326,4204.09472
2025-12-08 22:00:00,4204.07829,4209.34447,4200.18955,4208.72729
2025-12-08 22:30:00,4208.67978,4214.23698,4208.67978,4209.85876
2025-12-08 23:00:00,4209.81025,4212.9682,4209.35895,4212.187
2025-12-08 23:30:00,4212.17953,4215.35323,4211.27209,4213.47769
2025-12-09 00:00:00,4213.4016,4213.4816,4203.26909,4204.51325
2025-12-09 00:30:00,4204.52265,4206.5217,4196.50145,4200.72867
2025-12-09 01:00:00,4200.69789,4211.34099,4199.06111,4209.51111
2025-12-09 01:30:00,4209.51779,4210.75146,4197.34136,4197.61177
2025-12-09 02:00:00,4197.26008,4197.60852,4175.24856,4190.40501
2025-12-09 02:30:00,4190.38381,4192.0733,4182.2172,4183.02766
2025-12-09 03:00:00,4183.02278,4195.58647,4178.31987,4195.14871
2025-12-09 03:30:00,4195.15493,4197.4653,4187.81721,4190.69707
2025-12-09 04:00:00,4190.74639,4191.47178,4186.43484,4190.88357
2025-12-09 04:30:00,4191.02124,4195.57086,4188.06521,4194.92466
2025-12-09 05:00:00,4194.89483,4195.43784,4187.46415,4188.42147
2025-12-09 05:30:00,4188.45476,4192.16362,4181.76155,4186.12946
2025-12-09 06:00:00,4186.04446,4189.01088,4184.60694,4186.77322
2025-12-09 06:30:00,4186.8885,4189.37673,4185.41663,4186.46637
2025-12-09 07:00:00,4186.39665,4191.33447,4185.34112,4189.31135
2025-12-09 07:30:00,4189.20523,4195.17171,4189.20523,4191.18687
2025-12-09 08:00:00,4191.29232,4192.85581,4189.9973,4190.87689
2025-12-09 08:30:00,4190.83553,4190.99591,4188.45771,4190.48925
2025-12-09 09:00:00,4190.45765,4190.82819,4189.73285,4189.77889
2025-12-09 09:30:00,4189.7891,4190.32613,4189.06102,4190.32341
2025-12-09 10:00:00,4190.24241,4193.73788,4190.14263,4192.73903
2025-12-09 10:30:00,4192.65789,4195.40846,4191.91848,4194.79869
2025-12-09 11:00:00,4194.74323,4195.47718,4192.41874,4192.7809
2025-12-09 11:30:00,4192.68687,4194.19712,4189.73532,4190.47627
2025-12-09 12:00:00,4190.5224,4196.81366,4189.08193,4194.35445
2025-12-09 12:30:00,4194.44032,4196.97273,4194.33035,4196.56027
2025-12-09 13:00:00,4196.60218,4197.11859,4189.27378,4189.9811
2025-12-09 13:30:00,4189.7956,4190.56914,4186.92843,4189.99134
2025-12-09 14:00:00,4189.87316,4198.48272,4189.87316,4197.21695
2025-12-09 14:30:00,4197.2241,4199.11969,4193.69428,4194.56649
2025-12-09 15:00:00,4194.46483,4195.70869,4192.12203,4193.37876
2025-12-09 15:30:00,4193.22127,4195.32925,4185.37096,4187.43506
2025-12-09 16:00:00,4187.27707,4187.412,4183.79339,4185.07713
2025-12-09 16:30:00,4184.81212,4185.04818,4178.88568,4179.71647
2025-12-09 17:00:00,4179.73772,4179.78112,4171.40677,4177.79604
2025-12-09 17:30:00,4177.72069,4183.67468,4177.24663,4182.63647
2025-12-09 18:00:00,4182.49163,4185.45834,4177.57275,4178.6765
2025-12-09 18:30:00,4178.74938,4183.3244,4178.67166,4182.38547
2025-12-09 19:00:00,4182.36773,4188.48565,4182.36773,4186.3299
2025-12-09 19:30:00,4186.27926,4191.56683,4186.27926,4191.49426
2025-12-09 20:00:00,4191.38288,4211.33657,4191.38288,4207.36665
2025-12-09 20:30:00,4207.20808,4208.09569,4201.80032,4202.60654
2025-12-09 21:00:00,4202.48828,4208.51496,4202.36311,4205.17668
2025-12-09 21:30:00,4205.16234,4205.45577,4201.89413,4204.10059
2025-12-09 22:00:00,4203.96742,4205.14421,4201.65295,4203.63376
2025-12-09 22:30:00,4203.74275,4206.61801,4202.95461,4203.08487
2025-12-09 23:00:00,4202.96736,4204.93816,4198.72495,4202.88456
2025-12-09 23:30:00,4202.82248,4206.93842,4201.98395,4205.19259
2025-12-10 00:00:00,4205.26003,4207.58754,4198.873,4201.08343
2025-12-10 00:30:00,4201.13889,4202.94437,4195.32656,4201.88018
2025-12-10 01:00:00,4201.81784,4201.85504,4190.04538,4193.51839
2025-12-10 01:30:00,4193.50496,4209.58205,4193.50496,4204.23561
2025-12-10 02:00:00,4204.0359,4207.85744,4192.48383,4206.83854
2025-12-10 02:30:00,4206.52556,4215.60309,4199.91585,4213.10622
2025-12-10 03:00:00,4213.31873,4218.92195,4209.00754,4213.91283
2025-12-10 03:30:00,4213.78159,4220.84751,4212.66237,4212.66237
2025-12-10 04:00:00,4212.61662,4215.26105,4205.07607,4207.57545
2025-12-10 04:30:00,4207.35418,4208.76824,4201.57555,4202.49007
2025-12-10 05:00:00,4202.66664,4207.60528,4201.9696,4207.44725
2025-12-10 05:30:00,4207.43129,4209.46183,4204.58905,4209.19543
2025-12-10 06:00:00,4209.19638,4212.71687,4207.35117,4208.47793
2025-12-10 06:30:00,4208.44035,4215.03692,4207.92711,4212.89339
2025-12-10 07:00:00,4212.73084,4215.38406,4209.49368,4211.09066
2025-12-10 07:30:00,4211.00168,4213.80315,4209.76236,4212.76073
2025-12-10 08:00:00,4212.78001,4212.82732,4209.74192,4210.43581
2025-12-10 08:30:00,4210.34637,4210.5278,4207.71378,4207.90391
2025-12-10 09:00:00,4207.83138,4208.60276,4207.79273,4208.35888
2025-12-10 09:30:00,4208.3824,4208.68637,4208.27306,4208.48962
2025-12-10 10:00:00,4208.40129,4210.80717,4208.05595,4210.78867
2025-12-10 10:30:00,4210.79287,4212.79536,4209.75801,4210.97012
2025-12-10 11:00:00,4211.04252,4212.40187,4207.53352,4209.38448
2025-12-10 11:30:00,4209.37445,4209.59121,4207.18618,4208.70303
2025-12-10 12:00:00,4208.70749,4217.69978,4207.66091,4216.57118
2025-12-10 12:30:00,4216.47203,4217.23354,4211.82789,4214.28215
2025-12-10 13:00:00,4214.23632,4218.19465,4212.55972,4213.36097
2025-12-10 13:30:00,4213.49224,4218.44963,4213.28714,4217.1441
2025-12-10 14:00:00,4217.10364,4217.14216,4208.48171,4208.79572
2025-12-10 14:30:00,4208.70637,4210.44814,4204.4224,4206.3677
2025-12-10 15:00:00,4206.38745,4208.73728,4205.95305,4206.86184
2025-12-10 15:30:00,4206.87124,4209.35586,4205.42022,4207.29304
2025-12-10 16:00:00,4207.26081,4207.35471,4202.07874,4204.93528
2025-12-10 16:30:00,4204.66769,4214.08463,4204.66769,4210.86451
2025-12-10 17:00:00,4210.86015,4212.08365,4204.65744,4207.2849
2025-12-10 17:30:00,4207.1872,4208.13576,4203.88506,4207.39214
2025-12-10 18:00:00,4207.32222,4209.362,4205.34305,4206.97829
2025-12-10 18:30:00,4206.83285,4208.20578,4203.84877,4203.84877
2025-12-10 19:00:00,4203.91217,4206.92266,4200.64102,4204.16895
2025-12-10 19:30:00,4204.07985,4204.13743,4197.64341,4197.64341
2025-12-10 20:00:00,4197.6485,4200.11211,4195.55456,4197.93414
2025-12-10 20:30:00,4197.96474,4198.19692,4192.4956,4194.13809
2025-12-10 21:00:00,4194.04029,4196.58855,4192.36821,4192.97727
2025-12-10 21:30:00,4192.82672,4194.13338,4188.82842,4193.59145
2025-12-10 22:00:00,4193.55898,4195.96549,4192.81881,4194.63239
2025-12-10 22:30:00,4194.585,4197.92872,4194.08557,4197.62462
2025-12-10 23:00:00,4197.60819,4202.262,4197.27271,4197.86044
2025-12-10 23:30:00,4197.82457,4199.03218,4195.84872,4196.15594
2025-12-11 00:00:00,4195.96133,4199.59222,4193.19944,4198.31996
2025-12-11 00:30:00,4198.28754,4203.92528,4196.63987,4201.3999
2025-12-11 01:00:00,4201.40217,4206.5259,4196.15329,4196.22905
2025-12-11 01:30:00,4196.10379,4201.70981,4192.33933,4194.51939
2025-12-11 02:00:00,4194.71649,4200.81689,4186.88747,4196.50414
2025-12-11 02:30:00,4196.44941,4198.4612,4190.84396,4192.73867
2025-12-11 03:00:00,4192.63148,4200.68724,4192.63148,4200.68724
2025-12-11 03:30:00,4200.72152,4205.21141,4199.41855,4204.59403
2025-12-11 04:00:00,4204.60726,4204.63396,4199.79923,4201.49402
2025-12-11 04:30:00,4201.32958,4202.69006,4197.30079,4199.72693
2025-12-11 05:00:00,4199.62406,4200.62667,4193.22955,4196.43908
2025-12-11 05:30:00,4196.51891,4196.71413,4192.46903,4195.10861
2025-12-11 06:00:00,4195.38049,4219.56716,4195.12884,4197.91175
2025-12-11 06:30:00,4197.9106,4215.85221,4182.65249,4215.85221
2025-12-11 07:00:00,4215.87471,4238.50478,4213.78851,4231.96296
2025-12-11 07:30:00,4232.0563,4236.25639,4230.66556,4230.80971
2025-12-11 08:00:00,4230.73084,4232.24654,4222.93437,4226.29023
2025-12-11 08:30:00,4226.37136,4229.47465,4226.13277,4228.55598
2025-12-11 09:00:00,4228.52333,4228.84088,4228.31303,4228.69874
2025-12-11 09:30:00,4228.64788,4228.91198,4228.61095,4228.6989
2025-12-11 10:00:00,4228.67695,4230.63623,4224.38012,4225.56476
2025-12-11 10:30:00,4225.69909,4233.53624,4225.4692,4232.28133
2025-12-11 11:00:00,4232.20572,4244.84027,4232.20572,4240.7754
2025-12-11 11:30:00,4240.58951,4243.45712,4234.84758,4236.08136
2025-12-11 12:00:00,4235.52439,4246.81092,4235.52439,4236.31518
2025-12-11 12:30:00,4236.28055,4240.86217,4233.40449,4238.45057
2025-12-11 13:00:00,4238.359,4241.15562,4230.83318,4230.83318
2025-12-11 13:30:00,4230.92138,4230.92138,4222.03153,4223.3849
2025-12-11 14:00:00,4223.40709,4224.86867,4207.74954,4212.48295
2025-12-11 14:30:00,4212.35253,4219.3492,4212.35253,4216.93536
2025-12-11 15:00:00,4217.07507,4218.26372,4211.11157,4211.85161
2025-12-11 15:30:00,4211.6702,4215.88448,4208.30885,4213.97878
2025-12-11 16:00:00,4213.95409,4216.11609,4210.4315,4212.24457
2025-12-11 16:30:00,4212.25036,4212.30482,4205.8866,4207.8289
2025-12-11 17:00:00,4207.62504,4215.80665,4204.46736,4213.45163
2025-12-11 17:30:00,4213.4362,4214.9806,4212.26303,4214.58795
2025-12-11 18:00:00,4214.57464,4214.59969,4210.9696,4213.59684
2025-12-11 18:30:00,4213.57382,4218.7636,4211.05869,4216.41584
2025-12-11 19:00:00,4216.35176,4217.54464,4213.64196,4214.75859
2025-12-11 19:30:00,4214.74094,4219.65216,4214.38329,4216.73127
2025-12-11 20:00:00,4216.56581,4217.19975,4210.85264,4214.56667
2025-12-11 20:30:00,4214.52721,4220.88126,4214.27607,4218.88267
2025-12-11 21:00:00,4218.85683,4225.45599,4216.73662,4217.42503
2025-12-11 21:30:00,4217.28544,4218.86823,4213.28303,4217.28282
2025-12-11 22:00:00,4217.21217,4219.47667,4214.93639,4215.24326
2025-12-11 22:30:00,4215.28234,4215.32531,4210.76371,4211.58849
2025-12-11 23:00:00,4211.50242,4218.09049,4208.87076,4218.03024
2025-12-11 23:30:00,4218.07851,4220.36535,4217.12107,4220.1253
2025-12-12 00:00:00,4220.25702,4222.13141,4206.94669,4213.45346
2025-12-12 00:30:00,4213.3056,4222.24098,4209.53501,4220.65457
2025-12-12 01:00:00,4220.79209,4231.90353,4217.91431,4229.52628
2025-12-12 01:30:00,4229.62441,4243.06806,4229.53358,4230.69999
2025-12-12 02:00:00,4230.52433,4243.21109,4228.34951,4238.84476
2025-12-12 02:30:00,4238.70677,4260.85641,4238.70677,4253.80102
2025-12-12 03:00:00,4253.58896,4261.39179,4252.92914,4257.9907
2025-12-12 03:30:00,4257.98178,4278.33078,4256.50182,4274.60657
2025-12-12 04:00:00,4274.69483,4280.50914,4273.58248,4276.68581
2025-12-12 04:30:00,4276.56231,4278.52883,4272.2853,4278.1731
2025-12-12 05:00:00,4278.20984,4287.12029,4278.13694,4282.51698
2025-12-12 05:30:00,4282.5726,4283.24796,4266.02571,4268.3929
2025-12-12 06:00:00,4268.21011,4273.87922,4263.38615,4272.91659
2025-12-12 06:30:00,4272.75854,4277.74535,4271.97608,4273.56204
2025-12-12 07:00:00,4273.60179,4273.83972,4262.88495,4268.26857
2025-12-12 07:30:00,4268.54463,4276.22377,4268.09535,4276.13951
2025-12-12 08:00:00,4276.14857,4280.2733,4273.12769,4279.47135
2025-12-12 08:30:00,4279.40675,4283.44937,4277.90158,4279.81769
2025-12-12 09:00:00,4279.87033,4280.14804,4279.60072,4279.85629
2025-12-12 09:30:00,4279.76701,4280.58076,4279.43081,4280.58076
2025-12-12 10:00:00,4280.45679,4283.23275,4278.18495,4279.25805
2025-12-12 10:30:00,4279.02634,4280.4201,4273.52571,4275.29004
2025-12-12 11:00:00,4274.95706,4279.62225,4273.93877,4278.50319
2025-12-12 11:30:00,4278.5195,4278.73059,4270.6037,4270.6037
2025-12-12 12:00:00,4270.51383,4275.94363,4265.62482,4266.025
2025-12-12 12:30:00,4265.89069,4273.57549,4265.19011,4271.2236
2025-12-12 13:00:00,4271.08651,4276.93101,4271.08491,4273.49318
2025-12-12 13:30:00,4273.20157,4276.50404,4270.14222,4270.37007
2025-12-12 14:00:00,4270.22253,4275.02236,4268.94305,4269.65317
2025-12-12 14:30:00,4269.64543,4273.40293,4269.18665,4271.03266
2025-12-12 15:00:00,4270.99525,4271.19974,4267.5114,4268.43339
2025-12-12 15:30:00,4268.31656,4268.6017,4266.50962,4266.92709
2025-12-12 16:00:00,4266.8669,4275.94518,4266.71138,4275.04179
2025-12-12 16:30:00,4274.88319,4280.27575,4274.88319,4279.41173
2025-12-12 17:00:00,4279.32508,4281.49349,4276.51964,4281.24492
2025-12-12 17:30:00,4281.25709,4283.21228,4280.16909,4282.9132
2025-12-12 18:00:00,4282.89319,4288.01087,4281.92518,4285.85628
2025-12-12 18:30:00,4285.85693,4289.95691,4283.55977,4286.8777
2025-12-12 19:00:00,4287.03347,4296.09531,4286.78505,4294.73835
2025-12-12 19:30:00,4294.68302,4309.35637,4294.68302,4308.81524
2025-12-12 20:00:00,4308.7172,4317.50939,4308.1575,4314.07341
2025-12-12 20:30:00,4314.08705,4319.86993,4308.37124,4318.47955
2025-12-12 21:00:00,4318.5894,4321.11097,4315.24646,4318.58664
2025-12-12 21:30:00,4318.38611,4331.08198,4317.91621,4329.51123
2025-12-12 22:00:00,4329.54413,4339.00205,4327.35586,4334.05696
2025-12-12 22:30:00,4333.91563,4339.50677,4331.28445,4337.97495
2025-12-12 23:00:00,4337.91068,4338.37739,4330.81173,4332.57817
2025-12-12 23:30:00,4332.43643,4333.40905,4324.14396,4326.92055
2025-12-13 00:00:00,4327.10499,4340.18719,4324.03552,4335.73416
2025-12-13 00:30:00,4334.9666,4346.2671,4330.96637,4340.76273
2025-12-13 01:00:00,4340.70857,4344.73461,4339.42382,4342.64514
2025-12-13 01:30:00,4341.79952,4352.66531,4333.55582,4349.76009
2025-12-13 02:00:00,4350.33631,4350.33631,4302.09112,4302.09112
2025-12-13 02:30:00,4302.02982,4322.22707,4283.06741,4287.31759
2025-12-13 03:00:00,4286.39878,4293.58144,4271.11303,4291.40412
2025-12-13 03:30:00,4291.14887,4291.41571,4259.01477,4280.15336
2025-12-13 04:00:00,4279.96361,4289.45126,4272.83848,4281.05601
2025-12-13 04:30:00,4281.21777,4297.81622,4281.06073,4294.92892
2025-12-13 05:00:00,4294.93344,4303.75983,4292.64879,4296.26145
2025-12-13 05:30:00,4296.19323,4300.30482,4288.9836,4295.08707
2025-12-13 06:00:00,4295.06989,4298.42902,4291.11193,4296.03096
2025-12-13 06:30:00,4295.76477,4298.80074,4294.64398,4296.83443
2025-12-13 07:00:00,4296.78407,4303.02937,4290.16161,4294.30745
2025-12-13 07:30:00,4294.30606,4302.47182,4289.06841,4299.95003
2025-12-13 08:00:00,4299.97673,4303.51318,4298.60284,4303.23196
2025-12-13 08:30:00,4303.20318,4304.4202,4300.84421,4301.77584
2025-12-13 09:00:00,4301.62934,4302.61389,4301.62934,4302.39032
2025-12-13 09:30:00,4302.42244,4302.61172,4302.36927,4302.52653
2025-12-13 10:00:00,4302.42984,4302.61348,4302.3637,4302.38962
2025-12-13 10:30:00,4302.42058,4302.59865,4302.35135,4302.50425
2025-12-13 11:00:00,4302.41133,4302.61295,4302.35807,4302.4005
2025-12-13 11:30:00,4302.42284,4302.59578,4302.34612,4302.50225
2025-12-13 12:00:00,4302.41725,4302.61532,4302.35666,4302.39195
2025-12-13 12:30:00,4302.40653,4302.61873,4302.35311,4302.49281
2025-12-13 13:00:00,4302.41873,4302.60988,4302.3604,4302.41771
2025-12-13 13:30:00,4302.42058,4302.61942,4302.35661,4302.47857
2025-12-13 14:00:00,4302.41873,4302.60594,4302.35862,4302.43324
2025-12-13 14:30:00,4302.42088,4302.60988,4302.36271,4302.45397
2025-12-13 15:00:00,4302.41237,4302.60595,4302.34724,4302.4483
2025-12-13 15:30:00,4302.41873,4302.60778,4302.3585,4302.44909
2025-12-13 16:00:00,4302.42244,4302.60917,4302.35054,4302.46541
2025-12-13 16:30:00,4302.41859,4302.60609,4302.36036,4302.42851
2025-12-13 17:00:00,4302.41873,4302.613,4302.36366,4302.48304
2025-12-13 17:30:00,4302.42058,4302.60595,4302.36037,4302.41344
2025-12-13 18:00:00,4302.41873,4302.61685,4302.35899,4302.49684
2025-12-13 18:30:00,4302.42058,4302.60778,4302.36295,4302.40686
2025-12-13 19:00:00,4302.42438,4302.60698,4302.36062,4302.50596
2025-12-13 19:30:00,4302.41873,4302.6119,4302.36295,4302.39396
2025-12-13 20:00:00,4302.42058,4302.61174,4302.36579,4302.51829
2025-12-13 20:30:00,4302.42384,4302.61391,4302.35526,4302.39288
2025-12-13 21:00:00,4302.42402,4302.60777,4302.36572,4302.52106
2025-12-13 21:30:00,4302.4237,4302.61544,4302.36245,4302.3887
2025-12-13 22:00:00,4302.42058,4302.61119,4302.36465,4302.51739
2025-12-13 22:30:00,4302.42244,4302.60961,4302.36234,4302.39279
2025-12-13 23:00:00,4302.41915,4302.61383,4302.35898,4302.5132
2025-12-13 23:30:00,4302.42613,4302.61144,4302.35747,4302.40463
